Timestamp,PM2.5,PM10,NO,NO2,NOx,NH3,SO2,CO,Ozone,Benzene,Toluene,Xylene,O_Xylene,Eth_Benzene,MP_Xylene,AT,RH,WS,WD,RF,TOT_RF,SR,BP,VWS,Year,Month,Month_Name,Day,DayOfWeek,Is_Weekend,Season,PM2.5_PM10_ratio,BTX_Total,Toluene_Benzene_ratio,Ventilation_Index_Proxy,Valid_Criteria_Count,Has_PM,Is_AQI_Valid_Day,SubIndex_PM2.5,SubIndex_PM10,SubIndex_NO2,SubIndex_NH3,SubIndex_SO2,SubIndex_CO,SubIndex_Ozone,AQI,Dominant_Pollutant,AQI_Category
2017-01-01,,,,,,,,,,,,,,,,,,,,,0.0,,,,2017,1,Jan,1,Sunday,1,Winter,,,,,0,False,False,,,,,,,,,None,Unknown
2017-01-02,,,,,,,,,,,,,,,,,,,,,0.0,,,,2017,1,Jan,2,Monday,0,Winter,,,,,0,False,False,,,,,,,,,None,Unknown
2017-01-03,,,,,,,,,,,,,,,,,,,,,0.0,,,,2017,1,Jan,3,Tuesday,0,Winter,,,,,0,False,False,,,,,,,,,None,Unknown
2017-01-04,,,,,,,,,,,,,,,,,,,,,0.0,,,,2017,1,Jan,4,Wednesday,0,Winter,,,,,0,False,False,,,,,,,,,None,Unknown
2017-01-05,,,,,,,,,,,,,,,,,,,,,0.0,,,,2017,1,Jan,5,Thursday,0,Winter,,,,,0,False,False,,,,,,,,,None,Unknown
2017-01-06,,,,,,,,,,,,,,,,,,,,,0.0,,,,2017,1,Jan,6,Friday,0,Winter,,,,,0,False,False,,,,,,,,,None,Unknown
2017-01-07,,,,,,,,,,,,,,,,,,,,,0.0,,,,2017,1,Jan,7,Saturday,1,Winter,,,,,0,False,False,,,,,,,,,None,Unknown
2017-01-08,,,,,,,,,,,,,,,,,,,,,0.0,,,,2017,1,Jan,8,Sunday,1,Winter,,,,,0,False,False,,,,,,,,,None,Unknown
2017-01-09,,,,,,,,,,,,,,,,,,,,,0.0,,,,2017,1,Jan,9,Monday,0,Winter,,,,,0,False,False,,,,,,,,,None,Unknown
2017-01-10,,,,,,,,,,,,,,,,,,,,,0.0,,,,2017,1,Jan,10,Tuesday,0,Winter,,,,,0,False,False,,,,,,,,,None,Unknown
2017-01-11,,,,,,,,,,,,,,,,,,,,,0.0,,,,2017,1,Jan,11,Wednesday,0,Winter,,,,,0,False,False,,,,,,,,,None,Unknown
2017-01-12,,,,,,,,,,,,,,,,,,,,,0.0,,,,2017,1,Jan,12,Thursday,0,Winter,,,,,0,False,False,,,,,,,,,None,Unknown
2017-01-13,,,,,,,,,,,,,,,,,,,,,0.0,,,,2017,1,Jan,13,Friday,0,Winter,,,,,0,False,False,,,,,,,,,None,Unknown
2017-01-14,,,,,,,,,,,,,,,,,,,,,0.0,,,,2017,1,Jan,14,Saturday,1,Winter,,,,,0,False,False,,,,,,,,,None,Unknown
2017-01-15,,,,,,,,,,,,,,,,,,,,,0.0,,,,2017,1,Jan,15,Sunday,1,Winter,,,,,0,False,False,,,,,,,,,None,Unknown
2017-01-16,,,,,,,,,,,,,,,,,,,,,0.0,,,,2017,1,Jan,16,Monday,0,Winter,,,,,0,False,False,,,,,,,,,None,Unknown
2017-01-17,,,,,,,,,,,,,,,,,,,,,0.0,,,,2017,1,Jan,17,Tuesday,0,Winter,,,,,0,False,False,,,,,,,,,None,Unknown
2017-01-18,,,,,,,,,,,,,,,,,,,,,0.0,,,,2017,1,Jan,18,Wednesday,0,Winter,,,,,0,False,False,,,,,,,,,None,Unknown
2017-01-19,,,,,,,,,,,,,,,,,,,,,0.0,,,,2017,1,Jan,19,Thursday,0,Winter,,,,,0,False,False,,,,,,,,,None,Unknown
2017-01-20,,,,,,,,,,,,,,,,,,,,,0.0,,,,2017,1,Jan,20,Friday,0,Winter,,,,,0,False,False,,,,,,,,,None,Unknown
2017-01-21,,,,,,,,,,,,,,,,,,,,,0.0,,,,2017,1,Jan,21,Saturday,1,Winter,,,,,0,False,False,,,,,,,,,None,Unknown
2017-01-22,,,,,,,,,,,,,,,,,,,,,0.0,,,,2017,1,Jan,22,Sunday,1,Winter,,,,,0,False,False,,,,,,,,,None,Unknown
2017-01-23,,,,,,,,,,,,,,,,,,,,,0.0,,,,2017,1,Jan,23,Monday,0,Winter,,,,,0,False,False,,,,,,,,,None,Unknown
2017-01-24,,,,,,,,,,,,,,,,,,,,,0.0,,,,2017,1,Jan,24,Tuesday,0,Winter,,,,,0,False,False,,,,,,,,,None,Unknown
2017-01-25,,,,,,,,,,,,,,,,,,,,,0.0,,,,2017,1,Jan,25,Wednesday,0,Winter,,,,,0,False,False,,,,,,,,,None,Unknown
2017-01-26,,,,,,,,,,,,,,,,,,,,,0.0,,,,2017,1,Jan,26,Thursday,0,Winter,,,,,0,False,False,,,,,,,,,None,Unknown
2017-01-27,,,,,,,,,,,,,,,,,,,,,0.0,,,,2017,1,Jan,27,Friday,0,Winter,,,,,0,False,False,,,,,,,,,None,Unknown
2017-01-28,,,,,,,,,,,,,,,,,,,,,0.0,,,,2017,1,Jan,28,Saturday,1,Winter,,,,,0,False,False,,,,,,,,,None,Unknown
2017-01-29,,,,,,,,,,,,,,,,,,,,,0.0,,,,2017,1,Jan,29,Sunday,1,Winter,,,,,0,False,False,,,,,,,,,None,Unknown
2017-01-30,,,,,,,,,,,,,,,,,,,,,0.0,,,,2017,1,Jan,30,Monday,0,Winter,,,,,0,False,False,,,,,,,,,None,Unknown
2017-01-31,,,,,,,,,,,,,,,,,,,,,0.0,,,,2017,1,Jan,31,Tuesday,0,Winter,,,,,0,False,False,,,,,,,,,None,Unknown
2017-02-01,,,,,,,,,,,,,,,,,,,,,0.0,,,,2017,2,Feb,1,Wednesday,0,Winter,,,,,0,False,False,,,,,,,,,None,Unknown
2017-02-02,,,,,,,,,,,,,,,,,,,,,0.0,,,,2017,2,Feb,2,Thursday,0,Winter,,,,,0,False,False,,,,,,,,,None,Unknown
2017-02-03,,,,,,,,,,,,,,,,,,,,,0.0,,,,2017,2,Feb,3,Friday,0,Winter,,,,,0,False,False,,,,,,,,,None,Unknown
2017-02-04,,,,,,,,,,,,,,,,,,,,,0.0,,,,2017,2,Feb,4,Saturday,1,Winter,,,,,0,False,False,,,,,,,,,None,Unknown
2017-02-05,,,,,,,,,,,,,,,,,,,,,0.0,,,,2017,2,Feb,5,Sunday,1,Winter,,,,,0,False,False,,,,,,,,,None,Unknown
2017-02-06,,,,,,,,,,,,,,,,,,,,,0.0,,,,2017,2,Feb,6,Monday,0,Winter,,,,,0,False,False,,,,,,,,,None,Unknown
2017-02-07,,,,,,,,,,,,,,,,,,,,,0.0,,,,2017,2,Feb,7,Tuesday,0,Winter,,,,,0,False,False,,,,,,,,,None,Unknown
2017-02-08,,,,,,,,,,,,,,,,,,,,,0.0,,,,2017,2,Feb,8,Wednesday,0,Winter,,,,,0,False,False,,,,,,,,,None,Unknown
2017-02-09,,,,,,,,,,,,,,,,,,,,,0.0,,,,2017,2,Feb,9,Thursday,0,Winter,,,,,0,False,False,,,,,,,,,None,Unknown
2017-02-10,,,,,,,,,,,,,,,,,,,,,0.0,,,,2017,2,Feb,10,Friday,0,Winter,,,,,0,False,False,,,,,,,,,None,Unknown
2017-02-11,,,,,,,,,,,,,,,,,,,,,0.0,,,,2017,2,Feb,11,Saturday,1,Winter,,,,,0,False,False,,,,,,,,,None,Unknown
2017-02-12,,,,,,,,,,,,,,,,,,,,,0.0,,,,2017,2,Feb,12,Sunday,1,Winter,,,,,0,False,False,,,,,,,,,None,Unknown
2017-02-13,,,,,,,,,,,,,,,,,,,,,0.0,,,,2017,2,Feb,13,Monday,0,Winter,,,,,0,False,False,,,,,,,,,None,Unknown
2017-02-14,,,,,,,,,,,,,,,,,,,,,0.0,,,,2017,2,Feb,14,Tuesday,0,Winter,,,,,0,False,False,,,,,,,,,None,Unknown
2017-02-15,,,,,,,,,,,,,,,,,,,,,0.0,,,,2017,2,Feb,15,Wednesday,0,Winter,,,,,0,False,False,,,,,,,,,None,Unknown
2017-02-16,,,,,,,,,,,,,,,,,,,,,0.0,,,,2017,2,Feb,16,Thursday,0,Winter,,,,,0,False,False,,,,,,,,,None,Unknown
2017-02-17,,,,,,,,,,,,,,,,,,,,,0.0,,,,2017,2,Feb,17,Friday,0,Winter,,,,,0,False,False,,,,,,,,,None,Unknown
2017-02-18,,,,,,,,,,,,,,,,,,,,,0.0,,,,2017,2,Feb,18,Saturday,1,Winter,,,,,0,False,False,,,,,,,,,None,Unknown
2017-02-19,,,,,,,,,,,,,,,,,,,,,0.0,,,,2017,2,Feb,19,Sunday,1,Winter,,,,,0,False,False,,,,,,,,,None,Unknown
2017-02-20,,,,,,,,,,,,,,,,,,,,,0.0,,,,2017,2,Feb,20,Monday,0,Winter,,,,,0,False,False,,,,,,,,,None,Unknown
2017-02-21,,,,,,,,,,,,,,,,,,,,,0.0,,,,2017,2,Feb,21,Tuesday,0,Winter,,,,,0,False,False,,,,,,,,,None,Unknown
2017-02-22,,,,,,,,,,,,,,,,,,,,,0.0,,,,2017,2,Feb,22,Wednesday,0,Winter,,,,,0,False,False,,,,,,,,,None,Unknown
2017-02-23,,,,,,,,,,,,,,,,,,,,,0.0,,,,2017,2,Feb,23,Thursday,0,Winter,,,,,0,False,False,,,,,,,,,None,Unknown
2017-02-24,,,,,,,,,,,,,,,,,,,,,0.0,,,,2017,2,Feb,24,Friday,0,Winter,,,,,0,False,False,,,,,,,,,None,Unknown
2017-02-25,,,,,,,,,,,,,,,,,,,,,0.0,,,,2017,2,Feb,25,Saturday,1,Winter,,,,,0,False,False,,,,,,,,,None,Unknown
2017-02-26,,,,,,,,,,,,,,,,,,,,,0.0,,,,2017,2,Feb,26,Sunday,1,Winter,,,,,0,False,False,,,,,,,,,None,Unknown
2017-02-27,,,,,,,,,,,,,,,,,,,,,0.0,,,,2017,2,Feb,27,Monday,0,Winter,,,,,0,False,False,,,,,,,,,None,Unknown
2017-02-28,,,,,,,,,,,,,,,,,,,,,0.0,,,,2017,2,Feb,28,Tuesday,0,Winter,,,,,0,False,False,,,,,,,,,None,Unknown
2017-03-01,,,,,,,,,,,,,,,,,,,,,0.0,,,,2017,3,Mar,1,Wednesday,0,Summer,,,,,0,False,False,,,,,,,,,None,Unknown
2017-03-02,,,,,,,,,,,,,,,,,,,,,0.0,,,,2017,3,Mar,2,Thursday,0,Summer,,,,,0,False,False,,,,,,,,,None,Unknown
2017-03-03,,,,,,,,,,,,,,,,,,,,,0.0,,,,2017,3,Mar,3,Friday,0,Summer,,,,,0,False,False,,,,,,,,,None,Unknown
2017-03-04,,,,,,,,,,,,,,,,,,,,,0.0,,,,2017,3,Mar,4,Saturday,1,Summer,,,,,0,False,False,,,,,,,,,None,Unknown
2017-03-05,,,,,,,,,,,,,,,,,,,,,0.0,,,,2017,3,Mar,5,Sunday,1,Summer,,,,,0,False,False,,,,,,,,,None,Unknown
2017-03-06,,,,,,,,,,,,,,,,,,,,,0.0,,,,2017,3,Mar,6,Monday,0,Summer,,,,,0,False,False,,,,,,,,,None,Unknown
2017-03-07,,,,,,,,,,,,,,,,,,,,,0.0,,,,2017,3,Mar,7,Tuesday,0,Summer,,,,,0,False,False,,,,,,,,,None,Unknown
2017-03-08,,,,,,,,,,,,,,,,,,,,,0.0,,,,2017,3,Mar,8,Wednesday,0,Summer,,,,,0,False,False,,,,,,,,,None,Unknown
2017-03-09,,,,,,,,,,,,,,,,,,,,,0.0,,,,2017,3,Mar,9,Thursday,0,Summer,,,,,0,False,False,,,,,,,,,None,Unknown
2017-03-10,,,,,,,,,,,,,,,,,,,,,0.0,,,,2017,3,Mar,10,Friday,0,Summer,,,,,0,False,False,,,,,,,,,None,Unknown
2017-03-11,,,,,,,,,,,,,,,,,,,,,0.0,,,,2017,3,Mar,11,Saturday,1,Summer,,,,,0,False,False,,,,,,,,,None,Unknown
2017-03-12,,,,,,,,,,,,,,,,,,,,,0.0,,,,2017,3,Mar,12,Sunday,1,Summer,,,,,0,False,False,,,,,,,,,None,Unknown
2017-03-13,,,,,,,,,,,,,,,,,,,,,0.0,,,,2017,3,Mar,13,Monday,0,Summer,,,,,0,False,False,,,,,,,,,None,Unknown
2017-03-14,,,,,,,,,,,,,,,,,,,,,0.0,,,,2017,3,Mar,14,Tuesday,0,Summer,,,,,0,False,False,,,,,,,,,None,Unknown
2017-03-15,,,,,,,,,,,,,,,,,,,,,0.0,,,,2017,3,Mar,15,Wednesday,0,Summer,,,,,0,False,False,,,,,,,,,None,Unknown
2017-03-16,,,,,,,,,,,,,,,,,,,,,0.0,,,,2017,3,Mar,16,Thursday,0,Summer,,,,,0,False,False,,,,,,,,,None,Unknown
2017-03-17,,,,,,,,,,,,,,,,,,,,,0.0,,,,2017,3,Mar,17,Friday,0,Summer,,,,,0,False,False,,,,,,,,,None,Unknown
2017-03-18,,,,,,,,,,,,,,,,,,,,,0.0,,,,2017,3,Mar,18,Saturday,1,Summer,,,,,0,False,False,,,,,,,,,None,Unknown
2017-03-19,,,,,,,,,,,,,,,,,,,,,0.0,,,,2017,3,Mar,19,Sunday,1,Summer,,,,,0,False,False,,,,,,,,,None,Unknown
2017-03-20,,,,,,,,,,,,,,,,,,,,,0.0,,,,2017,3,Mar,20,Monday,0,Summer,,,,,0,False,False,,,,,,,,,None,Unknown
2017-03-21,,,,,,,,,,,,,,,,,,,,,0.0,,,,2017,3,Mar,21,Tuesday,0,Summer,,,,,0,False,False,,,,,,,,,None,Unknown
2017-03-22,,,,,,,,,,,,,,,,,,,,,0.0,,,,2017,3,Mar,22,Wednesday,0,Summer,,,,,0,False,False,,,,,,,,,None,Unknown
2017-03-23,,,,,,,,,,,,,,,,,,,,,0.0,,,,2017,3,Mar,23,Thursday,0,Summer,,,,,0,False,False,,,,,,,,,None,Unknown
2017-03-24,,,,,,,,,,,,,,,,,,,,,0.0,,,,2017,3,Mar,24,Friday,0,Summer,,,,,0,False,False,,,,,,,,,None,Unknown
2017-03-25,,,,,,,,,,,,,,,,,,,,,0.0,,,,2017,3,Mar,25,Saturday,1,Summer,,,,,0,False,False,,,,,,,,,None,Unknown
2017-03-26,,,,,,,,,,,,,,,,,,,,,0.0,,,,2017,3,Mar,26,Sunday,1,Summer,,,,,0,False,False,,,,,,,,,None,Unknown
2017-03-27,,,,,,,,,,,,,,,,,,,,,0.0,,,,2017,3,Mar,27,Monday,0,Summer,,,,,0,False,False,,,,,,,,,None,Unknown
2017-03-28,,,,,,,,,,,,,,,,,,,,,0.0,,,,2017,3,Mar,28,Tuesday,0,Summer,,,,,0,False,False,,,,,,,,,None,Unknown
2017-03-29,,,,,,,,,,,,,,,,,,,,,0.0,,,,2017,3,Mar,29,Wednesday,0,Summer,,,,,0,False,False,,,,,,,,,None,Unknown
2017-03-30,,,,,,,,,,,,,,,,,,,,,0.0,,,,2017,3,Mar,30,Thursday,0,Summer,,,,,0,False,False,,,,,,,,,None,Unknown
2017-03-31,,,,,,,,,,,,,,,,,,,,,0.0,,,,2017,3,Mar,31,Friday,0,Summer,,,,,0,False,False,,,,,,,,,None,Unknown
2017-04-01,,,,,,,,,,,,,,,,,,,,,0.0,,,,2017,4,Apr,1,Saturday,1,Summer,,,,,0,False,False,,,,,,,,,None,Unknown
2017-04-02,,,,,,,,,,,,,,,,,,,,,0.0,,,,2017,4,Apr,2,Sunday,1,Summer,,,,,0,False,False,,,,,,,,,None,Unknown
2017-04-03,,,,,,,,,,,,,,,,,,,,,0.0,,,,2017,4,Apr,3,Monday,0,Summer,,,,,0,False,False,,,,,,,,,None,Unknown
2017-04-04,,,,,,,,,,,,,,,,,,,,,0.0,,,,2017,4,Apr,4,Tuesday,0,Summer,,,,,0,False,False,,,,,,,,,None,Unknown
2017-04-05,,,,,,,,,,,,,,,,,,,,,0.0,,,,2017,4,Apr,5,Wednesday,0,Summer,,,,,0,False,False,,,,,,,,,None,Unknown
2017-04-06,,,,,,,,,,,,,,,,,,,,,0.0,,,,2017,4,Apr,6,Thursday,0,Summer,,,,,0,False,False,,,,,,,,,None,Unknown
2017-04-07,,,,,,,,,,,,,,,,,,,,,0.0,,,,2017,4,Apr,7,Friday,0,Summer,,,,,0,False,False,,,,,,,,,None,Unknown
2017-04-08,,,,,,,,,,,,,,,,,,,,,0.0,,,,2017,4,Apr,8,Saturday,1,Summer,,,,,0,False,False,,,,,,,,,None,Unknown
2017-04-09,,,,,,,,,,,,,,,,,,,,,0.0,,,,2017,4,Apr,9,Sunday,1,Summer,,,,,0,False,False,,,,,,,,,None,Unknown
2017-04-10,,,,,,,,,,,,,,,,,,,,,0.0,,,,2017,4,Apr,10,Monday,0,Summer,,,,,0,False,False,,,,,,,,,None,Unknown
2017-04-11,,,,,,,,,,,,,,,,,,,,,0.0,,,,2017,4,Apr,11,Tuesday,0,Summer,,,,,0,False,False,,,,,,,,,None,Unknown
2017-04-12,,,,,,,,,,,,,,,,,,,,,0.0,,,,2017,4,Apr,12,Wednesday,0,Summer,,,,,0,False,False,,,,,,,,,None,Unknown
2017-04-13,,,,,,,,,,,,,,,,,,,,,0.0,,,,2017,4,Apr,13,Thursday,0,Summer,,,,,0,False,False,,,,,,,,,None,Unknown
2017-04-14,,,,,,,,,,,,,,,,,,,,,0.0,,,,2017,4,Apr,14,Friday,0,Summer,,,,,0,False,False,,,,,,,,,None,Unknown
2017-04-15,,,,,,,,,,,,,,,,,,,,,0.0,,,,2017,4,Apr,15,Saturday,1,Summer,,,,,0,False,False,,,,,,,,,None,Unknown
2017-04-16,,,,,,,,,,,,,,,,,,,,,0.0,,,,2017,4,Apr,16,Sunday,1,Summer,,,,,0,False,False,,,,,,,,,None,Unknown
2017-04-17,,,,,,,,,,,,,,,,,,,,,0.0,,,,2017,4,Apr,17,Monday,0,Summer,,,,,0,False,False,,,,,,,,,None,Unknown
2017-04-18,,,,,,,,,,,,,,,,,,,,,0.0,,,,2017,4,Apr,18,Tuesday,0,Summer,,,,,0,False,False,,,,,,,,,None,Unknown
2017-04-19,,,,,,,,,,,,,,,,,,,,,0.0,,,,2017,4,Apr,19,Wednesday,0,Summer,,,,,0,False,False,,,,,,,,,None,Unknown
2017-04-20,,,,,,,,,,,,,,,,,,,,,0.0,,,,2017,4,Apr,20,Thursday,0,Summer,,,,,0,False,False,,,,,,,,,None,Unknown
2017-04-21,,,,,,,,,,,,,,,,,,,,,0.0,,,,2017,4,Apr,21,Friday,0,Summer,,,,,0,False,False,,,,,,,,,None,Unknown
2017-04-22,,,,,,,,,,,,,,,,,,,,,0.0,,,,2017,4,Apr,22,Saturday,1,Summer,,,,,0,False,False,,,,,,,,,None,Unknown
2017-04-23,,,,,,,,,,,,,,,,,,,,,0.0,,,,2017,4,Apr,23,Sunday,1,Summer,,,,,0,False,False,,,,,,,,,None,Unknown
2017-04-24,,,,,,,,,,,,,,,,,,,,,0.0,,,,2017,4,Apr,24,Monday,0,Summer,,,,,0,False,False,,,,,,,,,None,Unknown
2017-04-25,,,,,,,,,,,,,,,,,,,,,0.0,,,,2017,4,Apr,25,Tuesday,0,Summer,,,,,0,False,False,,,,,,,,,None,Unknown
2017-04-26,,,,,,,,,,,,,,,,,,,,,0.0,,,,2017,4,Apr,26,Wednesday,0,Summer,,,,,0,False,False,,,,,,,,,None,Unknown
2017-04-27,,,,,,,,,,,,,,,,,,,,,0.0,,,,2017,4,Apr,27,Thursday,0,Summer,,,,,0,False,False,,,,,,,,,None,Unknown
2017-04-28,,,,,,,,,,,,,,,,,,,,,0.0,,,,2017,4,Apr,28,Friday,0,Summer,,,,,0,False,False,,,,,,,,,None,Unknown
2017-04-29,,,,,,,,,,,,,,,,,,,,,0.0,,,,2017,4,Apr,29,Saturday,1,Summer,,,,,0,False,False,,,,,,,,,None,Unknown
2017-04-30,,,,,,,,,,,,,,,,,,,,,0.0,,,,2017,4,Apr,30,Sunday,1,Summer,,,,,0,False,False,,,,,,,,,None,Unknown
2017-05-01,,,,,,,,,,,,,,,,,,,,,0.0,,,,2017,5,May,1,Monday,0,Summer,,,,,0,False,False,,,,,,,,,None,Unknown
2017-05-02,,,,,,,,,,,,,,,,,,,,,0.0,,,,2017,5,May,2,Tuesday,0,Summer,,,,,0,False,False,,,,,,,,,None,Unknown
2017-05-03,,,,,,,,,,,,,,,,,,,,,0.0,,,,2017,5,May,3,Wednesday,0,Summer,,,,,0,False,False,,,,,,,,,None,Unknown
2017-05-04,,,,,,,,,,,,,,,,,,,,,0.0,,,,2017,5,May,4,Thursday,0,Summer,,,,,0,False,False,,,,,,,,,None,Unknown
2017-05-05,,,,,,,,,,,,,,,,,,,,,0.0,,,,2017,5,May,5,Friday,0,Summer,,,,,0,False,False,,,,,,,,,None,Unknown
2017-05-06,,,,,,,,,,,,,,,,,,,,,0.0,,,,2017,5,May,6,Saturday,1,Summer,,,,,0,False,False,,,,,,,,,None,Unknown
2017-05-07,,,,,,,,,,,,,,,,,,,,,0.0,,,,2017,5,May,7,Sunday,1,Summer,,,,,0,False,False,,,,,,,,,None,Unknown
2017-05-08,,,,,,,,,,,,,,,,,,,,,0.0,,,,2017,5,May,8,Monday,0,Summer,,,,,0,False,False,,,,,,,,,None,Unknown
2017-05-09,,,,,,,,,,,,,,,,,,,,,0.0,,,,2017,5,May,9,Tuesday,0,Summer,,,,,0,False,False,,,,,,,,,None,Unknown
2017-05-10,,,,,,,,,,,,,,,,,,,,,0.0,,,,2017,5,May,10,Wednesday,0,Summer,,,,,0,False,False,,,,,,,,,None,Unknown
2017-05-11,,,,,,,,,,,,,,,,,,,,,0.0,,,,2017,5,May,11,Thursday,0,Summer,,,,,0,False,False,,,,,,,,,None,Unknown
2017-05-12,,,,,,,,,,,,,,,,,,,,,0.0,,,,2017,5,May,12,Friday,0,Summer,,,,,0,False,False,,,,,,,,,None,Unknown
2017-05-13,,,,,,,,,,,,,,,,,,,,,0.0,,,,2017,5,May,13,Saturday,1,Summer,,,,,0,False,False,,,,,,,,,None,Unknown
2017-05-14,,,,,,,,,,,,,,,,,,,,,0.0,,,,2017,5,May,14,Sunday,1,Summer,,,,,0,False,False,,,,,,,,,None,Unknown
2017-05-15,,,,,,,,,,,,,,,,,,,,,0.0,,,,2017,5,May,15,Monday,0,Summer,,,,,0,False,False,,,,,,,,,None,Unknown
2017-05-16,,,,,,,,,,,,,,,,,,,,,0.0,,,,2017,5,May,16,Tuesday,0,Summer,,,,,0,False,False,,,,,,,,,None,Unknown
2017-05-17,,,,,,,,,,,,,,,,,,,,,0.0,,,,2017,5,May,17,Wednesday,0,Summer,,,,,0,False,False,,,,,,,,,None,Unknown
2017-05-18,,,,,,,,,,,,,,,,,,,,,0.0,,,,2017,5,May,18,Thursday,0,Summer,,,,,0,False,False,,,,,,,,,None,Unknown
2017-05-19,,,,,,,,,,,,,,,,,,,,,0.0,,,,2017,5,May,19,Friday,0,Summer,,,,,0,False,False,,,,,,,,,None,Unknown
2017-05-20,,,,,,,,,,,,,,,,,,,,,0.0,,,,2017,5,May,20,Saturday,1,Summer,,,,,0,False,False,,,,,,,,,None,Unknown
2017-05-21,,,,,,,,,,,,,,,,,,,,,0.0,,,,2017,5,May,21,Sunday,1,Summer,,,,,0,False,False,,,,,,,,,None,Unknown
2017-05-22,,,,,,,,,,,,,,,,,,,,,0.0,,,,2017,5,May,22,Monday,0,Summer,,,,,0,False,False,,,,,,,,,None,Unknown
2017-05-23,,,,,,,,,,,,,,,,,,,,,0.0,,,,2017,5,May,23,Tuesday,0,Summer,,,,,0,False,False,,,,,,,,,None,Unknown
2017-05-24,,,,,,,,,,,,,,,,,,,,,0.0,,,,2017,5,May,24,Wednesday,0,Summer,,,,,0,False,False,,,,,,,,,None,Unknown
2017-05-25,,,,,,,,,,,,,,,,,,,,,0.0,,,,2017,5,May,25,Thursday,0,Summer,,,,,0,False,False,,,,,,,,,None,Unknown
2017-05-26,,,,,,,,,,,,,,,,,,,,,0.0,,,,2017,5,May,26,Friday,0,Summer,,,,,0,False,False,,,,,,,,,None,Unknown
2017-05-27,,,,,,,,,,,,,,,,,,,,,0.0,,,,2017,5,May,27,Saturday,1,Summer,,,,,0,False,False,,,,,,,,,None,Unknown
2017-05-28,,,,,,,,,,,,,,,,,,,,,0.0,,,,2017,5,May,28,Sunday,1,Summer,,,,,0,False,False,,,,,,,,,None,Unknown
2017-05-29,,,,,,,,,,,,,,,,,,,,,0.0,,,,2017,5,May,29,Monday,0,Summer,,,,,0,False,False,,,,,,,,,None,Unknown
2017-05-30,,,,,,,,,,,,,,,,,,,,,0.0,,,,2017,5,May,30,Tuesday,0,Summer,,,,,0,False,False,,,,,,,,,None,Unknown
2017-05-31,,,,,,,,,,,,,,,,,,,,,0.0,,,,2017,5,May,31,Wednesday,0,Summer,,,,,0,False,False,,,,,,,,,None,Unknown
2017-06-01,,,,,,,,,,,,,,,,,,,,,0.0,,,,2017,6,Jun,1,Thursday,0,Monsoon,,,,,0,False,False,,,,,,,,,None,Unknown
2017-06-02,,,,,,,,,,,,,,,,,,,,,0.0,,,,2017,6,Jun,2,Friday,0,Monsoon,,,,,0,False,False,,,,,,,,,None,Unknown
2017-06-03,,,,,,,,,,,,,,,,,,,,,0.0,,,,2017,6,Jun,3,Saturday,1,Monsoon,,,,,0,False,False,,,,,,,,,None,Unknown
2017-06-04,,,,,,,,,,,,,,,,,,,,,0.0,,,,2017,6,Jun,4,Sunday,1,Monsoon,,,,,0,False,False,,,,,,,,,None,Unknown
2017-06-05,,,,,,,,,,,,,,,,,,,,,0.0,,,,2017,6,Jun,5,Monday,0,Monsoon,,,,,0,False,False,,,,,,,,,None,Unknown
2017-06-06,,,,,,,,,,,,,,,,,,,,,0.0,,,,2017,6,Jun,6,Tuesday,0,Monsoon,,,,,0,False,False,,,,,,,,,None,Unknown
2017-06-07,,,,,,,,,,,,,,,,,,,,,0.0,,,,2017,6,Jun,7,Wednesday,0,Monsoon,,,,,0,False,False,,,,,,,,,None,Unknown
2017-06-08,,,,,,,,,,,,,,,,,,,,,0.0,,,,2017,6,Jun,8,Thursday,0,Monsoon,,,,,0,False,False,,,,,,,,,None,Unknown
2017-06-09,,,,,,,,,,,,,,,,,,,,,0.0,,,,2017,6,Jun,9,Friday,0,Monsoon,,,,,0,False,False,,,,,,,,,None,Unknown
2017-06-10,,,,,,,,,,,,,,,,,,,,,0.0,,,,2017,6,Jun,10,Saturday,1,Monsoon,,,,,0,False,False,,,,,,,,,None,Unknown
2017-06-11,,,,,,,,,,,,,,,,,,,,,0.0,,,,2017,6,Jun,11,Sunday,1,Monsoon,,,,,0,False,False,,,,,,,,,None,Unknown
2017-06-12,,,,,,,,,,,,,,,,,,,,,0.0,,,,2017,6,Jun,12,Monday,0,Monsoon,,,,,0,False,False,,,,,,,,,None,Unknown
2017-06-13,,,,,,,,,,,,,,,,,,,,,0.0,,,,2017,6,Jun,13,Tuesday,0,Monsoon,,,,,0,False,False,,,,,,,,,None,Unknown
2017-06-14,,,,,,,,,,,,,,,,,,,,,0.0,,,,2017,6,Jun,14,Wednesday,0,Monsoon,,,,,0,False,False,,,,,,,,,None,Unknown
2017-06-15,,,,,,,,,,,,,,,,,,,,,0.0,,,,2017,6,Jun,15,Thursday,0,Monsoon,,,,,0,False,False,,,,,,,,,None,Unknown
2017-06-16,,,,,,,,,,,,,,,,,,,,,0.0,,,,2017,6,Jun,16,Friday,0,Monsoon,,,,,0,False,False,,,,,,,,,None,Unknown
2017-06-17,,,,,,,,,,,,,,,,,,,,,0.0,,,,2017,6,Jun,17,Saturday,1,Monsoon,,,,,0,False,False,,,,,,,,,None,Unknown
2017-06-18,,,,,,,,,,,,,,,,,,,,,0.0,,,,2017,6,Jun,18,Sunday,1,Monsoon,,,,,0,False,False,,,,,,,,,None,Unknown
2017-06-19,,,,,,,,,,,,,,,,,,,,,0.0,,,,2017,6,Jun,19,Monday,0,Monsoon,,,,,0,False,False,,,,,,,,,None,Unknown
2017-06-20,,,,,,,,,,,,,,,,,,,,,0.0,,,,2017,6,Jun,20,Tuesday,0,Monsoon,,,,,0,False,False,,,,,,,,,None,Unknown
2017-06-21,,,,,,,,,,,,,,,,,,,,,0.0,,,,2017,6,Jun,21,Wednesday,0,Monsoon,,,,,0,False,False,,,,,,,,,None,Unknown
2017-06-22,,,,,,,,,,,,,,,,,,,,,0.0,,,,2017,6,Jun,22,Thursday,0,Monsoon,,,,,0,False,False,,,,,,,,,None,Unknown
2017-06-23,,,,,,,,,,,,,,,,,,,,,0.0,,,,2017,6,Jun,23,Friday,0,Monsoon,,,,,0,False,False,,,,,,,,,None,Unknown
2017-06-24,,,,,,,,,,,,,,,,,,,,,0.0,,,,2017,6,Jun,24,Saturday,1,Monsoon,,,,,0,False,False,,,,,,,,,None,Unknown
2017-06-25,,,,,,,,,,,,,,,,,,,,,0.0,,,,2017,6,Jun,25,Sunday,1,Monsoon,,,,,0,False,False,,,,,,,,,None,Unknown
2017-06-26,,,,,,,,,,,,,,,,,,,,,0.0,,,,2017,6,Jun,26,Monday,0,Monsoon,,,,,0,False,False,,,,,,,,,None,Unknown
2017-06-27,,,,,,,,,,,,,,,,,,,,,0.0,,,,2017,6,Jun,27,Tuesday,0,Monsoon,,,,,0,False,False,,,,,,,,,None,Unknown
2017-06-28,,,,,,,,,,,,,,,,,,,,,0.0,,,,2017,6,Jun,28,Wednesday,0,Monsoon,,,,,0,False,False,,,,,,,,,None,Unknown
2017-06-29,,,,,,,,,,,,,,,,,,,,,0.0,,,,2017,6,Jun,29,Thursday,0,Monsoon,,,,,0,False,False,,,,,,,,,None,Unknown
2017-06-30,,,,,,,,,,,,,,,,,,,,,0.0,,,,2017,6,Jun,30,Friday,0,Monsoon,,,,,0,False,False,,,,,,,,,None,Unknown
2017-07-01,,,,,,,,,,,,,,,,,,,,,0.0,,,,2017,7,Jul,1,Saturday,1,Monsoon,,,,,0,False,False,,,,,,,,,None,Unknown
2017-07-02,,,,,,,,,,,,,,,,,,,,,0.0,,,,2017,7,Jul,2,Sunday,1,Monsoon,,,,,0,False,False,,,,,,,,,None,Unknown
2017-07-03,,,,,,,,,,,,,,,,,,,,,0.0,,,,2017,7,Jul,3,Monday,0,Monsoon,,,,,0,False,False,,,,,,,,,None,Unknown
2017-07-04,,,,,,,,,,,,,,,,,,,,,0.0,,,,2017,7,Jul,4,Tuesday,0,Monsoon,,,,,0,False,False,,,,,,,,,None,Unknown
2017-07-05,,,,,,,,,,,,,,,,,,,,,0.0,,,,2017,7,Jul,5,Wednesday,0,Monsoon,,,,,0,False,False,,,,,,,,,None,Unknown
2017-07-06,,,,,,,,,,,,,,,,,,,,,0.0,,,,2017,7,Jul,6,Thursday,0,Monsoon,,,,,0,False,False,,,,,,,,,None,Unknown
2017-07-07,,,,,,,,,,,,,,,,,,,,,0.0,,,,2017,7,Jul,7,Friday,0,Monsoon,,,,,0,False,False,,,,,,,,,None,Unknown
2017-07-08,,,,,,,,,,,,,,,,,,,,,0.0,,,,2017,7,Jul,8,Saturday,1,Monsoon,,,,,0,False,False,,,,,,,,,None,Unknown
2017-07-09,,,,,,,,,,,,,,,,,,,,,0.0,,,,2017,7,Jul,9,Sunday,1,Monsoon,,,,,0,False,False,,,,,,,,,None,Unknown
2017-07-10,,,,,,,,,,,,,,,,,,,,,0.0,,,,2017,7,Jul,10,Monday,0,Monsoon,,,,,0,False,False,,,,,,,,,None,Unknown
2017-07-11,,,,,,,,,,,,,,,,,,,,,0.0,,,,2017,7,Jul,11,Tuesday,0,Monsoon,,,,,0,False,False,,,,,,,,,None,Unknown
2017-07-12,,,,,,,,,,,,,,,,,,,,,0.0,,,,2017,7,Jul,12,Wednesday,0,Monsoon,,,,,0,False,False,,,,,,,,,None,Unknown
2017-07-13,,,,,,,,,,,,,,,,,,,,,0.0,,,,2017,7,Jul,13,Thursday,0,Monsoon,,,,,0,False,False,,,,,,,,,None,Unknown
2017-07-14,,,,,,,,,,,,,,,,,,,,,0.0,,,,2017,7,Jul,14,Friday,0,Monsoon,,,,,0,False,False,,,,,,,,,None,Unknown
2017-07-15,,,,,,,,,,,,,,,,,,,,,0.0,,,,2017,7,Jul,15,Saturday,1,Monsoon,,,,,0,False,False,,,,,,,,,None,Unknown
2017-07-16,,,,,,,,,,,,,,,,,,,,,0.0,,,,2017,7,Jul,16,Sunday,1,Monsoon,,,,,0,False,False,,,,,,,,,None,Unknown
2017-07-17,,,,,,,,,,,,,,,,,,,,,0.0,,,,2017,7,Jul,17,Monday,0,Monsoon,,,,,0,False,False,,,,,,,,,None,Unknown
2017-07-18,,,,,,,,,,,,,,,,,,,,,0.0,,,,2017,7,Jul,18,Tuesday,0,Monsoon,,,,,0,False,False,,,,,,,,,None,Unknown
2017-07-19,,,,,,,,,,,,,,,,,,,,,0.0,,,,2017,7,Jul,19,Wednesday,0,Monsoon,,,,,0,False,False,,,,,,,,,None,Unknown
2017-07-20,,,,,,,,,,,,,,,,,,,,,0.0,,,,2017,7,Jul,20,Thursday,0,Monsoon,,,,,0,False,False,,,,,,,,,None,Unknown
2017-07-21,,,,,,,,,,,,,,,,,,,,,0.0,,,,2017,7,Jul,21,Friday,0,Monsoon,,,,,0,False,False,,,,,,,,,None,Unknown
2017-07-22,,,,,,,,,,,,,,,,,,,,,0.0,,,,2017,7,Jul,22,Saturday,1,Monsoon,,,,,0,False,False,,,,,,,,,None,Unknown
2017-07-23,,,,,,,,,,,,,,,,,,,,,0.0,,,,2017,7,Jul,23,Sunday,1,Monsoon,,,,,0,False,False,,,,,,,,,None,Unknown
2017-07-24,,,,,,,,,,,,,,,,,,,,,0.0,,,,2017,7,Jul,24,Monday,0,Monsoon,,,,,0,False,False,,,,,,,,,None,Unknown
2017-07-25,,,,,,,,,,,,,,,,,,,,,0.0,,,,2017,7,Jul,25,Tuesday,0,Monsoon,,,,,0,False,False,,,,,,,,,None,Unknown
2017-07-26,,,,,,,,,,,,,,,,,,,,,0.0,,,,2017,7,Jul,26,Wednesday,0,Monsoon,,,,,0,False,False,,,,,,,,,None,Unknown
2017-07-27,,,,,,,,,,,,,,,,,,,,,0.0,,,,2017,7,Jul,27,Thursday,0,Monsoon,,,,,0,False,False,,,,,,,,,None,Unknown
2017-07-28,,,,,,,,,,,,,,,,,,,,,0.0,,,,2017,7,Jul,28,Friday,0,Monsoon,,,,,0,False,False,,,,,,,,,None,Unknown
2017-07-29,,,,,,,,,,,,,,,,,,,,,0.0,,,,2017,7,Jul,29,Saturday,1,Monsoon,,,,,0,False,False,,,,,,,,,None,Unknown
2017-07-30,,,,,,,,,,,,,,,,,,,,,0.0,,,,2017,7,Jul,30,Sunday,1,Monsoon,,,,,0,False,False,,,,,,,,,None,Unknown
2017-07-31,,,,,,,,,,,,,,,,,,,,,0.0,,,,2017,7,Jul,31,Monday,0,Monsoon,,,,,0,False,False,,,,,,,,,None,Unknown
2017-08-01,,,,,,,,,,,,,,,,,,,,,0.0,,,,2017,8,Aug,1,Tuesday,0,Monsoon,,,,,0,False,False,,,,,,,,,None,Unknown
2017-08-02,,,,,,,,,,,,,,,,,,,,,0.0,,,,2017,8,Aug,2,Wednesday,0,Monsoon,,,,,0,False,False,,,,,,,,,None,Unknown
2017-08-03,,,,,,,,,,,,,,,,,,,,,0.0,,,,2017,8,Aug,3,Thursday,0,Monsoon,,,,,0,False,False,,,,,,,,,None,Unknown
2017-08-04,,,,,,,,,,,,,,,,,,,,,0.0,,,,2017,8,Aug,4,Friday,0,Monsoon,,,,,0,False,False,,,,,,,,,None,Unknown
2017-08-05,,,,,,,,,,,,,,,,,,,,,0.0,,,,2017,8,Aug,5,Saturday,1,Monsoon,,,,,0,False,False,,,,,,,,,None,Unknown
2017-08-06,,,,,,,,,,,,,,,,,,,,,0.0,,,,2017,8,Aug,6,Sunday,1,Monsoon,,,,,0,False,False,,,,,,,,,None,Unknown
2017-08-07,,,,,,,,,,,,,,,,,,,,,0.0,,,,2017,8,Aug,7,Monday,0,Monsoon,,,,,0,False,False,,,,,,,,,None,Unknown
2017-08-08,,,,,,,,,,,,,,,,,,,,,0.0,,,,2017,8,Aug,8,Tuesday,0,Monsoon,,,,,0,False,False,,,,,,,,,None,Unknown
2017-08-09,,,,,,,,,,,,,,,,,,,,,0.0,,,,2017,8,Aug,9,Wednesday,0,Monsoon,,,,,0,False,False,,,,,,,,,None,Unknown
2017-08-10,,,,,,,,,,,,,,,,,,,,,0.0,,,,2017,8,Aug,10,Thursday,0,Monsoon,,,,,0,False,False,,,,,,,,,None,Unknown
2017-08-11,,,,,,,,,,,,,,,,,,,,,0.0,,,,2017,8,Aug,11,Friday,0,Monsoon,,,,,0,False,False,,,,,,,,,None,Unknown
2017-08-12,,,,,,,,,,,,,,,,,,,,,0.0,,,,2017,8,Aug,12,Saturday,1,Monsoon,,,,,0,False,False,,,,,,,,,None,Unknown
2017-08-13,,,,,,,,,,,,,,,,,,,,,0.0,,,,2017,8,Aug,13,Sunday,1,Monsoon,,,,,0,False,False,,,,,,,,,None,Unknown
2017-08-14,,,,,,,,,,,,,,,,,,,,,0.0,,,,2017,8,Aug,14,Monday,0,Monsoon,,,,,0,False,False,,,,,,,,,None,Unknown
2017-08-15,,,,,,,,,,,,,,,,,,,,,0.0,,,,2017,8,Aug,15,Tuesday,0,Monsoon,,,,,0,False,False,,,,,,,,,None,Unknown
2017-08-16,,,,,,,,,,,,,,,,,,,,,0.0,,,,2017,8,Aug,16,Wednesday,0,Monsoon,,,,,0,False,False,,,,,,,,,None,Unknown
2017-08-17,,,,,,,,,,,,,,,,,,,,,0.0,,,,2017,8,Aug,17,Thursday,0,Monsoon,,,,,0,False,False,,,,,,,,,None,Unknown
2017-08-18,,,,,,,,,,,,,,,,,,,,,0.0,,,,2017,8,Aug,18,Friday,0,Monsoon,,,,,0,False,False,,,,,,,,,None,Unknown
2017-08-19,,,,,,,,,,,,,,,,,,,,,0.0,,,,2017,8,Aug,19,Saturday,1,Monsoon,,,,,0,False,False,,,,,,,,,None,Unknown
2017-08-20,,,,,,,,,,,,,,,,,,,,,0.0,,,,2017,8,Aug,20,Sunday,1,Monsoon,,,,,0,False,False,,,,,,,,,None,Unknown
2017-08-21,,,,,,,,,,,,,,,,,,,,,0.0,,,,2017,8,Aug,21,Monday,0,Monsoon,,,,,0,False,False,,,,,,,,,None,Unknown
2017-08-22,,,,,,,,,,,,,,,,,,,,,0.0,,,,2017,8,Aug,22,Tuesday,0,Monsoon,,,,,0,False,False,,,,,,,,,None,Unknown
2017-08-23,,,,,,,,,,,,,,,,,,,,,0.0,,,,2017,8,Aug,23,Wednesday,0,Monsoon,,,,,0,False,False,,,,,,,,,None,Unknown
2017-08-24,,,,,,,,,,,,,,,,,,,,,0.0,,,,2017,8,Aug,24,Thursday,0,Monsoon,,,,,0,False,False,,,,,,,,,None,Unknown
2017-08-25,,,,,,,,,,,,,,,,,,,,,0.0,,,,2017,8,Aug,25,Friday,0,Monsoon,,,,,0,False,False,,,,,,,,,None,Unknown
2017-08-26,,,,,,,,,,,,,,,,,,,,,0.0,,,,2017,8,Aug,26,Saturday,1,Monsoon,,,,,0,False,False,,,,,,,,,None,Unknown
2017-08-27,,,,,,,,,,,,,,,,,,,,,0.0,,,,2017,8,Aug,27,Sunday,1,Monsoon,,,,,0,False,False,,,,,,,,,None,Unknown
2017-08-28,,,,,,,,,,,,,,,,,,,,,0.0,,,,2017,8,Aug,28,Monday,0,Monsoon,,,,,0,False,False,,,,,,,,,None,Unknown
2017-08-29,,,,,,,,,,,,,,,,,,,,,0.0,,,,2017,8,Aug,29,Tuesday,0,Monsoon,,,,,0,False,False,,,,,,,,,None,Unknown
2017-08-30,,,,,,,,,,,,,,,,,,,,,0.0,,,,2017,8,Aug,30,Wednesday,0,Monsoon,,,,,0,False,False,,,,,,,,,None,Unknown
2017-08-31,,,,,,,,,,,,,,,,,,,,,0.0,,,,2017,8,Aug,31,Thursday,0,Monsoon,,,,,0,False,False,,,,,,,,,None,Unknown
2017-09-01,,,,,,,,,,,,,,,,,,,,,0.0,,,,2017,9,Sep,1,Friday,0,Monsoon,,,,,0,False,False,,,,,,,,,None,Unknown
2017-09-02,,,,,,,,,,,,,,,,,,,,,0.0,,,,2017,9,Sep,2,Saturday,1,Monsoon,,,,,0,False,False,,,,,,,,,None,Unknown
2017-09-03,,,,,,,,,,,,,,,,,,,,,0.0,,,,2017,9,Sep,3,Sunday,1,Monsoon,,,,,0,False,False,,,,,,,,,None,Unknown
2017-09-04,,,,,,,,,,,,,,,,,,,,,0.0,,,,2017,9,Sep,4,Monday,0,Monsoon,,,,,0,False,False,,,,,,,,,None,Unknown
2017-09-05,,,,,,,,,,,,,,,,,,,,,0.0,,,,2017,9,Sep,5,Tuesday,0,Monsoon,,,,,0,False,False,,,,,,,,,None,Unknown
2017-09-06,,,,,,,,,,,,,,,,,,,,,0.0,,,,2017,9,Sep,6,Wednesday,0,Monsoon,,,,,0,False,False,,,,,,,,,None,Unknown
2017-09-07,,,,,,,,,,,,,,,,,,,,,0.0,,,,2017,9,Sep,7,Thursday,0,Monsoon,,,,,0,False,False,,,,,,,,,None,Unknown
2017-09-08,,,,,,,,,,,,,,,,,,,,,0.0,,,,2017,9,Sep,8,Friday,0,Monsoon,,,,,0,False,False,,,,,,,,,None,Unknown
2017-09-09,,,,,,,,,,,,,,,,,,,,,0.0,,,,2017,9,Sep,9,Saturday,1,Monsoon,,,,,0,False,False,,,,,,,,,None,Unknown
2017-09-10,,,,,,,,,,,,,,,,,,,,,0.0,,,,2017,9,Sep,10,Sunday,1,Monsoon,,,,,0,False,False,,,,,,,,,None,Unknown
2017-09-11,,,,,,,,,,,,,,,,,,,,,0.0,,,,2017,9,Sep,11,Monday,0,Monsoon,,,,,0,False,False,,,,,,,,,None,Unknown
2017-09-12,,,,,,,,,,,,,,,,,,,,,0.0,,,,2017,9,Sep,12,Tuesday,0,Monsoon,,,,,0,False,False,,,,,,,,,None,Unknown
2017-09-13,,,,,,,,,,,,,,,,,,,,,0.0,,,,2017,9,Sep,13,Wednesday,0,Monsoon,,,,,0,False,False,,,,,,,,,None,Unknown
2017-09-14,,,,,,,,,,,,,,,,,,,,,0.0,,,,2017,9,Sep,14,Thursday,0,Monsoon,,,,,0,False,False,,,,,,,,,None,Unknown
2017-09-15,,,,,,,,,,,,,,,,,,,,,0.0,,,,2017,9,Sep,15,Friday,0,Monsoon,,,,,0,False,False,,,,,,,,,None,Unknown
2017-09-16,,,,,,,,,,,,,,,,,,,,,0.0,,,,2017,9,Sep,16,Saturday,1,Monsoon,,,,,0,False,False,,,,,,,,,None,Unknown
2017-09-17,,,,,,,,,,,,,,,,,,,,,0.0,,,,2017,9,Sep,17,Sunday,1,Monsoon,,,,,0,False,False,,,,,,,,,None,Unknown
2017-09-18,,,,,,,,,,,,,,,,,,,,,0.0,,,,2017,9,Sep,18,Monday,0,Monsoon,,,,,0,False,False,,,,,,,,,None,Unknown
2017-09-19,,,,,,,,,,,,,,,,,,,,,0.0,,,,2017,9,Sep,19,Tuesday,0,Monsoon,,,,,0,False,False,,,,,,,,,None,Unknown
2017-09-20,,,,,,,,,,,,,,,,,,,,,0.0,,,,2017,9,Sep,20,Wednesday,0,Monsoon,,,,,0,False,False,,,,,,,,,None,Unknown
2017-09-21,,,,,,,,,,,,,,,,,,,,,0.0,,,,2017,9,Sep,21,Thursday,0,Monsoon,,,,,0,False,False,,,,,,,,,None,Unknown
2017-09-22,,,,,,,,,,,,,,,,,,,,,0.0,,,,2017,9,Sep,22,Friday,0,Monsoon,,,,,0,False,False,,,,,,,,,None,Unknown
2017-09-23,,,,,,,,,,,,,,,,,,,,,0.0,,,,2017,9,Sep,23,Saturday,1,Monsoon,,,,,0,False,False,,,,,,,,,None,Unknown
2017-09-24,,,,,,,,,,,,,,,,,,,,,0.0,,,,2017,9,Sep,24,Sunday,1,Monsoon,,,,,0,False,False,,,,,,,,,None,Unknown
2017-09-25,,,,,,,,,,,,,,,,,,,,,0.0,,,,2017,9,Sep,25,Monday,0,Monsoon,,,,,0,False,False,,,,,,,,,None,Unknown
2017-09-26,,,,,,,,,,,,,,,,,,,,,0.0,,,,2017,9,Sep,26,Tuesday,0,Monsoon,,,,,0,False,False,,,,,,,,,None,Unknown
2017-09-27,,,,,,,,,,,,,,,,,,,,,0.0,,,,2017,9,Sep,27,Wednesday,0,Monsoon,,,,,0,False,False,,,,,,,,,None,Unknown
2017-09-28,,,,,,,,,,,,,,,,,,,,,0.0,,,,2017,9,Sep,28,Thursday,0,Monsoon,,,,,0,False,False,,,,,,,,,None,Unknown
2017-09-29,,,,,,,,,,,,,,,,,,,,,0.0,,,,2017,9,Sep,29,Friday,0,Monsoon,,,,,0,False,False,,,,,,,,,None,Unknown
2017-09-30,,,,,,,,,,,,,,,,,,,,,0.0,,,,2017,9,Sep,30,Saturday,1,Monsoon,,,,,0,False,False,,,,,,,,,None,Unknown
2017-10-01,,,,,,,,,,,,,,,,,,,,,0.0,,,,2017,10,Oct,1,Sunday,1,Post-Monsoon,,,,,0,False,False,,,,,,,,,None,Unknown
2017-10-02,,,,,,,,,,,,,,,,,,,,,0.0,,,,2017,10,Oct,2,Monday,0,Post-Monsoon,,,,,0,False,False,,,,,,,,,None,Unknown
2017-10-03,,,,,,,,,,,,,,,,,,,,,0.0,,,,2017,10,Oct,3,Tuesday,0,Post-Monsoon,,,,,0,False,False,,,,,,,,,None,Unknown
2017-10-04,,,,,,,,,,,,,,,,,,,,,0.0,,,,2017,10,Oct,4,Wednesday,0,Post-Monsoon,,,,,0,False,False,,,,,,,,,None,Unknown
2017-10-05,,,,,,,,,,,,,,,,,,,,,0.0,,,,2017,10,Oct,5,Thursday,0,Post-Monsoon,,,,,0,False,False,,,,,,,,,None,Unknown
2017-10-06,,,,,,,,,,,,,,,,,,,,,0.0,,,,2017,10,Oct,6,Friday,0,Post-Monsoon,,,,,0,False,False,,,,,,,,,None,Unknown
2017-10-07,,,,,,,,,,,,,,,,,,,,,0.0,,,,2017,10,Oct,7,Saturday,1,Post-Monsoon,,,,,0,False,False,,,,,,,,,None,Unknown
2017-10-08,,,,,,,,,,,,,,,,,,,,,0.0,,,,2017,10,Oct,8,Sunday,1,Post-Monsoon,,,,,0,False,False,,,,,,,,,None,Unknown
2017-10-09,,,,,,,,,,,,,,,,,,,,,0.0,,,,2017,10,Oct,9,Monday,0,Post-Monsoon,,,,,0,False,False,,,,,,,,,None,Unknown
2017-10-10,,,,,,,,,,,,,,,,,,,,,0.0,,,,2017,10,Oct,10,Tuesday,0,Post-Monsoon,,,,,0,False,False,,,,,,,,,None,Unknown
2017-10-11,,,,,,,,,,,,,,,,,,,,,0.0,,,,2017,10,Oct,11,Wednesday,0,Post-Monsoon,,,,,0,False,False,,,,,,,,,None,Unknown
2017-10-12,,,,,,,,,,,,,,,,,,,,,0.0,,,,2017,10,Oct,12,Thursday,0,Post-Monsoon,,,,,0,False,False,,,,,,,,,None,Unknown
2017-10-13,,,,,,,,,,,,,,,,,,,,,0.0,,,,2017,10,Oct,13,Friday,0,Post-Monsoon,,,,,0,False,False,,,,,,,,,None,Unknown
2017-10-14,,,,,,,,,,,,,,,,,,,,,0.0,,,,2017,10,Oct,14,Saturday,1,Post-Monsoon,,,,,0,False,False,,,,,,,,,None,Unknown
2017-10-15,,,,,,,,,,,,,,,,,,,,,0.0,,,,2017,10,Oct,15,Sunday,1,Post-Monsoon,,,,,0,False,False,,,,,,,,,None,Unknown
2017-10-16,,,,,,,,,,,,,,,,,,,,,0.0,,,,2017,10,Oct,16,Monday,0,Post-Monsoon,,,,,0,False,False,,,,,,,,,None,Unknown
2017-10-17,,,,,,,,,,,,,,,,,,,,,0.0,,,,2017,10,Oct,17,Tuesday,0,Post-Monsoon,,,,,0,False,False,,,,,,,,,None,Unknown
2017-10-18,,,,,,,,,,,,,,,,,,,,,0.0,,,,2017,10,Oct,18,Wednesday,0,Post-Monsoon,,,,,0,False,False,,,,,,,,,None,Unknown
2017-10-19,,,,,,,,,,,,,,,,,,,,,0.0,,,,2017,10,Oct,19,Thursday,0,Post-Monsoon,,,,,0,False,False,,,,,,,,,None,Unknown
2017-10-20,,,,,,,,,,,,,,,,,,,,,0.0,,,,2017,10,Oct,20,Friday,0,Post-Monsoon,,,,,0,False,False,,,,,,,,,None,Unknown
2017-10-21,,,,,,,,,,,,,,,,,,,,,0.0,,,,2017,10,Oct,21,Saturday,1,Post-Monsoon,,,,,0,False,False,,,,,,,,,None,Unknown
2017-10-22,,,,,,,,,,,,,,,,,,,,,0.0,,,,2017,10,Oct,22,Sunday,1,Post-Monsoon,,,,,0,False,False,,,,,,,,,None,Unknown
2017-10-23,,,,,,,,,,,,,,,,,,,,,0.0,,,,2017,10,Oct,23,Monday,0,Post-Monsoon,,,,,0,False,False,,,,,,,,,None,Unknown
2017-10-24,,,,,,,,,,,,,,,,,,,,,0.0,,,,2017,10,Oct,24,Tuesday,0,Post-Monsoon,,,,,0,False,False,,,,,,,,,None,Unknown
2017-10-25,,,,,,,,,,,,,,,,,,,,,0.0,,,,2017,10,Oct,25,Wednesday,0,Post-Monsoon,,,,,0,False,False,,,,,,,,,None,Unknown
2017-10-26,,,,,,,,,,,,,,,,,,,,,0.0,,,,2017,10,Oct,26,Thursday,0,Post-Monsoon,,,,,0,False,False,,,,,,,,,None,Unknown
2017-10-27,,,,,,,,,,,,,,,,,,,,,0.0,,,,2017,10,Oct,27,Friday,0,Post-Monsoon,,,,,0,False,False,,,,,,,,,None,Unknown
2017-10-28,,,,,,,,,,,,,,,,,,,,,0.0,,,,2017,10,Oct,28,Saturday,1,Post-Monsoon,,,,,0,False,False,,,,,,,,,None,Unknown
2017-10-29,,,,,,,,,,,,,,,,,,,,,0.0,,,,2017,10,Oct,29,Sunday,1,Post-Monsoon,,,,,0,False,False,,,,,,,,,None,Unknown
2017-10-30,,,,,,,,,,,,,,,,,,,,,0.0,,,,2017,10,Oct,30,Monday,0,Post-Monsoon,,,,,0,False,False,,,,,,,,,None,Unknown
2017-10-31,,,,,,,,,,,,,,,,,,,,,0.0,,,,2017,10,Oct,31,Tuesday,0,Post-Monsoon,,,,,0,False,False,,,,,,,,,None,Unknown
2017-11-01,,,,,,,,,,,,,,,,,,,,,0.0,,,,2017,11,Nov,1,Wednesday,0,Post-Monsoon,,,,,0,False,False,,,,,,,,,None,Unknown
2017-11-02,,,,,,,,,,,,,,,,,,,,,0.0,,,,2017,11,Nov,2,Thursday,0,Post-Monsoon,,,,,0,False,False,,,,,,,,,None,Unknown
2017-11-03,,,,,,,,,,,,,,,,,,,,,0.0,,,,2017,11,Nov,3,Friday,0,Post-Monsoon,,,,,0,False,False,,,,,,,,,None,Unknown
2017-11-04,,,,,,,,,,,,,,,,,,,,,0.0,,,,2017,11,Nov,4,Saturday,1,Post-Monsoon,,,,,0,False,False,,,,,,,,,None,Unknown
2017-11-05,,,,,,,,,,,,,,,,,,,,,0.0,,,,2017,11,Nov,5,Sunday,1,Post-Monsoon,,,,,0,False,False,,,,,,,,,None,Unknown
2017-11-06,,,,,,,,,,,,,,,,,,,,,0.0,,,,2017,11,Nov,6,Monday,0,Post-Monsoon,,,,,0,False,False,,,,,,,,,None,Unknown
2017-11-07,,,,,,,,,,,,,,,,,,,,,0.0,,,,2017,11,Nov,7,Tuesday,0,Post-Monsoon,,,,,0,False,False,,,,,,,,,None,Unknown
2017-11-08,,,,,,,,,,,,,,,,,,,,,0.0,,,,2017,11,Nov,8,Wednesday,0,Post-Monsoon,,,,,0,False,False,,,,,,,,,None,Unknown
2017-11-09,,,,,,,,,,,,,,,,,,,,,0.0,,,,2017,11,Nov,9,Thursday,0,Post-Monsoon,,,,,0,False,False,,,,,,,,,None,Unknown
2017-11-10,,,,,,,,,,,,,,,,,,,,,0.0,,,,2017,11,Nov,10,Friday,0,Post-Monsoon,,,,,0,False,False,,,,,,,,,None,Unknown
2017-11-11,,,,,,,,,,,,,,,,,,,,,0.0,,,,2017,11,Nov,11,Saturday,1,Post-Monsoon,,,,,0,False,False,,,,,,,,,None,Unknown
2017-11-12,,,,,,,,,,,,,,,,,,,,,0.0,,,,2017,11,Nov,12,Sunday,1,Post-Monsoon,,,,,0,False,False,,,,,,,,,None,Unknown
2017-11-13,,,,,,,,,,,,,,,,,,,,,0.0,,,,2017,11,Nov,13,Monday,0,Post-Monsoon,,,,,0,False,False,,,,,,,,,None,Unknown
2017-11-14,,,,,,,,,,,,,,,,,,,,,0.0,,,,2017,11,Nov,14,Tuesday,0,Post-Monsoon,,,,,0,False,False,,,,,,,,,None,Unknown
2017-11-15,,,,,,,,,,,,,,,,,,,,,0.0,,,,2017,11,Nov,15,Wednesday,0,Post-Monsoon,,,,,0,False,False,,,,,,,,,None,Unknown
2017-11-16,,,,,,,,,,,,,,,,,,,,,0.0,,,,2017,11,Nov,16,Thursday,0,Post-Monsoon,,,,,0,False,False,,,,,,,,,None,Unknown
2017-11-17,,,,,,,,,,,,,,,,,,,,,0.0,,,,2017,11,Nov,17,Friday,0,Post-Monsoon,,,,,0,False,False,,,,,,,,,None,Unknown
2017-11-18,,,,,,,,,,,,,,,,,,,,,0.0,,,,2017,11,Nov,18,Saturday,1,Post-Monsoon,,,,,0,False,False,,,,,,,,,None,Unknown
2017-11-19,,,,,,,,,,,,,,,,,,,,,0.0,,,,2017,11,Nov,19,Sunday,1,Post-Monsoon,,,,,0,False,False,,,,,,,,,None,Unknown
2017-11-20,,,,,,,,,,,,,,,,,,,,,0.0,,,,2017,11,Nov,20,Monday,0,Post-Monsoon,,,,,0,False,False,,,,,,,,,None,Unknown
2017-11-21,,,,,,,,,,,,,,,,,,,,,0.0,,,,2017,11,Nov,21,Tuesday,0,Post-Monsoon,,,,,0,False,False,,,,,,,,,None,Unknown
2017-11-22,,,,,,,,,,,,,,,,,,,,,0.0,,,,2017,11,Nov,22,Wednesday,0,Post-Monsoon,,,,,0,False,False,,,,,,,,,None,Unknown
2017-11-23,,,,,,,,,,,,,,,,,,,,,0.0,,,,2017,11,Nov,23,Thursday,0,Post-Monsoon,,,,,0,False,False,,,,,,,,,None,Unknown
2017-11-24,,,,,,,,,,,,,,,,,,,,,0.0,,,,2017,11,Nov,24,Friday,0,Post-Monsoon,,,,,0,False,False,,,,,,,,,None,Unknown
2017-11-25,,,,,,,,,,,,,,,,,,,,,0.0,,,,2017,11,Nov,25,Saturday,1,Post-Monsoon,,,,,0,False,False,,,,,,,,,None,Unknown
2017-11-26,,,,,,,,,,,,,,,,,,,,,0.0,,,,2017,11,Nov,26,Sunday,1,Post-Monsoon,,,,,0,False,False,,,,,,,,,None,Unknown
2017-11-27,,,,,,,,,,,,,,,,,,,,,0.0,,,,2017,11,Nov,27,Monday,0,Post-Monsoon,,,,,0,False,False,,,,,,,,,None,Unknown
2017-11-28,,,,,,,,,,,,,,,,,,,,,0.0,,,,2017,11,Nov,28,Tuesday,0,Post-Monsoon,,,,,0,False,False,,,,,,,,,None,Unknown
2017-11-29,,,,,,,,,,,,,,,,,,,,,0.0,,,,2017,11,Nov,29,Wednesday,0,Post-Monsoon,,,,,0,False,False,,,,,,,,,None,Unknown
2017-11-30,,,,,,,,,,,,,,,,,,,,,0.0,,,,2017,11,Nov,30,Thursday,0,Post-Monsoon,,,,,0,False,False,,,,,,,,,None,Unknown
2017-12-01,,,,,,,,,,,,,,,,,,,,,0.0,,,,2017,12,Dec,1,Friday,0,Winter,,,,,0,False,False,,,,,,,,,None,Unknown
2017-12-02,,,,,,,,,,,,,,,,,,,,,0.0,,,,2017,12,Dec,2,Saturday,1,Winter,,,,,0,False,False,,,,,,,,,None,Unknown
2017-12-03,,,,,,,,,,,,,,,,,,,,,0.0,,,,2017,12,Dec,3,Sunday,1,Winter,,,,,0,False,False,,,,,,,,,None,Unknown
2017-12-04,,,,,,,,,,,,,,,,,,,,,0.0,,,,2017,12,Dec,4,Monday,0,Winter,,,,,0,False,False,,,,,,,,,None,Unknown
2017-12-05,,,,,,,,,,,,,,,,,,,,,0.0,,,,2017,12,Dec,5,Tuesday,0,Winter,,,,,0,False,False,,,,,,,,,None,Unknown
2017-12-06,,,,,,,,,,,,,,,,,,,,,0.0,,,,2017,12,Dec,6,Wednesday,0,Winter,,,,,0,False,False,,,,,,,,,None,Unknown
2017-12-07,,,,,,,,,,,,,,,,,,,,,0.0,,,,2017,12,Dec,7,Thursday,0,Winter,,,,,0,False,False,,,,,,,,,None,Unknown
2017-12-08,,,,,,,,,,,,,,,,,,,,,0.0,,,,2017,12,Dec,8,Friday,0,Winter,,,,,0,False,False,,,,,,,,,None,Unknown
2017-12-09,,,,,,,,,,,,,,,,,,,,,0.0,,,,2017,12,Dec,9,Saturday,1,Winter,,,,,0,False,False,,,,,,,,,None,Unknown
2017-12-10,,,,,,,,,,,,,,,,,,,,,0.0,,,,2017,12,Dec,10,Sunday,1,Winter,,,,,0,False,False,,,,,,,,,None,Unknown
2017-12-11,,,,,,,,,,,,,,,,,,,,,0.0,,,,2017,12,Dec,11,Monday,0,Winter,,,,,0,False,False,,,,,,,,,None,Unknown
2017-12-12,,,,,,,,,,,,,,,,,,,,,0.0,,,,2017,12,Dec,12,Tuesday,0,Winter,,,,,0,False,False,,,,,,,,,None,Unknown
2017-12-13,,,,,,,,,,,,,,,,,,,,,0.0,,,,2017,12,Dec,13,Wednesday,0,Winter,,,,,0,False,False,,,,,,,,,None,Unknown
2017-12-14,,,,,,,,,,,,,,,,,,,,,0.0,,,,2017,12,Dec,14,Thursday,0,Winter,,,,,0,False,False,,,,,,,,,None,Unknown
2017-12-15,,,,,,,,,,,,,,,,,,,,,0.0,,,,2017,12,Dec,15,Friday,0,Winter,,,,,0,False,False,,,,,,,,,None,Unknown
2017-12-16,,,,,,,,,,,,,,,,,,,,,0.0,,,,2017,12,Dec,16,Saturday,1,Winter,,,,,0,False,False,,,,,,,,,None,Unknown
2017-12-17,,,,,,,,,,,,,,,,,,,,,0.0,,,,2017,12,Dec,17,Sunday,1,Winter,,,,,0,False,False,,,,,,,,,None,Unknown
2017-12-18,,,,,,,,,,,,,,,,,,,,,0.0,,,,2017,12,Dec,18,Monday,0,Winter,,,,,0,False,False,,,,,,,,,None,Unknown
2017-12-19,,,,,,,,,,,,,,,,,,,,,0.0,,,,2017,12,Dec,19,Tuesday,0,Winter,,,,,0,False,False,,,,,,,,,None,Unknown
2017-12-20,,,,,,,,,,,,,,,,,,,,,0.0,,,,2017,12,Dec,20,Wednesday,0,Winter,,,,,0,False,False,,,,,,,,,None,Unknown
2017-12-21,,,,,,,,,,,,,,,,,,,,,0.0,,,,2017,12,Dec,21,Thursday,0,Winter,,,,,0,False,False,,,,,,,,,None,Unknown
2017-12-22,,,,,,,,,,,,,,,,,,,,,0.0,,,,2017,12,Dec,22,Friday,0,Winter,,,,,0,False,False,,,,,,,,,None,Unknown
2017-12-23,,,,,,,,,,,,,,,,,,,,,0.0,,,,2017,12,Dec,23,Saturday,1,Winter,,,,,0,False,False,,,,,,,,,None,Unknown
2017-12-24,,,,,,,,,,,,,,,,,,,,,0.0,,,,2017,12,Dec,24,Sunday,1,Winter,,,,,0,False,False,,,,,,,,,None,Unknown
2017-12-25,,,,,,,,,,,,,,,,,,,,,0.0,,,,2017,12,Dec,25,Monday,0,Winter,,,,,0,False,False,,,,,,,,,None,Unknown
2017-12-26,,,,,,,,,,,,,,,,,,,,,0.0,,,,2017,12,Dec,26,Tuesday,0,Winter,,,,,0,False,False,,,,,,,,,None,Unknown
2017-12-27,,,,,,,,,,,,,,,,,,,,,0.0,,,,2017,12,Dec,27,Wednesday,0,Winter,,,,,0,False,False,,,,,,,,,None,Unknown
2017-12-28,,,,,,,,,,,,,,,,,,,,,0.0,,,,2017,12,Dec,28,Thursday,0,Winter,,,,,0,False,False,,,,,,,,,None,Unknown
2017-12-29,,,,,,,,,,,,,,,,,,,,,0.0,,,,2017,12,Dec,29,Friday,0,Winter,,,,,0,False,False,,,,,,,,,None,Unknown
2017-12-30,,,,,,,,,,,,,,,,,,,,,0.0,,,,2017,12,Dec,30,Saturday,1,Winter,,,,,0,False,False,,,,,,,,,None,Unknown
2017-12-31,,,,,,,,,,,,,,,,,,,,,0.0,,,,2017,12,Dec,31,Sunday,1,Winter,,,,,0,False,False,,,,,,,,,None,Unknown
2018-01-01,,,,,,,,,,,,,,,,,,,,,0.0,,,,2018,1,Jan,1,Monday,0,Winter,,,,,0,False,False,,,,,,,,,None,Unknown
2018-01-02,,,,,,,,,,,,,,,,,,,,,0.0,,,,2018,1,Jan,2,Tuesday,0,Winter,,,,,0,False,False,,,,,,,,,None,Unknown
2018-01-03,,,,,,,,,,,,,,,,,,,,,0.0,,,,2018,1,Jan,3,Wednesday,0,Winter,,,,,0,False,False,,,,,,,,,None,Unknown
2018-01-04,,,,,,,,,,,,,,,,,,,,,0.0,,,,2018,1,Jan,4,Thursday,0,Winter,,,,,0,False,False,,,,,,,,,None,Unknown
2018-01-05,,,,,,,,,,,,,,,,,,,,,0.0,,,,2018,1,Jan,5,Friday,0,Winter,,,,,0,False,False,,,,,,,,,None,Unknown
2018-01-06,,,,,,,,,,,,,,,,,,,,,0.0,,,,2018,1,Jan,6,Saturday,1,Winter,,,,,0,False,False,,,,,,,,,None,Unknown
2018-01-07,,,,,,,,,,,,,,,,,,,,,0.0,,,,2018,1,Jan,7,Sunday,1,Winter,,,,,0,False,False,,,,,,,,,None,Unknown
2018-01-08,,,,,,,,,,,,,,,,,,,,,0.0,,,,2018,1,Jan,8,Monday,0,Winter,,,,,0,False,False,,,,,,,,,None,Unknown
2018-01-09,,,,,,,,,,,,,,,,,,,,,0.0,,,,2018,1,Jan,9,Tuesday,0,Winter,,,,,0,False,False,,,,,,,,,None,Unknown
2018-01-10,,,,,,,,,,,,,,,,,,,,,0.0,,,,2018,1,Jan,10,Wednesday,0,Winter,,,,,0,False,False,,,,,,,,,None,Unknown
2018-01-11,,,,,,,,,,,,,,,,,,,,,0.0,,,,2018,1,Jan,11,Thursday,0,Winter,,,,,0,False,False,,,,,,,,,None,Unknown
2018-01-12,,,,,,,,,,,,,,,,,,,,,0.0,,,,2018,1,Jan,12,Friday,0,Winter,,,,,0,False,False,,,,,,,,,None,Unknown
2018-01-13,,,,,,,,,,,,,,,,,,,,,0.0,,,,2018,1,Jan,13,Saturday,1,Winter,,,,,0,False,False,,,,,,,,,None,Unknown
2018-01-14,,,,,,,,,,,,,,,,,,,,,0.0,,,,2018,1,Jan,14,Sunday,1,Winter,,,,,0,False,False,,,,,,,,,None,Unknown
2018-01-15,,,,,,,,,,,,,,,,,,,,,0.0,,,,2018,1,Jan,15,Monday,0,Winter,,,,,0,False,False,,,,,,,,,None,Unknown
2018-01-16,,,,,,,,,,,,,,,,,,,,,0.0,,,,2018,1,Jan,16,Tuesday,0,Winter,,,,,0,False,False,,,,,,,,,None,Unknown
2018-01-17,,,,,,,,,,,,,,,,,,,,,0.0,,,,2018,1,Jan,17,Wednesday,0,Winter,,,,,0,False,False,,,,,,,,,None,Unknown
2018-01-18,,,,,,,,,,,,,,,,,,,,,0.0,,,,2018,1,Jan,18,Thursday,0,Winter,,,,,0,False,False,,,,,,,,,None,Unknown
2018-01-19,,,,,,,,,,,,,,,,,,,,,0.0,,,,2018,1,Jan,19,Friday,0,Winter,,,,,0,False,False,,,,,,,,,None,Unknown
2018-01-20,,,,,,,,,,,,,,,,,,,,,0.0,,,,2018,1,Jan,20,Saturday,1,Winter,,,,,0,False,False,,,,,,,,,None,Unknown
2018-01-21,,,,,,,,,,,,,,,,,,,,,0.0,,,,2018,1,Jan,21,Sunday,1,Winter,,,,,0,False,False,,,,,,,,,None,Unknown
2018-01-22,,,,,,,,,,,,,,,,,,,,,0.0,,,,2018,1,Jan,22,Monday,0,Winter,,,,,0,False,False,,,,,,,,,None,Unknown
2018-01-23,,,,,,,,,,,,,,,,,,,,,0.0,,,,2018,1,Jan,23,Tuesday,0,Winter,,,,,0,False,False,,,,,,,,,None,Unknown
2018-01-24,,,,,,,,,,,,,,,,,,,,,0.0,,,,2018,1,Jan,24,Wednesday,0,Winter,,,,,0,False,False,,,,,,,,,None,Unknown
2018-01-25,,,,,,,,,,,,,,,,,,,,,0.0,,,,2018,1,Jan,25,Thursday,0,Winter,,,,,0,False,False,,,,,,,,,None,Unknown
2018-01-26,,,,,,,,,,,,,,,,,,,,,0.0,,,,2018,1,Jan,26,Friday,0,Winter,,,,,0,False,False,,,,,,,,,None,Unknown
2018-01-27,,,,,,,,,,,,,,,,,,,,,0.0,,,,2018,1,Jan,27,Saturday,1,Winter,,,,,0,False,False,,,,,,,,,None,Unknown
2018-01-28,,,,,,,,,,,,,,,,,,,,,0.0,,,,2018,1,Jan,28,Sunday,1,Winter,,,,,0,False,False,,,,,,,,,None,Unknown
2018-01-29,,,,,,,,,,,,,,,,,,,,,0.0,,,,2018,1,Jan,29,Monday,0,Winter,,,,,0,False,False,,,,,,,,,None,Unknown
2018-01-30,,,,,,,,,,,,,,,,,,,,,0.0,,,,2018,1,Jan,30,Tuesday,0,Winter,,,,,0,False,False,,,,,,,,,None,Unknown
2018-01-31,,,,,,,,,,,,,,,,,,,,,0.0,,,,2018,1,Jan,31,Wednesday,0,Winter,,,,,0,False,False,,,,,,,,,None,Unknown
2018-02-01,,,,,,,,,,,,,,,,,,,,,0.0,,,,2018,2,Feb,1,Thursday,0,Winter,,,,,0,False,False,,,,,,,,,None,Unknown
2018-02-02,,,,,,,,,,,,,,,,,,,,,0.0,,,,2018,2,Feb,2,Friday,0,Winter,,,,,0,False,False,,,,,,,,,None,Unknown
2018-02-03,,,,,,,,,,,,,,,,,,,,,0.0,,,,2018,2,Feb,3,Saturday,1,Winter,,,,,0,False,False,,,,,,,,,None,Unknown
2018-02-04,,,,,,,,,,,,,,,,,,,,,0.0,,,,2018,2,Feb,4,Sunday,1,Winter,,,,,0,False,False,,,,,,,,,None,Unknown
2018-02-05,,,,,,,,,,,,,,,,,,,,,0.0,,,,2018,2,Feb,5,Monday,0,Winter,,,,,0,False,False,,,,,,,,,None,Unknown
2018-02-06,,,,,,,,,,,,,,,,,,,,,0.0,,,,2018,2,Feb,6,Tuesday,0,Winter,,,,,0,False,False,,,,,,,,,None,Unknown
2018-02-07,,,,,,,,,,,,,,,,,,,,,0.0,,,,2018,2,Feb,7,Wednesday,0,Winter,,,,,0,False,False,,,,,,,,,None,Unknown
2018-02-08,,,,,,,,,,,,,,,,,,,,,0.0,,,,2018,2,Feb,8,Thursday,0,Winter,,,,,0,False,False,,,,,,,,,None,Unknown
2018-02-09,,,,,,,,,,,,,,,,,,,,,0.0,,,,2018,2,Feb,9,Friday,0,Winter,,,,,0,False,False,,,,,,,,,None,Unknown
2018-02-10,,,,,,,,,,,,,,,,,,,,,0.0,,,,2018,2,Feb,10,Saturday,1,Winter,,,,,0,False,False,,,,,,,,,None,Unknown
2018-02-11,,,,,,,,,,,,,,,,,,,,,0.0,,,,2018,2,Feb,11,Sunday,1,Winter,,,,,0,False,False,,,,,,,,,None,Unknown
2018-02-12,,,,,,,,,,,,,,,,,,,,,0.0,,,,2018,2,Feb,12,Monday,0,Winter,,,,,0,False,False,,,,,,,,,None,Unknown
2018-02-13,,,,,,,,,,,,,,,,,,,,,0.0,,,,2018,2,Feb,13,Tuesday,0,Winter,,,,,0,False,False,,,,,,,,,None,Unknown
2018-02-14,,,,,,,,,,,,,,,,,,,,,0.0,,,,2018,2,Feb,14,Wednesday,0,Winter,,,,,0,False,False,,,,,,,,,None,Unknown
2018-02-15,,,,,,,,,,,,,,,,,,,,,0.0,,,,2018,2,Feb,15,Thursday,0,Winter,,,,,0,False,False,,,,,,,,,None,Unknown
2018-02-16,,,,,,,,,,,,,,,,,,,,,0.0,,,,2018,2,Feb,16,Friday,0,Winter,,,,,0,False,False,,,,,,,,,None,Unknown
2018-02-17,,,,,,,,,,,,,,,,,,,,,0.0,,,,2018,2,Feb,17,Saturday,1,Winter,,,,,0,False,False,,,,,,,,,None,Unknown
2018-02-18,,,,,,,,,,,,,,,,,,,,,0.0,,,,2018,2,Feb,18,Sunday,1,Winter,,,,,0,False,False,,,,,,,,,None,Unknown
2018-02-19,,,,,,,,,,,,,,,,,,,,,0.0,,,,2018,2,Feb,19,Monday,0,Winter,,,,,0,False,False,,,,,,,,,None,Unknown
2018-02-20,,,,,,,,,,,,,,,,,,,,,0.0,,,,2018,2,Feb,20,Tuesday,0,Winter,,,,,0,False,False,,,,,,,,,None,Unknown
2018-02-21,,,,,,,,,,,,,,,,,,,,,0.0,,,,2018,2,Feb,21,Wednesday,0,Winter,,,,,0,False,False,,,,,,,,,None,Unknown
2018-02-22,,,,,,,,,,,,,,,,,,,,,0.0,,,,2018,2,Feb,22,Thursday,0,Winter,,,,,0,False,False,,,,,,,,,None,Unknown
2018-02-23,,,,,,,,,,,,,,,,,,,,,0.0,,,,2018,2,Feb,23,Friday,0,Winter,,,,,0,False,False,,,,,,,,,None,Unknown
2018-02-24,,,,,,,,,,,,,,,,,,,,,0.0,,,,2018,2,Feb,24,Saturday,1,Winter,,,,,0,False,False,,,,,,,,,None,Unknown
2018-02-25,,,,,,,,,,,,,,,,,,,,,0.0,,,,2018,2,Feb,25,Sunday,1,Winter,,,,,0,False,False,,,,,,,,,None,Unknown
2018-02-26,,,,,,,,,,,,,,,,,,,,,0.0,,,,2018,2,Feb,26,Monday,0,Winter,,,,,0,False,False,,,,,,,,,None,Unknown
2018-02-27,,,,,,,,,,,,,,,,,,,,,0.0,,,,2018,2,Feb,27,Tuesday,0,Winter,,,,,0,False,False,,,,,,,,,None,Unknown
2018-02-28,,,,,,,,,,,,,,,,,,,,,0.0,,,,2018,2,Feb,28,Wednesday,0,Winter,,,,,0,False,False,,,,,,,,,None,Unknown
2018-03-01,,,,,,,,,,,,,,,,,,,,,0.0,,,,2018,3,Mar,1,Thursday,0,Summer,,,,,0,False,False,,,,,,,,,None,Unknown
2018-03-02,,,,,,,,,,,,,,,,,,,,,0.0,,,,2018,3,Mar,2,Friday,0,Summer,,,,,0,False,False,,,,,,,,,None,Unknown
2018-03-03,,,,,,,,,,,,,,,,,,,,,0.0,,,,2018,3,Mar,3,Saturday,1,Summer,,,,,0,False,False,,,,,,,,,None,Unknown
2018-03-04,,,,,,,,,,,,,,,,,,,,,0.0,,,,2018,3,Mar,4,Sunday,1,Summer,,,,,0,False,False,,,,,,,,,None,Unknown
2018-03-05,,,,,,,,,,,,,,,,,,,,,0.0,,,,2018,3,Mar,5,Monday,0,Summer,,,,,0,False,False,,,,,,,,,None,Unknown
2018-03-06,,,,,,,,,,,,,,,,,,,,,0.0,,,,2018,3,Mar,6,Tuesday,0,Summer,,,,,0,False,False,,,,,,,,,None,Unknown
2018-03-07,,,,,,,,,,,,,,,,,,,,,0.0,,,,2018,3,Mar,7,Wednesday,0,Summer,,,,,0,False,False,,,,,,,,,None,Unknown
2018-03-08,,,,,,,,,,,,,,,,,,,,,0.0,,,,2018,3,Mar,8,Thursday,0,Summer,,,,,0,False,False,,,,,,,,,None,Unknown
2018-03-09,,,,,,,,,,,,,,,,,,,,,0.0,,,,2018,3,Mar,9,Friday,0,Summer,,,,,0,False,False,,,,,,,,,None,Unknown
2018-03-10,,,,,,,,,,,,,,,,,,,,,0.0,,,,2018,3,Mar,10,Saturday,1,Summer,,,,,0,False,False,,,,,,,,,None,Unknown
2018-03-11,,,,,,,,,,,,,,,,,,,,,0.0,,,,2018,3,Mar,11,Sunday,1,Summer,,,,,0,False,False,,,,,,,,,None,Unknown
2018-03-12,,,,,,,,,,,,,,,,,,,,,0.0,,,,2018,3,Mar,12,Monday,0,Summer,,,,,0,False,False,,,,,,,,,None,Unknown
2018-03-13,,,,,,,,,,,,,,,,,,,,,0.0,,,,2018,3,Mar,13,Tuesday,0,Summer,,,,,0,False,False,,,,,,,,,None,Unknown
2018-03-14,,,,,,,,,,,,,,,,,,,,,0.0,,,,2018,3,Mar,14,Wednesday,0,Summer,,,,,0,False,False,,,,,,,,,None,Unknown
2018-03-15,,,,,,,,,,,,,,,,,,,,,0.0,,,,2018,3,Mar,15,Thursday,0,Summer,,,,,0,False,False,,,,,,,,,None,Unknown
2018-03-16,,,,,,,,,,,,,,,,,,,,,0.0,,,,2018,3,Mar,16,Friday,0,Summer,,,,,0,False,False,,,,,,,,,None,Unknown
2018-03-17,,,,,,,,,,,,,,,,,,,,,0.0,,,,2018,3,Mar,17,Saturday,1,Summer,,,,,0,False,False,,,,,,,,,None,Unknown
2018-03-18,,,,,,,,,,,,,,,,,,,,,0.0,,,,2018,3,Mar,18,Sunday,1,Summer,,,,,0,False,False,,,,,,,,,None,Unknown
2018-03-19,,,,,,,,,,,,,,,,,,,,,0.0,,,,2018,3,Mar,19,Monday,0,Summer,,,,,0,False,False,,,,,,,,,None,Unknown
2018-03-20,,,,,,,,,,,,,,,,,,,,,0.0,,,,2018,3,Mar,20,Tuesday,0,Summer,,,,,0,False,False,,,,,,,,,None,Unknown
2018-03-21,,,,,,,,,,,,,,,,,,,,,0.0,,,,2018,3,Mar,21,Wednesday,0,Summer,,,,,0,False,False,,,,,,,,,None,Unknown
2018-03-22,,,,,,,,,,,,,,,,,,,,,0.0,,,,2018,3,Mar,22,Thursday,0,Summer,,,,,0,False,False,,,,,,,,,None,Unknown
2018-03-23,,,,,,,,,,,,,,,,,,,,,0.0,,,,2018,3,Mar,23,Friday,0,Summer,,,,,0,False,False,,,,,,,,,None,Unknown
2018-03-24,,,,,,,,,,,,,,,,,,,,,0.0,,,,2018,3,Mar,24,Saturday,1,Summer,,,,,0,False,False,,,,,,,,,None,Unknown
2018-03-25,,,,,,,,,,,,,,,,,,,,,0.0,,,,2018,3,Mar,25,Sunday,1,Summer,,,,,0,False,False,,,,,,,,,None,Unknown
2018-03-26,,,,,,,,,,,,,,,,,,,,,0.0,,,,2018,3,Mar,26,Monday,0,Summer,,,,,0,False,False,,,,,,,,,None,Unknown
2018-03-27,,,,,,,,,,,,,,,,,,,,,0.0,,,,2018,3,Mar,27,Tuesday,0,Summer,,,,,0,False,False,,,,,,,,,None,Unknown
2018-03-28,,,,,,,,,,,,,,,,,,,,,0.0,,,,2018,3,Mar,28,Wednesday,0,Summer,,,,,0,False,False,,,,,,,,,None,Unknown
2018-03-29,,,,,,,,,,,,,,,,,,,,,0.0,,,,2018,3,Mar,29,Thursday,0,Summer,,,,,0,False,False,,,,,,,,,None,Unknown
2018-03-30,,,,,,,,,,,,,,,,,,,,,0.0,,,,2018,3,Mar,30,Friday,0,Summer,,,,,0,False,False,,,,,,,,,None,Unknown
2018-03-31,,,,,,,,,,,,,,,,,,,,,0.0,,,,2018,3,Mar,31,Saturday,1,Summer,,,,,0,False,False,,,,,,,,,None,Unknown
2018-04-01,,,,,,,,,,,,,,,,,,,,,0.0,,,,2018,4,Apr,1,Sunday,1,Summer,,,,,0,False,False,,,,,,,,,None,Unknown
2018-04-02,,,,,,,,,,,,,,,,,,,,,0.0,,,,2018,4,Apr,2,Monday,0,Summer,,,,,0,False,False,,,,,,,,,None,Unknown
2018-04-03,,,,,,,,,,,,,,,,,,,,,0.0,,,,2018,4,Apr,3,Tuesday,0,Summer,,,,,0,False,False,,,,,,,,,None,Unknown
2018-04-04,,,,,,,,,,,,,,,,,,,,,0.0,,,,2018,4,Apr,4,Wednesday,0,Summer,,,,,0,False,False,,,,,,,,,None,Unknown
2018-04-05,,,,,,,,,,,,,,,,,,,,,0.0,,,,2018,4,Apr,5,Thursday,0,Summer,,,,,0,False,False,,,,,,,,,None,Unknown
2018-04-06,,,,,,,,,,,,,,,,,,,,,0.0,,,,2018,4,Apr,6,Friday,0,Summer,,,,,0,False,False,,,,,,,,,None,Unknown
2018-04-07,,,,,,,,,,,,,,,,,,,,,0.0,,,,2018,4,Apr,7,Saturday,1,Summer,,,,,0,False,False,,,,,,,,,None,Unknown
2018-04-08,,,,,,,,,,,,,,,,,,,,,0.0,,,,2018,4,Apr,8,Sunday,1,Summer,,,,,0,False,False,,,,,,,,,None,Unknown
2018-04-09,,,,,,,,,,,,,,,,,,,,,0.0,,,,2018,4,Apr,9,Monday,0,Summer,,,,,0,False,False,,,,,,,,,None,Unknown
2018-04-10,,,,,,,,,,,,,,,,,,,,,0.0,,,,2018,4,Apr,10,Tuesday,0,Summer,,,,,0,False,False,,,,,,,,,None,Unknown
2018-04-11,,,,,,,,,,,,,,,,,,,,,0.0,,,,2018,4,Apr,11,Wednesday,0,Summer,,,,,0,False,False,,,,,,,,,None,Unknown
2018-04-12,,,,,,,,,,,,,,,,,,,,,0.0,,,,2018,4,Apr,12,Thursday,0,Summer,,,,,0,False,False,,,,,,,,,None,Unknown
2018-04-13,,,,,,,,,,,,,,,,,,,,,0.0,,,,2018,4,Apr,13,Friday,0,Summer,,,,,0,False,False,,,,,,,,,None,Unknown
2018-04-14,,,,,,,,,,,,,,,,,,,,,0.0,,,,2018,4,Apr,14,Saturday,1,Summer,,,,,0,False,False,,,,,,,,,None,Unknown
2018-04-15,,,,,,,,,,,,,,,,,,,,,0.0,,,,2018,4,Apr,15,Sunday,1,Summer,,,,,0,False,False,,,,,,,,,None,Unknown
2018-04-16,,,,,,,,,,,,,,,,,,,,,0.0,,,,2018,4,Apr,16,Monday,0,Summer,,,,,0,False,False,,,,,,,,,None,Unknown
2018-04-17,,,,,,,,,,,,,,,,,,,,,0.0,,,,2018,4,Apr,17,Tuesday,0,Summer,,,,,0,False,False,,,,,,,,,None,Unknown
2018-04-18,,,,,,,,,,,,,,,,,,,,,0.0,,,,2018,4,Apr,18,Wednesday,0,Summer,,,,,0,False,False,,,,,,,,,None,Unknown
2018-04-19,,,,,,,,,,,,,,,,,,,,,0.0,,,,2018,4,Apr,19,Thursday,0,Summer,,,,,0,False,False,,,,,,,,,None,Unknown
2018-04-20,,,,,,,,,,,,,,,,,,,,,0.0,,,,2018,4,Apr,20,Friday,0,Summer,,,,,0,False,False,,,,,,,,,None,Unknown
2018-04-21,,,,,,,,,,,,,,,,,,,,,0.0,,,,2018,4,Apr,21,Saturday,1,Summer,,,,,0,False,False,,,,,,,,,None,Unknown
2018-04-22,,,,,,,,,,,,,,,,,,,,,0.0,,,,2018,4,Apr,22,Sunday,1,Summer,,,,,0,False,False,,,,,,,,,None,Unknown
2018-04-23,,,,,,,,,,,,,,,,,,,,,0.0,,,,2018,4,Apr,23,Monday,0,Summer,,,,,0,False,False,,,,,,,,,None,Unknown
2018-04-24,,,,,,,,,,,,,,,,,,,,,0.0,,,,2018,4,Apr,24,Tuesday,0,Summer,,,,,0,False,False,,,,,,,,,None,Unknown
2018-04-25,,,,,,,,,,,,,,,,,,,,,0.0,,,,2018,4,Apr,25,Wednesday,0,Summer,,,,,0,False,False,,,,,,,,,None,Unknown
2018-04-26,,,,,,,,,,,,,,,,,,,,,0.0,,,,2018,4,Apr,26,Thursday,0,Summer,,,,,0,False,False,,,,,,,,,None,Unknown
2018-04-27,,,,,,,,,,,,,,,,,,,,,0.0,,,,2018,4,Apr,27,Friday,0,Summer,,,,,0,False,False,,,,,,,,,None,Unknown
2018-04-28,,,,,,,,,,,,,,,,,,,,,0.0,,,,2018,4,Apr,28,Saturday,1,Summer,,,,,0,False,False,,,,,,,,,None,Unknown
2018-04-29,,,,,,,,,,,,,,,,,,,,,0.0,,,,2018,4,Apr,29,Sunday,1,Summer,,,,,0,False,False,,,,,,,,,None,Unknown
2018-04-30,,,,,,,,,,,,,,,,,,,,,0.0,,,,2018,4,Apr,30,Monday,0,Summer,,,,,0,False,False,,,,,,,,,None,Unknown
2018-05-01,,,,,,,,,,,,,,,,,,,,,0.0,,,,2018,5,May,1,Tuesday,0,Summer,,,,,0,False,False,,,,,,,,,None,Unknown
2018-05-02,,,,,,,,,,,,,,,,,,,,,0.0,,,,2018,5,May,2,Wednesday,0,Summer,,,,,0,False,False,,,,,,,,,None,Unknown
2018-05-03,,,,,,,,,,,,,,,,,,,,,0.0,,,,2018,5,May,3,Thursday,0,Summer,,,,,0,False,False,,,,,,,,,None,Unknown
2018-05-04,,,,,,,,,,,,,,,,,,,,,0.0,,,,2018,5,May,4,Friday,0,Summer,,,,,0,False,False,,,,,,,,,None,Unknown
2018-05-05,,,,,,,,,,,,,,,,,,,,,0.0,,,,2018,5,May,5,Saturday,1,Summer,,,,,0,False,False,,,,,,,,,None,Unknown
2018-05-06,,,,,,,,,,,,,,,,,,,,,0.0,,,,2018,5,May,6,Sunday,1,Summer,,,,,0,False,False,,,,,,,,,None,Unknown
2018-05-07,,,,,,,,,,,,,,,,,,,,,0.0,,,,2018,5,May,7,Monday,0,Summer,,,,,0,False,False,,,,,,,,,None,Unknown
2018-05-08,,,,,,,,,,,,,,,,,,,,,0.0,,,,2018,5,May,8,Tuesday,0,Summer,,,,,0,False,False,,,,,,,,,None,Unknown
2018-05-09,,,,,,,,,,,,,,,,,,,,,0.0,,,,2018,5,May,9,Wednesday,0,Summer,,,,,0,False,False,,,,,,,,,None,Unknown
2018-05-10,,,,,,,,,,,,,,,,,,,,,0.0,,,,2018,5,May,10,Thursday,0,Summer,,,,,0,False,False,,,,,,,,,None,Unknown
2018-05-11,,,,,,,,,,,,,,,,,,,,,0.0,,,,2018,5,May,11,Friday,0,Summer,,,,,0,False,False,,,,,,,,,None,Unknown
2018-05-12,,,,,,,,,,,,,,,,,,,,,0.0,,,,2018,5,May,12,Saturday,1,Summer,,,,,0,False,False,,,,,,,,,None,Unknown
2018-05-13,,,,,,,,,,,,,,,,,,,,,0.0,,,,2018,5,May,13,Sunday,1,Summer,,,,,0,False,False,,,,,,,,,None,Unknown
2018-05-14,,,,,,,,,,,,,,,,,,,,,0.0,,,,2018,5,May,14,Monday,0,Summer,,,,,0,False,False,,,,,,,,,None,Unknown
2018-05-15,,,,,,,,,,,,,,,,,,,,,0.0,,,,2018,5,May,15,Tuesday,0,Summer,,,,,0,False,False,,,,,,,,,None,Unknown
2018-05-16,,,,,,,,,,,,,,,,,,,,,0.0,,,,2018,5,May,16,Wednesday,0,Summer,,,,,0,False,False,,,,,,,,,None,Unknown
2018-05-17,,,,,,,,,,,,,,,,,,,,,0.0,,,,2018,5,May,17,Thursday,0,Summer,,,,,0,False,False,,,,,,,,,None,Unknown
2018-05-18,,,,,,,,,,,,,,,,,,,,,0.0,,,,2018,5,May,18,Friday,0,Summer,,,,,0,False,False,,,,,,,,,None,Unknown
2018-05-19,,,,,,,,,,,,,,,,,,,,,0.0,,,,2018,5,May,19,Saturday,1,Summer,,,,,0,False,False,,,,,,,,,None,Unknown
2018-05-20,,,,,,,,,,,,,,,,,,,,,0.0,,,,2018,5,May,20,Sunday,1,Summer,,,,,0,False,False,,,,,,,,,None,Unknown
2018-05-21,,,,,,,,,,,,,,,,,,,,,0.0,,,,2018,5,May,21,Monday,0,Summer,,,,,0,False,False,,,,,,,,,None,Unknown
2018-05-22,,,,,,,,,,,,,,,,,,,,,0.0,,,,2018,5,May,22,Tuesday,0,Summer,,,,,0,False,False,,,,,,,,,None,Unknown
2018-05-23,,,,,,,,,,,,,,,,,,,,,0.0,,,,2018,5,May,23,Wednesday,0,Summer,,,,,0,False,False,,,,,,,,,None,Unknown
2018-05-24,,,,,,,,,,,,,,,,,,,,,0.0,,,,2018,5,May,24,Thursday,0,Summer,,,,,0,False,False,,,,,,,,,None,Unknown
2018-05-25,,,,,,,,,,,,,,,,,,,,,0.0,,,,2018,5,May,25,Friday,0,Summer,,,,,0,False,False,,,,,,,,,None,Unknown
2018-05-26,,,,,,,,,,,,,,,,,,,,,0.0,,,,2018,5,May,26,Saturday,1,Summer,,,,,0,False,False,,,,,,,,,None,Unknown
2018-05-27,,,,,,,,,,,,,,,,,,,,,0.0,,,,2018,5,May,27,Sunday,1,Summer,,,,,0,False,False,,,,,,,,,None,Unknown
2018-05-28,,,,,,,,,,,,,,,,,,,,,0.0,,,,2018,5,May,28,Monday,0,Summer,,,,,0,False,False,,,,,,,,,None,Unknown
2018-05-29,,,,,,,,,,,,,,,,,,,,,0.0,,,,2018,5,May,29,Tuesday,0,Summer,,,,,0,False,False,,,,,,,,,None,Unknown
2018-05-30,,,,,,,,,,,,,,,,,,,,,0.0,,,,2018,5,May,30,Wednesday,0,Summer,,,,,0,False,False,,,,,,,,,None,Unknown
2018-05-31,,,,,,,,,,,,,,,,,,,,,0.0,,,,2018,5,May,31,Thursday,0,Summer,,,,,0,False,False,,,,,,,,,None,Unknown
2018-06-01,,,,,,,,,,,,,,,,,,,,,0.0,,,,2018,6,Jun,1,Friday,0,Monsoon,,,,,0,False,False,,,,,,,,,None,Unknown
2018-06-02,,,,,,,,,,,,,,,,,,,,,0.0,,,,2018,6,Jun,2,Saturday,1,Monsoon,,,,,0,False,False,,,,,,,,,None,Unknown
2018-06-03,,,,,,,,,,,,,,,,,,,,,0.0,,,,2018,6,Jun,3,Sunday,1,Monsoon,,,,,0,False,False,,,,,,,,,None,Unknown
2018-06-04,,,,,,,,,,,,,,,,,,,,,0.0,,,,2018,6,Jun,4,Monday,0,Monsoon,,,,,0,False,False,,,,,,,,,None,Unknown
2018-06-05,,,,,,,,,,,,,,,,,,,,,0.0,,,,2018,6,Jun,5,Tuesday,0,Monsoon,,,,,0,False,False,,,,,,,,,None,Unknown
2018-06-06,,,,,,,,,,,,,,,,,,,,,0.0,,,,2018,6,Jun,6,Wednesday,0,Monsoon,,,,,0,False,False,,,,,,,,,None,Unknown
2018-06-07,,,,,,,,,,,,,,,,,,,,,0.0,,,,2018,6,Jun,7,Thursday,0,Monsoon,,,,,0,False,False,,,,,,,,,None,Unknown
2018-06-08,,,,,,,,,,,,,,,,,,,,,0.0,,,,2018,6,Jun,8,Friday,0,Monsoon,,,,,0,False,False,,,,,,,,,None,Unknown
2018-06-09,,,,,,,,,,,,,,,,,,,,,0.0,,,,2018,6,Jun,9,Saturday,1,Monsoon,,,,,0,False,False,,,,,,,,,None,Unknown
2018-06-10,,,,,,,,,,,,,,,,,,,,,0.0,,,,2018,6,Jun,10,Sunday,1,Monsoon,,,,,0,False,False,,,,,,,,,None,Unknown
2018-06-11,,,,,,,,,,,,,,,,,,,,,0.0,,,,2018,6,Jun,11,Monday,0,Monsoon,,,,,0,False,False,,,,,,,,,None,Unknown
2018-06-12,,,,,,,,,,,,,,,,,,,,,0.0,,,,2018,6,Jun,12,Tuesday,0,Monsoon,,,,,0,False,False,,,,,,,,,None,Unknown
2018-06-13,,,,,,,,,,,,,,,,,,,,,0.0,,,,2018,6,Jun,13,Wednesday,0,Monsoon,,,,,0,False,False,,,,,,,,,None,Unknown
2018-06-14,,,,,,,,,,,,,,,,,,,,,0.0,,,,2018,6,Jun,14,Thursday,0,Monsoon,,,,,0,False,False,,,,,,,,,None,Unknown
2018-06-15,,,,,,,,,,,,,,,,,,,,,0.0,,,,2018,6,Jun,15,Friday,0,Monsoon,,,,,0,False,False,,,,,,,,,None,Unknown
2018-06-16,,,,,,,,,,,,,,,,,,,,,0.0,,,,2018,6,Jun,16,Saturday,1,Monsoon,,,,,0,False,False,,,,,,,,,None,Unknown
2018-06-17,,,,,,,,,,,,,,,,,,,,,0.0,,,,2018,6,Jun,17,Sunday,1,Monsoon,,,,,0,False,False,,,,,,,,,None,Unknown
2018-06-18,,,,,,,,,,,,,,,,,,,,,0.0,,,,2018,6,Jun,18,Monday,0,Monsoon,,,,,0,False,False,,,,,,,,,None,Unknown
2018-06-19,,,,,,,,,,,,,,,,,,,,,0.0,,,,2018,6,Jun,19,Tuesday,0,Monsoon,,,,,0,False,False,,,,,,,,,None,Unknown
2018-06-20,,,,,,,,,,,,,,,,,,,,,0.0,,,,2018,6,Jun,20,Wednesday,0,Monsoon,,,,,0,False,False,,,,,,,,,None,Unknown
2018-06-21,,,,,,,,,,,,,,,,,,,,,0.0,,,,2018,6,Jun,21,Thursday,0,Monsoon,,,,,0,False,False,,,,,,,,,None,Unknown
2018-06-22,,,,,,,,,,,,,,,,,,,,,0.0,,,,2018,6,Jun,22,Friday,0,Monsoon,,,,,0,False,False,,,,,,,,,None,Unknown
2018-06-23,,,,,,,,,,,,,,,,,,,,,0.0,,,,2018,6,Jun,23,Saturday,1,Monsoon,,,,,0,False,False,,,,,,,,,None,Unknown
2018-06-24,,,,,,,,,,,,,,,,,,,,,0.0,,,,2018,6,Jun,24,Sunday,1,Monsoon,,,,,0,False,False,,,,,,,,,None,Unknown
2018-06-25,,,,,,,,,,,,,,,,,,,,,0.0,,,,2018,6,Jun,25,Monday,0,Monsoon,,,,,0,False,False,,,,,,,,,None,Unknown
2018-06-26,,,,,,,,,,,,,,,,,,,,,0.0,,,,2018,6,Jun,26,Tuesday,0,Monsoon,,,,,0,False,False,,,,,,,,,None,Unknown
2018-06-27,,,,,,,,,,,,,,,,,,,,,0.0,,,,2018,6,Jun,27,Wednesday,0,Monsoon,,,,,0,False,False,,,,,,,,,None,Unknown
2018-06-28,,,,,,,,,,,,,,,,,,,,,0.0,,,,2018,6,Jun,28,Thursday,0,Monsoon,,,,,0,False,False,,,,,,,,,None,Unknown
2018-06-29,,,,,,,,,,,,,,,,,,,,,0.0,,,,2018,6,Jun,29,Friday,0,Monsoon,,,,,0,False,False,,,,,,,,,None,Unknown
2018-06-30,,,,,,,,,,,,,,,,,,,,,0.0,,,,2018,6,Jun,30,Saturday,1,Monsoon,,,,,0,False,False,,,,,,,,,None,Unknown
2018-07-01,,,,,,,,,,,,,,,,,,,,,0.0,,,,2018,7,Jul,1,Sunday,1,Monsoon,,,,,0,False,False,,,,,,,,,None,Unknown
2018-07-02,,,,,,,,,,,,,,,,,,,,,0.0,,,,2018,7,Jul,2,Monday,0,Monsoon,,,,,0,False,False,,,,,,,,,None,Unknown
2018-07-03,,,,,,,,,,,,,,,,,,,,,0.0,,,,2018,7,Jul,3,Tuesday,0,Monsoon,,,,,0,False,False,,,,,,,,,None,Unknown
2018-07-04,,,,,,,,,,,,,,,,,,,,,0.0,,,,2018,7,Jul,4,Wednesday,0,Monsoon,,,,,0,False,False,,,,,,,,,None,Unknown
2018-07-05,,,,,,,,,,,,,,,,,,,,,0.0,,,,2018,7,Jul,5,Thursday,0,Monsoon,,,,,0,False,False,,,,,,,,,None,Unknown
2018-07-06,,,,,,,,,,,,,,,,,,,,,0.0,,,,2018,7,Jul,6,Friday,0,Monsoon,,,,,0,False,False,,,,,,,,,None,Unknown
2018-07-07,,,,,,,,,,,,,,,,,,,,,0.0,,,,2018,7,Jul,7,Saturday,1,Monsoon,,,,,0,False,False,,,,,,,,,None,Unknown
2018-07-08,,,,,,,,,,,,,,,,,,,,,0.0,,,,2018,7,Jul,8,Sunday,1,Monsoon,,,,,0,False,False,,,,,,,,,None,Unknown
2018-07-09,,,,,,,,,,,,,,,,,,,,,0.0,,,,2018,7,Jul,9,Monday,0,Monsoon,,,,,0,False,False,,,,,,,,,None,Unknown
2018-07-10,,,,,,,,,,,,,,,,,,,,,0.0,,,,2018,7,Jul,10,Tuesday,0,Monsoon,,,,,0,False,False,,,,,,,,,None,Unknown
2018-07-11,,,,,,,,,,,,,,,,,,,,,0.0,,,,2018,7,Jul,11,Wednesday,0,Monsoon,,,,,0,False,False,,,,,,,,,None,Unknown
2018-07-12,,,,,,,,,,,,,,,,,,,,,0.0,,,,2018,7,Jul,12,Thursday,0,Monsoon,,,,,0,False,False,,,,,,,,,None,Unknown
2018-07-13,,,,,,,,,,,,,,,,,,,,,0.0,,,,2018,7,Jul,13,Friday,0,Monsoon,,,,,0,False,False,,,,,,,,,None,Unknown
2018-07-14,,,,,,,,,,,,,,,,,,,,,0.0,,,,2018,7,Jul,14,Saturday,1,Monsoon,,,,,0,False,False,,,,,,,,,None,Unknown
2018-07-15,,,,,,,,,,,,,,,,,,,,,0.0,,,,2018,7,Jul,15,Sunday,1,Monsoon,,,,,0,False,False,,,,,,,,,None,Unknown
2018-07-16,,,,,,,,,,,,,,,,,,,,,0.0,,,,2018,7,Jul,16,Monday,0,Monsoon,,,,,0,False,False,,,,,,,,,None,Unknown
2018-07-17,,,,,,,,,,,,,,,,,,,,,0.0,,,,2018,7,Jul,17,Tuesday,0,Monsoon,,,,,0,False,False,,,,,,,,,None,Unknown
2018-07-18,,,,,,,,,,,,,,,,,,,,,0.0,,,,2018,7,Jul,18,Wednesday,0,Monsoon,,,,,0,False,False,,,,,,,,,None,Unknown
2018-07-19,,,,,,,,,,,,,,,,,,,,,0.0,,,,2018,7,Jul,19,Thursday,0,Monsoon,,,,,0,False,False,,,,,,,,,None,Unknown
2018-07-20,,,,,,,,,,,,,,,,,,,,,0.0,,,,2018,7,Jul,20,Friday,0,Monsoon,,,,,0,False,False,,,,,,,,,None,Unknown
2018-07-21,,,,,,,,,,,,,,,,,,,,,0.0,,,,2018,7,Jul,21,Saturday,1,Monsoon,,,,,0,False,False,,,,,,,,,None,Unknown
2018-07-22,,,,,,,,,,,,,,,,,,,,,0.0,,,,2018,7,Jul,22,Sunday,1,Monsoon,,,,,0,False,False,,,,,,,,,None,Unknown
2018-07-23,,,,,,,,,,,,,,,,,,,,,0.0,,,,2018,7,Jul,23,Monday,0,Monsoon,,,,,0,False,False,,,,,,,,,None,Unknown
2018-07-24,,,,,,,,,,,,,,,,,,,,,0.0,,,,2018,7,Jul,24,Tuesday,0,Monsoon,,,,,0,False,False,,,,,,,,,None,Unknown
2018-07-25,,,,,,,,,,,,,,,,,,,,,0.0,,,,2018,7,Jul,25,Wednesday,0,Monsoon,,,,,0,False,False,,,,,,,,,None,Unknown
2018-07-26,,,,,,,,,,,,,,,,,,,,,0.0,,,,2018,7,Jul,26,Thursday,0,Monsoon,,,,,0,False,False,,,,,,,,,None,Unknown
2018-07-27,,,,,,,,,,,,,,,,,,,,,0.0,,,,2018,7,Jul,27,Friday,0,Monsoon,,,,,0,False,False,,,,,,,,,None,Unknown
2018-07-28,,,,,,,,,,,,,,,,,,,,,0.0,,,,2018,7,Jul,28,Saturday,1,Monsoon,,,,,0,False,False,,,,,,,,,None,Unknown
2018-07-29,,,,,,,,,,,,,,,,,,,,,0.0,,,,2018,7,Jul,29,Sunday,1,Monsoon,,,,,0,False,False,,,,,,,,,None,Unknown
2018-07-30,,,,,,,,,,,,,,,,,,,,,0.0,,,,2018,7,Jul,30,Monday,0,Monsoon,,,,,0,False,False,,,,,,,,,None,Unknown
2018-07-31,,,,,,,,,,,,,,,,,,,,,0.0,,,,2018,7,Jul,31,Tuesday,0,Monsoon,,,,,0,False,False,,,,,,,,,None,Unknown
2018-08-01,,,,,,,,,,,,,,,,,,,,,0.0,,,,2018,8,Aug,1,Wednesday,0,Monsoon,,,,,0,False,False,,,,,,,,,None,Unknown
2018-08-02,,,,,,,,,,,,,,,,,,,,,0.0,,,,2018,8,Aug,2,Thursday,0,Monsoon,,,,,0,False,False,,,,,,,,,None,Unknown
2018-08-03,,,,,,,,,,,,,,,,,,,,,0.0,,,,2018,8,Aug,3,Friday,0,Monsoon,,,,,0,False,False,,,,,,,,,None,Unknown
2018-08-04,,,,,,,,,,,,,,,,,,,,,0.0,,,,2018,8,Aug,4,Saturday,1,Monsoon,,,,,0,False,False,,,,,,,,,None,Unknown
2018-08-05,,,,,,,,,,,,,,,,,,,,,0.0,,,,2018,8,Aug,5,Sunday,1,Monsoon,,,,,0,False,False,,,,,,,,,None,Unknown
2018-08-06,,,,,,,,,,,,,,,,,,,,,0.0,,,,2018,8,Aug,6,Monday,0,Monsoon,,,,,0,False,False,,,,,,,,,None,Unknown
2018-08-07,,,,,,,,,,,,,,,,,,,,,0.0,,,,2018,8,Aug,7,Tuesday,0,Monsoon,,,,,0,False,False,,,,,,,,,None,Unknown
2018-08-08,,,,,,,,,,,,,,,,,,,,,0.0,,,,2018,8,Aug,8,Wednesday,0,Monsoon,,,,,0,False,False,,,,,,,,,None,Unknown
2018-08-09,,,,,,,,,,,,,,,,,,,,,0.0,,,,2018,8,Aug,9,Thursday,0,Monsoon,,,,,0,False,False,,,,,,,,,None,Unknown
2018-08-10,,,,,,,,,,,,,,,,,,,,,0.0,,,,2018,8,Aug,10,Friday,0,Monsoon,,,,,0,False,False,,,,,,,,,None,Unknown
2018-08-11,,,,,,,,,,,,,,,,,,,,,0.0,,,,2018,8,Aug,11,Saturday,1,Monsoon,,,,,0,False,False,,,,,,,,,None,Unknown
2018-08-12,,,,,,,,,,,,,,,,,,,,,0.0,,,,2018,8,Aug,12,Sunday,1,Monsoon,,,,,0,False,False,,,,,,,,,None,Unknown
2018-08-13,,,,,,,,,,,,,,,,,,,,,0.0,,,,2018,8,Aug,13,Monday,0,Monsoon,,,,,0,False,False,,,,,,,,,None,Unknown
2018-08-14,,,,,,,,,,,,,,,,,,,,,0.0,,,,2018,8,Aug,14,Tuesday,0,Monsoon,,,,,0,False,False,,,,,,,,,None,Unknown
2018-08-15,,,,,,,,,,,,,,,,,,,,,0.0,,,,2018,8,Aug,15,Wednesday,0,Monsoon,,,,,0,False,False,,,,,,,,,None,Unknown
2018-08-16,,,,,,,,,,,,,,,,,,,,,0.0,,,,2018,8,Aug,16,Thursday,0,Monsoon,,,,,0,False,False,,,,,,,,,None,Unknown
2018-08-17,,,,,,,,,,,,,,,,,,,,,0.0,,,,2018,8,Aug,17,Friday,0,Monsoon,,,,,0,False,False,,,,,,,,,None,Unknown
2018-08-18,,,,,,,,,,,,,,,,,,,,,0.0,,,,2018,8,Aug,18,Saturday,1,Monsoon,,,,,0,False,False,,,,,,,,,None,Unknown
2018-08-19,,,,,,,,,,,,,,,,,,,,,0.0,,,,2018,8,Aug,19,Sunday,1,Monsoon,,,,,0,False,False,,,,,,,,,None,Unknown
2018-08-20,,,,,,,,,,,,,,,,,,,,,0.0,,,,2018,8,Aug,20,Monday,0,Monsoon,,,,,0,False,False,,,,,,,,,None,Unknown
2018-08-21,,,,,,,,,,,,,,,,,,,,,0.0,,,,2018,8,Aug,21,Tuesday,0,Monsoon,,,,,0,False,False,,,,,,,,,None,Unknown
2018-08-22,,,,,,,,,,,,,,,,,,,,,0.0,,,,2018,8,Aug,22,Wednesday,0,Monsoon,,,,,0,False,False,,,,,,,,,None,Unknown
2018-08-23,,,,,,,,,,,,,,,,,,,,,0.0,,,,2018,8,Aug,23,Thursday,0,Monsoon,,,,,0,False,False,,,,,,,,,None,Unknown
2018-08-24,,,,,,,,,,,,,,,,,,,,,0.0,,,,2018,8,Aug,24,Friday,0,Monsoon,,,,,0,False,False,,,,,,,,,None,Unknown
2018-08-25,,,,,,,,,,,,,,,,,,,,,0.0,,,,2018,8,Aug,25,Saturday,1,Monsoon,,,,,0,False,False,,,,,,,,,None,Unknown
2018-08-26,,,,,,,,,,,,,,,,,,,,,0.0,,,,2018,8,Aug,26,Sunday,1,Monsoon,,,,,0,False,False,,,,,,,,,None,Unknown
2018-08-27,,,,,,,,,,,,,,,,,,,,,0.0,,,,2018,8,Aug,27,Monday,0,Monsoon,,,,,0,False,False,,,,,,,,,None,Unknown
2018-08-28,,,,,,,,,,,,,,,,,,,,,0.0,,,,2018,8,Aug,28,Tuesday,0,Monsoon,,,,,0,False,False,,,,,,,,,None,Unknown
2018-08-29,,,,,,,,,,,,,,,,,,,,,0.0,,,,2018,8,Aug,29,Wednesday,0,Monsoon,,,,,0,False,False,,,,,,,,,None,Unknown
2018-08-30,,,,,,,,,,,,,,,,,,,,,0.0,,,,2018,8,Aug,30,Thursday,0,Monsoon,,,,,0,False,False,,,,,,,,,None,Unknown
2018-08-31,,,,,,,,,,,,,,,,,,,,,0.0,,,,2018,8,Aug,31,Friday,0,Monsoon,,,,,0,False,False,,,,,,,,,None,Unknown
2018-09-01,,,,,,,,,,,,,,,,,,,,,0.0,,,,2018,9,Sep,1,Saturday,1,Monsoon,,,,,0,False,False,,,,,,,,,None,Unknown
2018-09-02,,,,,,,,,,,,,,,,,,,,,0.0,,,,2018,9,Sep,2,Sunday,1,Monsoon,,,,,0,False,False,,,,,,,,,None,Unknown
2018-09-03,,,,,,,,,,,,,,,,,,,,,0.0,,,,2018,9,Sep,3,Monday,0,Monsoon,,,,,0,False,False,,,,,,,,,None,Unknown
2018-09-04,,,,,,,,,,,,,,,,,,,,,0.0,,,,2018,9,Sep,4,Tuesday,0,Monsoon,,,,,0,False,False,,,,,,,,,None,Unknown
2018-09-05,,,,,,,,,,,,,,,,,,,,,0.0,,,,2018,9,Sep,5,Wednesday,0,Monsoon,,,,,0,False,False,,,,,,,,,None,Unknown
2018-09-06,,,,,,,,,,,,,,,,,,,,,0.0,,,,2018,9,Sep,6,Thursday,0,Monsoon,,,,,0,False,False,,,,,,,,,None,Unknown
2018-09-07,,,,,,,,,,,,,,,,,,,,,0.0,,,,2018,9,Sep,7,Friday,0,Monsoon,,,,,0,False,False,,,,,,,,,None,Unknown
2018-09-08,,,,,,,,,,,,,,,,,,,,,0.0,,,,2018,9,Sep,8,Saturday,1,Monsoon,,,,,0,False,False,,,,,,,,,None,Unknown
2018-09-09,,,,,,,,,,,,,,,,,,,,,0.0,,,,2018,9,Sep,9,Sunday,1,Monsoon,,,,,0,False,False,,,,,,,,,None,Unknown
2018-09-10,,,,,,,,,,,,,,,,,,,,,0.0,,,,2018,9,Sep,10,Monday,0,Monsoon,,,,,0,False,False,,,,,,,,,None,Unknown
2018-09-11,,,,,,,,,,,,,,,,,,,,,0.0,,,,2018,9,Sep,11,Tuesday,0,Monsoon,,,,,0,False,False,,,,,,,,,None,Unknown
2018-09-12,,,,,,,,,,,,,,,,,,,,,0.0,,,,2018,9,Sep,12,Wednesday,0,Monsoon,,,,,0,False,False,,,,,,,,,None,Unknown
2018-09-13,,,,,,,,,,,,,,,,,,,,,0.0,,,,2018,9,Sep,13,Thursday,0,Monsoon,,,,,0,False,False,,,,,,,,,None,Unknown
2018-09-14,,,,,,,,,,,,,,,,,,,,,0.0,,,,2018,9,Sep,14,Friday,0,Monsoon,,,,,0,False,False,,,,,,,,,None,Unknown
2018-09-15,,,,,,,,,,,,,,,,,,,,,0.0,,,,2018,9,Sep,15,Saturday,1,Monsoon,,,,,0,False,False,,,,,,,,,None,Unknown
2018-09-16,,,,,,,,,,,,,,,,,,,,,0.0,,,,2018,9,Sep,16,Sunday,1,Monsoon,,,,,0,False,False,,,,,,,,,None,Unknown
2018-09-17,,,,,,,,,,,,,,,,,,,,,0.0,,,,2018,9,Sep,17,Monday,0,Monsoon,,,,,0,False,False,,,,,,,,,None,Unknown
2018-09-18,,,,,,,,,,,,,,,,,,,,,0.0,,,,2018,9,Sep,18,Tuesday,0,Monsoon,,,,,0,False,False,,,,,,,,,None,Unknown
2018-09-19,,,,,,,,,,,,,,,,,,,,,0.0,,,,2018,9,Sep,19,Wednesday,0,Monsoon,,,,,0,False,False,,,,,,,,,None,Unknown
2018-09-20,,,,,,,,,,,,,,,,,,,,,0.0,,,,2018,9,Sep,20,Thursday,0,Monsoon,,,,,0,False,False,,,,,,,,,None,Unknown
2018-09-21,,,,,,,,,,,,,,,,,,,,,0.0,,,,2018,9,Sep,21,Friday,0,Monsoon,,,,,0,False,False,,,,,,,,,None,Unknown
2018-09-22,,,,,,,,,,,,,,,,,,,,,0.0,,,,2018,9,Sep,22,Saturday,1,Monsoon,,,,,0,False,False,,,,,,,,,None,Unknown
2018-09-23,,,,,,,,,,,,,,,,,,,,,0.0,,,,2018,9,Sep,23,Sunday,1,Monsoon,,,,,0,False,False,,,,,,,,,None,Unknown
2018-09-24,,,,,,,,,,,,,,,,,,,,,0.0,,,,2018,9,Sep,24,Monday,0,Monsoon,,,,,0,False,False,,,,,,,,,None,Unknown
2018-09-25,,,,,,,,,,,,,,,,,,,,,0.0,,,,2018,9,Sep,25,Tuesday,0,Monsoon,,,,,0,False,False,,,,,,,,,None,Unknown
2018-09-26,,,,,,,,,,,,,,,,,,,,,0.0,,,,2018,9,Sep,26,Wednesday,0,Monsoon,,,,,0,False,False,,,,,,,,,None,Unknown
2018-09-27,,,,,,,,,,,,,,,,,,,,,0.0,,,,2018,9,Sep,27,Thursday,0,Monsoon,,,,,0,False,False,,,,,,,,,None,Unknown
2018-09-28,,,,,,,,,,,,,,,,,,,,,0.0,,,,2018,9,Sep,28,Friday,0,Monsoon,,,,,0,False,False,,,,,,,,,None,Unknown
2018-09-29,,,,,,,,,,,,,,,,,,,,,0.0,,,,2018,9,Sep,29,Saturday,1,Monsoon,,,,,0,False,False,,,,,,,,,None,Unknown
2018-09-30,,,,,,,,,,,,,,,,,,,,,0.0,,,,2018,9,Sep,30,Sunday,1,Monsoon,,,,,0,False,False,,,,,,,,,None,Unknown
2018-10-01,,,,,,,,,,,,,,,,,,,,,0.0,,,,2018,10,Oct,1,Monday,0,Post-Monsoon,,,,,0,False,False,,,,,,,,,None,Unknown
2018-10-02,,,,,,,,,,,,,,,,,,,,,0.0,,,,2018,10,Oct,2,Tuesday,0,Post-Monsoon,,,,,0,False,False,,,,,,,,,None,Unknown
2018-10-03,,,,,,,,,,,,,,,,,,,,,0.0,,,,2018,10,Oct,3,Wednesday,0,Post-Monsoon,,,,,0,False,False,,,,,,,,,None,Unknown
2018-10-04,,,,,,,,,,,,,,,,,,,,,0.0,,,,2018,10,Oct,4,Thursday,0,Post-Monsoon,,,,,0,False,False,,,,,,,,,None,Unknown
2018-10-05,,,,,,,,,,,,,,,,,,,,,0.0,,,,2018,10,Oct,5,Friday,0,Post-Monsoon,,,,,0,False,False,,,,,,,,,None,Unknown
2018-10-06,,,,,,,,,,,,,,,,,,,,,0.0,,,,2018,10,Oct,6,Saturday,1,Post-Monsoon,,,,,0,False,False,,,,,,,,,None,Unknown
2018-10-07,,,,,,,,,,,,,,,,,,,,,0.0,,,,2018,10,Oct,7,Sunday,1,Post-Monsoon,,,,,0,False,False,,,,,,,,,None,Unknown
2018-10-08,,,,,,,,,,,,,,,,,,,,,0.0,,,,2018,10,Oct,8,Monday,0,Post-Monsoon,,,,,0,False,False,,,,,,,,,None,Unknown
2018-10-09,,,,,,,,,,,,,,,,,,,,,0.0,,,,2018,10,Oct,9,Tuesday,0,Post-Monsoon,,,,,0,False,False,,,,,,,,,None,Unknown
2018-10-10,,,,,,,,,,,,,,,,,,,,,0.0,,,,2018,10,Oct,10,Wednesday,0,Post-Monsoon,,,,,0,False,False,,,,,,,,,None,Unknown
2018-10-11,,,,,,,,,,,,,,,,,,,,,0.0,,,,2018,10,Oct,11,Thursday,0,Post-Monsoon,,,,,0,False,False,,,,,,,,,None,Unknown
2018-10-12,,,,,,,,,,,,,,,,,,,,,0.0,,,,2018,10,Oct,12,Friday,0,Post-Monsoon,,,,,0,False,False,,,,,,,,,None,Unknown
2018-10-13,,,,,,,,,,,,,,,,,,,,,0.0,,,,2018,10,Oct,13,Saturday,1,Post-Monsoon,,,,,0,False,False,,,,,,,,,None,Unknown
2018-10-14,,,,,,,,,,,,,,,,,,,,,0.0,,,,2018,10,Oct,14,Sunday,1,Post-Monsoon,,,,,0,False,False,,,,,,,,,None,Unknown
2018-10-15,,,,,,,,,,,,,,,,,,,,,0.0,,,,2018,10,Oct,15,Monday,0,Post-Monsoon,,,,,0,False,False,,,,,,,,,None,Unknown
2018-10-16,,,,,,,,,,,,,,,,,,,,,0.0,,,,2018,10,Oct,16,Tuesday,0,Post-Monsoon,,,,,0,False,False,,,,,,,,,None,Unknown
2018-10-17,,,,,,,,,,,,,,,,,,,,,0.0,,,,2018,10,Oct,17,Wednesday,0,Post-Monsoon,,,,,0,False,False,,,,,,,,,None,Unknown
2018-10-18,,,,,,,,,,,,,,,,,,,,,0.0,,,,2018,10,Oct,18,Thursday,0,Post-Monsoon,,,,,0,False,False,,,,,,,,,None,Unknown
2018-10-19,,,,,,,,,,,,,,,,,,,,,0.0,,,,2018,10,Oct,19,Friday,0,Post-Monsoon,,,,,0,False,False,,,,,,,,,None,Unknown
2018-10-20,,,,,,,,,,,,,,,,,,,,,0.0,,,,2018,10,Oct,20,Saturday,1,Post-Monsoon,,,,,0,False,False,,,,,,,,,None,Unknown
2018-10-21,,,,,,,,,,,,,,,,,,,,,0.0,,,,2018,10,Oct,21,Sunday,1,Post-Monsoon,,,,,0,False,False,,,,,,,,,None,Unknown
2018-10-22,,,,,,,,,,,,,,,,,,,,,0.0,,,,2018,10,Oct,22,Monday,0,Post-Monsoon,,,,,0,False,False,,,,,,,,,None,Unknown
2018-10-23,,,,,,,,,,,,,,,,,,,,,0.0,,,,2018,10,Oct,23,Tuesday,0,Post-Monsoon,,,,,0,False,False,,,,,,,,,None,Unknown
2018-10-24,,,,,,,,,,,,,,,,,,,,,0.0,,,,2018,10,Oct,24,Wednesday,0,Post-Monsoon,,,,,0,False,False,,,,,,,,,None,Unknown
2018-10-25,,,,,,,,,,,,,,,,,,,,,0.0,,,,2018,10,Oct,25,Thursday,0,Post-Monsoon,,,,,0,False,False,,,,,,,,,None,Unknown
2018-10-26,,,,,,,,,,,,,,,,,,,,,0.0,,,,2018,10,Oct,26,Friday,0,Post-Monsoon,,,,,0,False,False,,,,,,,,,None,Unknown
2018-10-27,,,,,,,,,,,,,,,,,,,,,0.0,,,,2018,10,Oct,27,Saturday,1,Post-Monsoon,,,,,0,False,False,,,,,,,,,None,Unknown
2018-10-28,,,,,,,,,,,,,,,,,,,,,0.0,,,,2018,10,Oct,28,Sunday,1,Post-Monsoon,,,,,0,False,False,,,,,,,,,None,Unknown
2018-10-29,,,,,,,,,,,,,,,,,,,,,0.0,,,,2018,10,Oct,29,Monday,0,Post-Monsoon,,,,,0,False,False,,,,,,,,,None,Unknown
2018-10-30,,,,,,,,,,,,,,,,,,,,,0.0,,,,2018,10,Oct,30,Tuesday,0,Post-Monsoon,,,,,0,False,False,,,,,,,,,None,Unknown
2018-10-31,,,,,,,,,,,,,,,,,,,,,0.0,,,,2018,10,Oct,31,Wednesday,0,Post-Monsoon,,,,,0,False,False,,,,,,,,,None,Unknown
2018-11-01,,,,,,,,,,,,,,,,,,,,,0.0,,,,2018,11,Nov,1,Thursday,0,Post-Monsoon,,,,,0,False,False,,,,,,,,,None,Unknown
2018-11-02,,,,,,,,,,,,,,,,,,,,,0.0,,,,2018,11,Nov,2,Friday,0,Post-Monsoon,,,,,0,False,False,,,,,,,,,None,Unknown
2018-11-03,,,,,,,,,,,,,,,,,,,,,0.0,,,,2018,11,Nov,3,Saturday,1,Post-Monsoon,,,,,0,False,False,,,,,,,,,None,Unknown
2018-11-04,,,,,,,,,,,,,,,,,,,,,0.0,,,,2018,11,Nov,4,Sunday,1,Post-Monsoon,,,,,0,False,False,,,,,,,,,None,Unknown
2018-11-05,,,,,,,,,,,,,,,,,,,,,0.0,,,,2018,11,Nov,5,Monday,0,Post-Monsoon,,,,,0,False,False,,,,,,,,,None,Unknown
2018-11-06,,,,,,,,,,,,,,,,,,,,,0.0,,,,2018,11,Nov,6,Tuesday,0,Post-Monsoon,,,,,0,False,False,,,,,,,,,None,Unknown
2018-11-07,,,,,,,,,,,,,,,,,,,,,0.0,,,,2018,11,Nov,7,Wednesday,0,Post-Monsoon,,,,,0,False,False,,,,,,,,,None,Unknown
2018-11-08,,,,,,,,,,,,,,,,,,,,,0.0,,,,2018,11,Nov,8,Thursday,0,Post-Monsoon,,,,,0,False,False,,,,,,,,,None,Unknown
2018-11-09,,,,,,,,,,,,,,,,,,,,,0.0,,,,2018,11,Nov,9,Friday,0,Post-Monsoon,,,,,0,False,False,,,,,,,,,None,Unknown
2018-11-10,,,,,,,,,,,,,,,,,,,,,0.0,,,,2018,11,Nov,10,Saturday,1,Post-Monsoon,,,,,0,False,False,,,,,,,,,None,Unknown
2018-11-11,251.16,439.83,1.75,83.25,45.69,39.29,23.07,1.57,39.13,6.7,17.96,0.31,,,,19.86,76.73,,240.05,0.0,0.0,29.55,992.08,,2018,11,Nov,11,Sunday,1,Post-Monsoon,0.5710388104494919,24.97,2.680597014925373,,7,True,True,401.5,406.7,104.2,9.8,28.8,78.9,39.1,406.7,PM10,Severe
2018-11-12,235.81,340.7,4.97,80.06,46.58,35.29,13.32,1.54,44.63,6.57,13.94,0.31,,,,19.82,77.34,,244.45,0.0,0.0,107.99,990.39,,2018,11,Nov,12,Monday,0,Post-Monsoon,0.6921338420898151,20.819999999999997,2.121765601217656,,7,True,True,389.2,290.8,101.1,8.8,16.6,77.5,44.6,389.2,PM2.5,Very Poor
2018-11-13,285.09,428.91,16.67,111.32,72.8,41.51,21.87,1.34,31.22,8.68,43.54,0.91,,,,20.48,78.66,,219.97,,0.0,77.29,988.21,,2018,11,Nov,13,Tuesday,0,Post-Monsoon,0.6646848989298453,53.129999999999995,5.016129032258065,,7,True,True,414.9,398.7,132.0,10.4,27.3,67.7,31.2,414.9,PM2.5,Severe
2018-11-14,144.36,205.45,6.34,96.49,56.09,35.79,12.56,1.0,41.93,5.64,28.66,0.54,,,,21.22,77.86,,214.38,0.5,1.0,105.27,989.02,,2018,11,Nov,14,Wednesday,0,Post-Monsoon,0.7026527135556098,34.839999999999996,5.081560283687944,,7,True,True,319.6,170.6,117.3,8.9,15.7,50.0,41.9,319.6,PM2.5,Very Poor
2018-11-15,109.24,154.94,6.91,77.06,46.79,30.92,12.69,0.65,28.81,4.17,33.59,0.57,,,,19.82,79.27,,185.82,,0.0,112.2,992.52,,2018,11,Nov,15,Thursday,0,Post-Monsoon,0.7050471150122628,38.330000000000005,8.05515587529976,,7,True,True,264.5,137.3,96.4,7.7,15.9,32.5,28.8,264.5,PM2.5,Poor
2018-11-16,140.85,203.48,1.99,60.08,33.6,28.21,12.0,0.71,47.2,2.64,28.62,0.12,,,,19.65,59.69,,105.49,,0.0,147.41,991.5,,2018,11,Nov,16,Friday,0,Post-Monsoon,0.6922056221741695,31.380000000000003,10.84090909090909,,7,True,True,316.9,169.3,75.6,7.1,15.0,35.5,47.2,316.9,PM2.5,Very Poor
2018-11-17,170.65,278.21,10.83,81.3,52.2,29.97,13.99,1.0,33.75,3.96,30.01,0.4,,,,18.37,65.72,,92.03,,0.0,137.42,989.98,,2018,11,Nov,17,Saturday,1,Post-Monsoon,0.6133855720498904,34.37,7.578282828282829,,7,True,True,339.6,228.9,102.3,7.5,17.5,50.0,33.8,339.6,PM2.5,Very Poor
2018-11-18,218.71,348.95,21.89,99.28,70.63,35.64,20.12,1.3,47.46,5.49,28.99,0.67,,,,19.19,69.12,,210.05,,0.0,116.26,991.03,,2018,11,Nov,18,Sunday,1,Post-Monsoon,0.6267660123226824,35.15,5.280510018214936,,7,True,True,376.2,299.0,120.1,8.9,25.2,65.7,47.5,376.2,PM2.5,Very Poor
2018-11-19,478.34,352.7,2.12,78.23,43.45,37.06,21.37,1.03,51.78,4.42,14.58,0.14,,,,20.02,68.45,,276.02,,0.0,77.0,993.32,,2018,11,Nov,19,Monday,0,Post-Monsoon,1.0,19.14,3.298642533936652,,7,True,True,491.4,304.3,97.8,9.3,26.7,52.5,52.7,491.4,PM2.5,Severe
2018-11-20,,346.25,5.95,91.46,53.34,38.49,19.82,1.25,39.32,4.86,38.0,0.25,,,,19.69,74.28,,133.92,,0.0,112.34,993.61,,2018,11,Nov,20,Tuesday,0,Post-Monsoon,,43.11,7.818930041152263,,6,True,True,,296.3,112.3,9.6,24.8,63.2,39.3,296.3,PM10,Poor
2018-11-21,,342.09,9.97,88.46,55.11,32.93,17.28,0.85,34.95,4.06,48.31,0.28,,,,19.34,63.12,,88.77,,0.0,130.14,993.83,,2018,11,Nov,21,Wednesday,0,Post-Monsoon,,52.650000000000006,11.899014778325125,,6,True,True,,292.2,109.4,8.2,21.6,42.5,35.0,292.2,PM10,Poor
2018-11-22,,319.93,37.41,92.42,81.06,29.44,26.51,0.99,38.2,4.69,51.73,0.63,,,,18.67,60.75,,98.55,,0.0,114.21,994.62,,2018,11,Nov,22,Thursday,0,Post-Monsoon,,57.05,11.029850746268655,,6,True,True,,270.2,113.3,7.4,33.1,49.5,38.2,270.2,PM10,Poor
2018-11-23,,317.78,31.45,71.27,63.51,30.21,19.53,0.82,39.93,3.88,75.05,0.51,,,,19.58,55.02,,101.36,,0.0,129.14,996.01,,2018,11,Nov,23,Friday,0,Post-Monsoon,,79.44,19.34278350515464,,6,True,True,,268.1,89.3,7.6,24.4,41.0,39.9,268.1,PM10,Poor
2018-11-24,94.93,204.76,2.92,58.91,33.7,25.47,18.44,0.6,38.72,2.34,28.38,0.09,,,,19.31,51.98,,99.51,,0.0,133.25,994.32,,2018,11,Nov,24,Saturday,1,Post-Monsoon,0.4636159406134011,30.81,12.128205128205128,,7,True,True,217.3,170.1,74.2,6.4,23.1,30.0,38.7,217.3,PM2.5,Poor
2018-11-25,151.81,295.0,30.04,71.11,62.31,28.29,21.03,1.13,35.51,3.97,28.38,0.38,,,,17.8,63.09,,139.62,,0.0,126.46,994.14,,2018,11,Nov,25,Sunday,1,Post-Monsoon,0.5146101694915254,32.730000000000004,7.148614609571788,,7,True,True,325.2,245.6,89.1,7.1,26.3,57.4,35.5,325.2,PM2.5,Very Poor
2018-11-26,185.35,361.27,65.24,79.93,95.64,31.56,31.74,1.44,33.68,5.45,40.87,0.69,,,,17.5,70.73,,118.69,,0.0,119.03,993.27,,2018,11,Nov,26,Monday,0,Post-Monsoon,0.5130511805574778,47.01,7.499082568807339,,7,True,True,350.8,314.9,99.9,7.9,39.7,72.6,33.7,350.8,PM2.5,Very Poor
2018-11-27,254.67,440.14,52.58,90.61,90.88,36.21,20.24,2.09,29.8,10.09,93.62,2.43,,,,18.22,74.45,,189.23,,0.0,89.99,994.97,,2018,11,Nov,27,Tuesday,0,Post-Monsoon,0.5786113509337938,106.14000000000001,9.278493557978196,,7,True,True,402.8,406.9,111.5,9.1,25.3,102.1,29.8,406.9,PM10,Severe
2018-11-28,232.88,380.7,18.97,94.3,65.66,40.2,17.91,1.57,16.36,9.62,62.91,2.21,,,,18.35,80.4,,255.72,,0.0,80.12,995.93,,2018,11,Nov,28,Wednesday,0,Post-Monsoon,0.6117152613606515,74.74,6.539501039501039,,7,True,True,387.0,339.0,115.2,10.1,22.4,78.9,16.4,387.0,PM2.5,Very Poor
2018-11-29,235.42,389.34,44.4,93.73,86.03,38.41,17.95,1.59,25.27,7.54,123.69,4.76,,,,18.28,75.43,,116.21,,0.0,98.03,996.11,,2018,11,Nov,29,Thursday,0,Post-Monsoon,0.6046643036934299,135.98999999999998,16.40450928381963,,7,True,True,388.9,349.7,114.6,9.6,22.4,79.9,25.3,388.9,PM2.5,Very Poor
2018-11-30,203.06,366.58,26.42,89.08,69.14,32.78,22.32,1.26,21.67,5.65,127.61,2.19,,,,17.72,69.64,,92.51,,0.0,108.52,995.55,,2018,11,Nov,30,Friday,0,Post-Monsoon,0.5539309291287032,135.45,22.5858407079646,,7,True,True,364.3,321.5,110.0,8.2,27.9,63.7,21.7,364.3,PM2.5,Very Poor
2018-12-01,154.42,300.1,57.53,90.13,94.83,28.13,25.21,1.34,18.61,4.98,53.75,2.57,,,,17.01,65.37,,128.95,,0.0,115.44,992.83,,2018,12,Dec,1,Saturday,1,Winter,0.5145618127290902,61.300000000000004,10.79317269076305,,7,True,True,327.2,250.6,111.0,7.0,31.5,67.7,18.6,327.2,PM2.5,Very Poor
2018-12-02,179.21,339.88,85.1,85.22,114.61,26.3,24.08,1.63,25.9,6.74,85.44,4.79,,,,16.26,67.83,,174.07,,0.0,103.97,992.14,,2018,12,Dec,2,Sunday,1,Winter,0.5272743321172179,96.97,12.676557863501483,,7,True,True,346.1,290.0,106.2,6.6,30.1,81.9,25.9,346.1,PM2.5,Very Poor
2018-12-03,206.23,408.35,95.4,96.28,128.95,30.64,26.43,1.86,22.42,6.53,65.26,4.2,,,,16.02,70.69,,165.03,,0.0,106.95,993.1,,2018,12,Dec,3,Monday,0,Winter,0.5050324476551977,75.99000000000001,9.993874425727412,,7,True,True,366.7,373.2,117.1,7.7,33.0,93.1,22.4,373.2,PM10,Very Poor
2018-12-04,246.72,473.84,155.11,115.59,191.26,33.28,24.67,2.49,17.92,7.85,167.95,6.85,,,,15.7,74.61,,144.23,,0.0,95.43,994.8,,2018,12,Dec,4,Tuesday,0,Winter,0.5206820867803478,182.64999999999998,21.394904458598727,,7,True,True,397.5,426.5,136.2,8.3,30.8,107.1,17.9,426.5,PM10,Severe
2018-12-05,209.39,381.44,96.67,102.92,134.24,32.51,22.87,2.03,25.05,5.93,60.26,3.76,,,,15.53,74.92,,95.47,,0.0,98.55,992.39,,2018,12,Dec,5,Wednesday,0,Winter,0.5489460989932886,69.95,10.161888701517707,,7,True,True,369.1,339.9,123.7,8.1,28.6,101.4,25.1,369.1,PM2.5,Very Poor
2018-12-06,224.31,381.1,118.81,95.2,148.53,30.57,20.09,2.15,23.77,9.42,90.43,6.38,,,,15.13,76.3,,118.92,,0.0,93.35,991.8,,2018,12,Dec,6,Thursday,0,Winter,0.5885856730516924,106.23,9.599787685774947,,7,True,True,380.4,339.5,116.0,7.6,25.1,102.9,23.8,380.4,PM2.5,Very Poor
2018-12-07,190.33,350.32,48.18,89.14,86.09,31.24,18.84,1.37,20.05,8.4,63.7,3.9,,,,14.94,75.32,,100.38,,0.0,104.54,992.54,,2018,12,Dec,7,Friday,0,Winter,0.5433032655857503,76.00000000000001,7.583333333333333,,7,True,True,354.6,301.4,110.0,7.8,23.6,69.1,20.1,354.6,PM2.5,Very Poor
2018-12-08,221.78,351.82,30.91,81.55,68.47,32.89,24.28,1.26,27.72,8.4,63.7,3.9,,,,14.43,78.39,,150.89,,0.0,98.47,993.5,,2018,12,Dec,8,Saturday,1,Winter,0.6303791711670741,76.00000000000001,7.583333333333333,,7,True,True,378.5,303.3,102.5,8.2,30.4,63.7,27.7,378.5,PM2.5,Very Poor
2018-12-09,216.57,337.6,61.18,80.36,92.59,29.82,34.26,1.5,27.94,8.4,63.7,3.9,,,,14.05,78.65,,218.56,,0.0,95.91,992.41,,2018,12,Dec,9,Sunday,1,Winter,0.6414988151658767,76.00000000000001,7.583333333333333,,7,True,True,374.5,287.7,101.4,7.5,42.8,75.5,27.9,374.5,PM2.5,Very Poor
2018-12-10,259.56,381.24,7.24,89.08,53.18,33.81,21.55,1.58,27.03,8.4,63.7,3.9,,,,14.23,80.94,,262.8,,0.0,79.23,991.96,,2018,12,Dec,10,Monday,0,Winter,0.6808309726156752,76.00000000000001,7.583333333333333,,7,True,True,404.8,339.7,110.0,8.5,26.9,79.4,27.0,404.8,PM2.5,Severe
2018-12-11,254.93,370.12,8.4,80.73,49.62,34.95,19.95,1.39,24.41,8.4,63.7,3.9,,,,14.29,82.22,,208.15,,0.0,73.69,992.97,,2018,12,Dec,11,Tuesday,0,Winter,0.6887766129903815,76.00000000000001,7.583333333333333,,7,True,True,403.0,325.9,101.7,8.7,24.9,70.1,24.4,403.0,PM2.5,Severe
2018-12-12,202.81,280.06,7.96,72.68,45.24,32.56,20.97,1.16,21.21,8.4,63.7,3.9,,,,15.41,80.91,,188.75,,0.0,65.38,994.44,,2018,12,Dec,12,Wednesday,0,Winter,0.7241662500892666,76.00000000000001,7.583333333333333,,7,True,True,364.1,230.8,91.0,8.1,26.2,58.8,21.2,364.1,PM2.5,Very Poor
2018-12-13,74.88,111.71,5.2,61.44,36.94,24.26,18.62,0.56,19.12,4.56,38.37,1.88,,,,14.56,83.71,,133.14,0.5,1.0,99.56,997.49,,2018,12,Dec,13,Thursday,0,Winter,0.6703070450273029,44.81,8.414473684210526,,7,True,True,150.1,108.7,77.3,6.1,23.3,28.0,19.1,150.1,PM2.5,Moderate
2018-12-14,100.27,159.4,8.78,68.87,43.78,26.94,18.89,0.59,19.03,1.1,18.5,0.0,,,,14.18,80.82,,104.4,,0.0,113.19,999.44,,2018,12,Dec,14,Friday,0,Winter,0.6290464240903387,19.6,16.818181818181817,,7,True,True,234.9,140.2,86.4,6.7,23.6,29.5,19.0,234.9,PM2.5,Poor
2018-12-15,122.4,188.91,3.35,76.27,43.29,29.76,22.36,0.63,23.15,1.1,18.5,0.0,,,,14.45,75.42,,106.37,0.5,0.5,111.96,998.97,,2018,12,Dec,15,Saturday,1,Winter,0.6479275845640782,19.6,16.818181818181817,,7,True,True,302.8,159.7,95.4,7.4,27.9,31.5,23.1,302.8,PM2.5,Very Poor
2018-12-16,160.84,239.29,14.93,90.33,59.96,34.02,25.01,0.88,23.54,1.1,18.5,0.0,,,,13.21,77.27,,106.21,,0.0,143.42,999.26,,2018,12,Dec,16,Sunday,1,Winter,0.6721551255798404,19.6,16.818181818181817,,7,True,True,332.1,192.9,111.2,8.5,31.3,44.0,23.5,332.1,PM2.5,Very Poor
2018-12-17,198.72,323.38,49.92,105.72,96.02,35.23,22.79,1.32,21.87,1.1,18.5,0.0,,,,12.48,74.06,,101.85,,0.0,130.46,997.8,,2018,12,Dec,17,Monday,0,Winter,0.6145092460881935,19.6,16.818181818181817,,7,True,True,360.9,273.6,126.5,8.8,28.5,66.7,21.9,360.9,PM2.5,Very Poor
2018-12-18,212.44,331.52,18.65,102.27,69.57,37.97,28.24,1.08,27.89,1.96,59.48,0.39,,,,12.61,70.59,,97.68,,0.0,137.51,996.06,,2018,12,Dec,18,Tuesday,0,Winter,0.6408059845559846,61.83,30.346938775510203,,7,True,True,371.4,281.7,123.0,9.5,35.3,54.9,27.9,371.4,PM2.5,Very Poor
2018-12-19,259.22,385.1,37.22,106.41,86.94,38.77,27.79,1.52,23.59,6.15,71.38,7.26,,,,12.55,73.56,,83.48,,0.0,134.52,995.17,,2018,12,Dec,19,Wednesday,0,Winter,0.6731238639314464,84.79,11.60650406504065,,7,True,True,404.7,344.4,127.1,9.7,34.7,76.5,23.6,404.7,PM2.5,Severe
2018-12-20,315.4,456.75,90.78,103.97,128.94,39.11,30.72,1.94,25.56,8.09,103.89,20.27,,,,11.69,75.93,,94.8,,0.0,128.52,995.53,,2018,12,Dec,20,Thursday,0,Winter,0.6905309250136836,132.25,12.841779975278122,,7,True,True,426.9,416.6,124.7,9.8,38.4,97.1,25.6,426.9,PM2.5,Severe
2018-12-21,269.74,385.82,33.02,112.68,86.86,41.7,25.03,1.38,27.32,5.32,62.97,7.2,,,,11.37,77.76,,93.27,,0.0,129.06,994.36,,2018,12,Dec,21,Friday,0,Winter,0.6991343113368929,75.49,11.836466165413533,,7,True,True,408.8,345.3,133.4,10.4,31.3,69.6,27.3,408.8,PM2.5,Severe
2018-12-22,323.78,429.96,18.87,87.86,62.1,41.27,25.87,1.49,31.3,5.12,29.54,4.22,,,,11.13,81.73,,119.65,,0.0,114.09,994.78,,2018,12,Dec,22,Saturday,1,Winter,0.7530467950507024,38.879999999999995,5.76953125,,7,True,True,430.2,400.0,108.8,10.3,32.3,75.0,31.3,430.2,PM2.5,Severe
2018-12-23,333.02,412.43,15.61,84.32,57.53,39.62,19.66,1.94,33.05,6.84,23.64,6.63,,,,10.64,84.21,,209.5,,0.0,101.6,995.49,,2018,12,Dec,23,Sunday,1,Winter,0.8074582353369056,37.11,3.456140350877193,,7,True,True,433.9,378.3,105.3,9.9,24.6,97.1,33.0,433.9,PM2.5,Severe
2018-12-24,317.81,470.79,65.43,104.08,108.75,39.74,25.48,1.86,20.61,6.14,50.66,6.32,,,,11.49,79.86,,120.05,,0.0,110.13,994.73,,2018,12,Dec,24,Monday,0,Winter,0.6750568193886871,63.12,8.250814332247558,,7,True,True,427.9,424.8,124.8,9.9,31.9,93.1,20.6,427.9,PM2.5,Severe
2018-12-25,226.94,315.92,6.76,100.31,59.18,40.32,19.84,1.15,21.24,3.24,32.01,1.31,,,,11.31,80.34,,97.82,,0.0,114.83,994.06,,2018,12,Dec,25,Tuesday,0,Winter,0.7183464168143834,36.56,9.879629629629628,,7,True,True,382.4,266.3,121.1,10.1,24.8,58.3,21.2,382.4,PM2.5,Very Poor
2018-12-26,265.12,362.5,28.3,86.34,69.22,37.66,22.98,1.53,21.93,4.55,33.7,3.59,,,,10.63,76.11,,88.34,,0.0,127.91,992.59,,2018,12,Dec,26,Wednesday,0,Winter,0.7313655172413793,41.84,7.406593406593408,,7,True,True,407.0,316.5,107.3,9.4,28.7,77.0,21.9,407.0,PM2.5,Severe
2018-12-27,275.94,378.62,25.61,89.92,68.7,40.41,25.63,1.5,28.71,5.76,55.74,8.96,,,,11.13,72.84,,148.54,,0.0,107.43,993.79,,2018,12,Dec,27,Thursday,0,Winter,0.7288046062014685,70.46000000000001,9.677083333333334,,7,True,True,411.3,336.4,110.8,10.1,32.0,75.5,28.7,411.3,PM2.5,Severe
2018-12-28,259.38,364.96,9.64,100.55,61.91,47.01,23.44,1.13,23.29,2.23,13.59,0.51,,,,10.74,76.02,,99.55,,0.0,114.81,994.18,,2018,12,Dec,28,Friday,0,Winter,0.7107080227970188,16.330000000000002,6.0941704035874436,,7,True,True,404.7,319.5,121.3,11.8,29.3,57.4,23.3,404.7,PM2.5,Severe
2018-12-29,292.77,414.15,39.47,97.2,82.93,43.18,23.4,1.54,20.35,0.9,2.7,0.0,,,,10.25,76.41,,89.24,,0.0,132.88,996.3,,2018,12,Dec,29,Saturday,1,Winter,0.7069177834118073,3.6,3.0,,7,True,True,417.9,380.4,118.0,10.8,29.2,77.5,20.4,417.9,PM2.5,Severe
2018-12-30,365.75,528.38,77.33,98.56,114.76,43.4,34.58,2.18,25.93,0.9,2.7,0.0,,,,11.01,73.92,,72.57,,0.0,122.81,998.41,,2018,12,Dec,30,Sunday,1,Winter,0.6922101517847004,3.6,3.0,,7,True,True,446.8,458.3,119.4,10.8,43.2,103.2,25.9,458.3,PM10,Severe
2018-12-31,285.12,438.12,64.0,103.94,107.91,43.08,25.67,1.64,19.74,1.57,55.49,1.03,,,,11.87,73.61,,102.54,,0.0,130.1,998.07,,2018,12,Dec,31,Monday,0,Winter,0.6507806080525883,58.09,35.34394904458599,,7,True,True,414.9,405.7,124.7,10.8,32.1,82.4,19.7,414.9,PM2.5,Severe
2021-01-01,298.23,364.67,29.5,25.72,37.74,46.77,10.19,1.5,13.29,12.79,27.12,2.24,,,,8.3,77.37,,87.6,,0.0,70.97,994.84,,2021,1,Jan,1,Friday,0,Winter,0.817807881097979,42.15,2.120406567630962,,7,True,True,420.1,319.2,32.1,11.7,12.7,75.5,13.3,420.1,PM2.5,Severe
2021-01-02,344.83,423.18,6.49,31.53,21.92,43.74,10.65,1.29,16.0,13.16,18.6,1.4,,,,12.09,70.13,,80.71,0.5,1.0,43.7,993.29,,2021,1,Jan,2,Saturday,1,Winter,0.8148541991587503,33.160000000000004,1.4133738601823709,,7,True,True,438.6,391.6,39.4,10.9,13.3,65.2,16.0,438.6,PM2.5,Severe
2021-01-03,166.68,209.59,7.99,20.62,17.65,38.3,10.17,0.77,18.08,6.02,10.47,1.35,,,,14.01,72.55,,90.15,0.6,3.0,41.48,991.38,,2021,1,Jan,3,Sunday,1,Winter,0.7952669497590534,17.840000000000003,1.7392026578073092,,7,True,True,336.5,173.3,25.8,9.6,12.7,38.5,18.1,336.5,PM2.5,Very Poor
2021-01-04,61.29,76.81,6.65,20.07,16.1,29.32,11.94,0.6,17.4,4.07,21.62,1.61,,,,16.08,73.79,,120.16,0.71,10.0,83.89,992.89,,2021,1,Jan,4,Monday,0,Winter,0.7979429761749772,27.3,5.312039312039312,,7,True,True,105.3,77.3,25.1,7.3,14.9,30.0,17.4,105.3,PM2.5,Moderate
2021-01-05,44.07,51.43,3.78,12.88,9.95,35.65,10.19,0.57,17.71,2.59,7.2,0.45,,,,16.36,73.88,,97.35,0.67,6.0,48.14,992.12,,2021,1,Jan,5,Tuesday,0,Winter,0.8568928640871087,10.239999999999998,2.77992277992278,,7,True,True,74.0,52.4,16.1,8.9,12.7,28.5,17.7,74.0,PM2.5,Satisfactory
2021-01-06,104.17,139.87,5.52,17.85,14.08,27.3,11.72,0.65,10.98,4.96,13.41,1.2,,,,16.8,74.1,,147.61,5.75,11.5,52.04,991.63,,2021,1,Jan,6,Wednesday,0,Winter,0.7447629942089082,19.57,2.7036290322580645,,7,True,True,247.8,127.3,22.3,6.8,14.7,32.5,11.0,247.8,PM2.5,Poor
2021-01-07,96.06,133.08,7.25,10.28,11.65,21.46,8.38,0.42,20.73,3.06,15.37,0.85,,,,15.34,73.11,,284.34,,0.0,56.69,991.39,,2021,1,Jan,7,Thursday,0,Winter,0.7218214607754734,19.28,5.022875816993464,,7,True,True,221.0,122.8,12.8,5.4,10.5,21.0,20.7,221.0,PM2.5,Poor
2021-01-08,137.23,215.67,7.65,14.08,13.78,18.17,21.05,0.5,17.08,3.58,21.31,0.98,,,,13.35,73.74,,156.18,,0.0,68.06,991.18,,2021,1,Jan,8,Friday,0,Winter,0.6362961932582185,25.87,5.9525139664804465,,7,True,True,314.1,177.3,17.6,4.5,26.3,25.0,17.1,314.1,PM2.5,Very Poor
2021-01-09,122.12,171.81,5.94,13.35,12.02,13.94,16.01,0.54,19.36,3.47,6.99,0.53,,,,14.94,71.05,,307.14,,0.0,80.85,991.82,,2021,1,Jan,9,Saturday,1,Winter,0.7107851696641639,10.99,2.0144092219020173,,7,True,True,302.6,148.4,16.7,3.5,20.0,27.0,19.4,302.6,PM2.5,Very Poor
2021-01-10,113.1,158.71,3.71,11.29,9.02,15.82,13.4,0.44,28.25,2.96,20.6,0.57,,,,11.02,68.77,,274.44,,0.0,129.34,992.7,,2021,1,Jan,10,Sunday,1,Winter,0.712620502803856,24.130000000000003,6.95945945945946,,7,True,True,277.2,139.7,14.1,4.0,16.8,22.0,28.2,277.2,PM2.5,Poor
2021-01-11,109.71,160.75,3.81,15.72,11.51,16.98,8.58,0.49,29.52,3.45,13.45,0.28,,,,11.02,70.2,,267.75,,0.0,130.96,993.04,,2021,1,Jan,11,Monday,0,Winter,0.6824883359253499,17.18,3.8985507246376807,,7,True,True,266.0,141.1,19.7,4.2,10.7,24.5,29.5,266.0,PM2.5,Poor
2021-01-12,150.9,205.54,6.04,17.99,14.48,18.24,8.67,0.71,24.18,5.5,38.47,0.82,,,,10.06,74.82,,266.66,,0.0,100.61,993.27,,2021,1,Jan,12,Tuesday,0,Winter,0.7341636664396225,44.79,6.994545454545454,,7,True,True,324.5,170.7,22.5,4.6,10.8,35.5,24.2,324.5,PM2.5,Very Poor
2021-01-13,185.45,272.26,25.04,18.51,30.27,19.48,10.22,1.02,24.44,7.46,34.51,1.33,,,,8.8,73.08,,223.02,,0.0,105.6,992.38,,2021,1,Jan,13,Wednesday,0,Winter,0.6811503709689267,43.3,4.626005361930295,,7,True,True,350.8,223.0,23.1,4.9,12.8,52.0,24.4,350.8,PM2.5,Very Poor
2021-01-14,249.36,320.51,12.52,23.2,22.41,16.64,11.47,1.1,17.51,9.11,24.44,2.18,,,,7.87,78.62,,40.6,,0.0,63.92,992.6,,2021,1,Jan,14,Thursday,0,Winter,0.7780100464884092,35.73,2.6827661909989025,,7,True,True,399.5,270.8,29.0,4.2,14.3,55.9,17.5,399.5,PM2.5,Very Poor
2021-01-15,334.74,422.81,13.71,27.23,25.67,17.87,11.95,1.19,27.29,11.82,29.15,2.43,,,,10.98,76.06,,38.71,,0.0,76.04,990.96,,2021,1,Jan,15,Friday,0,Winter,0.7917031290650647,43.4,2.4661590524534684,,7,True,True,434.6,391.1,34.0,4.5,14.9,60.3,27.3,434.6,PM2.5,Severe
2021-01-16,177.07,239.45,5.73,20.64,15.66,13.01,9.16,0.78,17.75,10.09,44.33,2.07,,,,10.3,76.67,,282.0,,0.0,86.33,989.77,,2021,1,Jan,16,Saturday,1,Winter,0.7394863228231363,56.49,4.393458870168484,,7,True,True,344.5,193.0,25.8,3.3,11.4,39.0,17.8,344.5,PM2.5,Very Poor
2021-01-17,212.12,259.33,3.63,16.85,11.92,12.27,,0.8,34.32,8.6,13.84,0.95,,,,10.67,73.53,,94.2,,0.0,89.73,992.15,,2021,1,Jan,17,Sunday,1,Winter,0.8179539582770987,23.389999999999997,1.6093023255813954,,6,True,True,371.2,210.2,21.1,3.1,,40.0,34.3,371.2,PM2.5,Very Poor
2021-01-18,205.48,284.62,11.77,26.15,23.5,19.02,13.38,0.84,27.56,6.48,13.26,1.12,,,,11.47,72.05,,69.07,,0.0,57.0,992.63,,2021,1,Jan,18,Monday,0,Winter,0.7219450495397371,20.860000000000003,2.0462962962962963,,7,True,True,366.1,235.3,32.7,4.8,16.7,42.0,27.6,366.1,PM2.5,Very Poor
2021-01-19,210.12,284.65,36.55,28.01,45.69,12.27,10.29,0.83,24.45,8.94,53.86,3.43,,,,,73.4,,236.28,,0.0,106.16,990.35,,2021,1,Jan,19,Tuesday,0,Winter,0.7381696820656948,66.23,6.024608501118569,,7,True,True,369.6,235.3,35.0,3.1,12.9,41.5,24.4,369.6,PM2.5,Very Poor
2021-01-20,145.73,194.38,3.28,19.55,13.12,9.07,8.74,0.8,35.08,5.38,24.14,0.87,,,,14.52,70.08,,305.45,,0.0,102.06,990.92,,2021,1,Jan,20,Wednesday,0,Winter,0.7497170490791233,30.39,4.4869888475836435,,7,True,True,320.6,163.3,24.4,2.3,10.9,40.0,35.1,320.6,PM2.5,Very Poor
2021-01-21,194.14,296.76,30.68,38.46,45.48,23.49,10.54,1.53,23.28,6.65,32.59,1.84,,,,10.71,74.57,,276.26,,0.0,31.61,989.64,,2021,1,Jan,21,Thursday,0,Winter,0.6541986790672597,41.080000000000005,4.900751879699248,,7,True,True,357.5,247.3,48.1,5.9,13.2,77.0,23.3,357.5,PM2.5,Very Poor
2021-01-22,229.99,302.54,22.62,32.81,35.79,27.34,9.31,1.27,12.6,9.16,27.55,2.64,,,,9.94,77.32,,102.27,,0.0,72.67,991.26,,2021,1,Jan,22,Friday,0,Winter,0.7601969987439677,39.35,3.0076419213973797,,7,True,True,384.8,253.0,41.0,6.8,11.6,64.2,12.6,384.8,PM2.5,Very Poor
2021-01-23,169.93,257.19,6.26,35.46,24.14,25.43,9.87,1.22,36.89,6.77,14.24,1.73,,,,13.16,69.52,,143.59,,0.0,109.04,989.55,,2021,1,Jan,23,Saturday,1,Winter,0.6607177573000506,22.74,2.103397341211226,,7,True,True,339.0,208.1,44.3,6.4,12.3,61.8,36.9,339.0,PM2.5,Very Poor
2021-01-24,199.68,295.24,12.72,24.23,23.21,25.46,8.75,1.51,11.1,7.01,18.46,1.78,,,,11.04,78.25,,318.45,,0.0,31.09,992.57,,2021,1,Jan,24,Sunday,1,Winter,0.6763311204443843,27.25,2.633380884450785,,7,True,True,361.7,245.8,30.3,6.4,10.9,76.0,11.1,361.7,PM2.5,Very Poor
2021-01-25,148.09,239.21,26.53,21.09,33.38,20.17,8.8,1.84,34.01,5.01,10.21,0.88,,,,11.13,73.03,,301.29,,0.0,95.77,994.54,,2021,1,Jan,25,Monday,0,Winter,0.619079469921826,16.1,2.037924151696607,,7,True,True,322.4,192.9,26.4,5.0,11.0,92.2,34.0,322.4,PM2.5,Very Poor
2021-01-26,204.36,321.64,19.83,28.91,31.81,16.45,10.03,1.07,35.29,8.03,23.02,1.8,,,,11.6,66.76,,302.62,,0.0,128.47,993.82,,2021,1,Jan,26,Tuesday,0,Winter,0.6353687352319364,32.849999999999994,2.8667496886674972,,7,True,True,365.2,271.9,36.1,4.1,12.5,54.4,35.3,365.2,PM2.5,Very Poor
2021-01-27,187.52,330.83,23.06,32.98,36.54,12.39,14.96,0.94,41.12,6.23,34.19,1.69,,,,12.19,63.85,,296.87,,0.0,141.52,993.62,,2021,1,Jan,27,Wednesday,0,Winter,0.5668167941238703,42.11,5.487961476725521,,7,True,True,352.4,281.0,41.2,3.1,18.7,47.0,41.1,352.4,PM2.5,Very Poor
2021-01-28,277.62,385.29,40.48,34.02,51.3,11.0,12.87,1.46,28.83,9.83,32.98,2.61,,,,9.67,73.3,,63.58,,0.0,115.33,994.61,,2021,1,Jan,28,Thursday,0,Winter,0.7205481585299385,45.419999999999995,3.3550356052899284,,7,True,True,411.9,344.7,42.5,2.8,16.1,73.5,28.8,411.9,PM2.5,Severe
2021-01-29,204.7,343.92,31.41,37.2,45.11,8.63,13.08,1.37,34.5,8.24,65.01,2.94,,,,11.7,66.02,,262.9,,0.0,123.33,994.88,,2021,1,Jan,29,Friday,0,Winter,0.595196557338916,76.19,7.889563106796117,,7,True,True,365.5,294.0,46.5,2.2,16.4,69.1,34.5,365.5,PM2.5,Very Poor
2021-01-30,186.92,306.83,10.38,37.04,28.74,10.04,17.64,0.73,45.54,5.9,41.63,1.31,,,,12.35,59.4,,270.04,,0.0,137.73,993.12,,2021,1,Jan,30,Saturday,1,Winter,0.6091972753642082,48.84,7.055932203389831,,7,True,True,352.0,257.3,46.3,2.5,22.1,36.5,45.5,352.0,PM2.5,Very Poor
2021-01-31,229.29,375.48,53.68,39.59,65.13,9.88,13.83,1.18,43.65,9.43,32.38,2.74,,,,12.55,61.59,,180.95,,0.0,139.74,993.81,,2021,1,Jan,31,Sunday,1,Winter,0.6106583573026525,44.550000000000004,3.43372216330859,,7,True,True,384.2,332.5,49.5,2.5,17.3,59.8,43.6,384.2,PM2.5,Very Poor
2021-02-01,210.5,340.04,15.54,46.59,37.44,14.2,15.57,1.06,28.67,7.73,18.87,1.77,,,,13.78,62.71,,168.12,,0.0,127.23,995.51,,2021,2,Feb,1,Monday,0,Winter,0.6190448182566757,28.37,2.441138421733506,,7,True,True,369.9,290.1,59.1,3.5,19.5,53.9,28.7,369.9,PM2.5,Very Poor
2021-02-02,300.42,473.48,57.08,49.48,72.89,8.09,19.76,1.71,7.43,10.24,47.83,4.71,,,,13.59,68.37,,208.29,,0.0,72.39,993.91,,2021,2,Feb,2,Tuesday,0,Winter,0.6344935372138211,62.78,4.6708984375,,7,True,True,421.0,426.3,62.6,2.0,24.7,85.8,7.4,426.3,PM10,Severe
2021-02-03,208.31,315.53,3.44,33.47,20.61,8.98,12.28,0.89,3.87,7.97,22.06,1.59,,,,16.71,63.21,,89.18,,0.0,119.46,992.44,,2021,2,Feb,3,Wednesday,0,Winter,0.6601907900991982,31.619999999999997,2.767879548306148,,7,True,True,368.3,265.9,41.8,2.2,15.3,44.5,3.9,368.3,PM2.5,Very Poor
2021-02-04,118.12,159.57,3.05,18.41,12.26,17.15,11.68,0.64,19.54,4.57,7.4,0.6,,,,14.76,67.09,,103.63,,0.0,86.79,993.23,,2021,2,Feb,4,Thursday,0,Winter,0.740239393369681,12.57,1.6192560175054704,,7,True,True,293.8,140.3,23.0,4.3,14.6,32.0,19.5,293.8,PM2.5,Poor
2021-02-05,61.89,109.75,8.68,27.7,21.75,20.97,12.39,0.62,30.63,3.9,12.92,0.78,,,,13.43,67.48,,175.42,,0.0,148.49,994.36,,2021,2,Feb,5,Friday,0,Winter,0.5639179954441913,17.6,3.312820512820513,,7,True,True,107.2,107.4,34.6,5.2,15.5,31.0,30.6,107.4,PM10,Moderate
2021-02-06,92.27,153.4,4.75,25.82,17.59,19.45,14.72,0.62,38.05,3.09,17.13,0.63,,,,14.64,64.44,,271.86,0.5,0.5,151.64,994.67,,2021,2,Feb,6,Saturday,1,Winter,0.6014993481095176,20.849999999999998,5.543689320388349,,7,True,True,208.5,136.2,32.3,4.9,18.4,31.0,38.0,208.5,PM2.5,Poor
2021-02-07,146.66,230.68,10.28,26.28,22.83,18.99,16.27,0.82,43.39,4.04,32.23,1.19,,,,15.09,64.04,,270.04,,0.0,146.33,994.33,,2021,2,Feb,7,Sunday,1,Winter,0.6357724986994971,37.459999999999994,7.977722772277227,,7,True,True,321.3,187.2,32.9,4.7,20.3,41.0,43.4,321.3,PM2.5,Very Poor
2021-02-08,194.28,395.32,27.5,41.43,43.75,20.76,12.34,1.05,40.84,6.19,34.81,1.87,,,,15.31,67.34,,215.26,,0.0,138.23,994.46,,2021,2,Feb,8,Monday,0,Winter,0.49144996458565215,42.87,5.623586429725363,,7,True,True,357.6,357.1,52.8,5.2,15.4,53.5,40.8,357.6,PM2.5,Very Poor
2021-02-09,185.49,286.6,27.56,40.75,44.67,18.89,15.26,1.32,14.89,7.55,27.59,2.42,,,,13.53,73.89,,232.65,,0.0,72.14,991.61,,2021,2,Feb,9,Tuesday,0,Winter,0.647208653175157,37.56,3.6543046357615894,,7,True,True,350.9,237.2,51.9,4.7,19.1,66.7,14.9,350.9,PM2.5,Very Poor
2021-02-10,186.12,342.7,16.11,48.38,38.89,23.48,14.91,0.96,14.83,7.55,40.29,2.64,,,,17.96,61.71,,123.96,,0.0,137.5,989.7,,2021,2,Feb,10,Wednesday,0,Winter,0.5430989203384885,50.48,5.336423841059602,,7,True,True,351.4,292.8,61.3,5.9,18.6,48.0,14.8,351.4,PM2.5,Very Poor
2021-02-11,176.81,318.96,29.74,43.26,47.53,21.9,15.32,1.01,5.15,6.99,53.6,2.43,,,,16.76,66.66,,246.39,,0.0,137.0,990.67,,2021,2,Feb,11,Thursday,0,Winter,0.5543328317030349,63.02,7.668097281831187,,7,True,True,344.3,269.3,55.0,5.5,19.1,51.5,5.2,344.3,PM2.5,Very Poor
2021-02-12,207.94,334.43,22.62,35.85,37.52,29.89,16.86,1.1,8.37,7.47,30.98,2.12,,,,16.82,71.56,,73.47,,0.0,113.65,991.86,,2021,2,Feb,12,Friday,0,Winter,0.6217743623478754,40.57,4.147255689424364,,7,True,True,368.0,284.6,44.8,7.5,21.1,55.9,8.4,368.0,PM2.5,Very Poor
2021-02-13,159.96,238.38,12.35,36.66,29.46,21.2,10.92,1.31,19.3,9.45,43.09,3.06,,,,16.06,72.59,,134.08,,0.0,103.26,991.99,,2021,2,Feb,13,Saturday,1,Winter,0.6710294487792601,55.60000000000001,4.55978835978836,,7,True,True,331.4,192.3,45.8,5.3,13.7,66.2,19.3,331.4,PM2.5,Very Poor
2021-02-14,159.87,261.16,11.97,37.69,29.81,20.8,9.94,0.99,38.69,7.46,19.73,2.17,,,,16.38,67.56,,122.48,,0.0,121.7,991.28,,2021,2,Feb,14,Sunday,1,Winter,0.6121534691376933,29.36,2.6447721179624666,,7,True,True,331.4,212.0,47.1,5.2,12.4,49.5,38.7,331.4,PM2.5,Very Poor
2021-02-15,185.6,307.21,64.5,41.88,74.89,22.68,13.64,1.21,42.82,8.74,20.01,3.33,,,,17.82,66.15,,77.81,,0.0,127.45,989.58,,2021,2,Feb,15,Monday,0,Winter,0.6041470004231634,32.08,2.2894736842105265,,7,True,True,351.0,257.6,53.3,5.7,17.1,61.3,42.8,351.0,PM2.5,Very Poor
2021-02-16,181.67,306.31,22.58,44.16,42.53,22.04,15.67,1.25,46.25,8.64,27.15,3.01,,,,17.7,64.78,,59.46,,0.0,119.06,989.23,,2021,2,Feb,16,Tuesday,0,Winter,0.5930919656557082,38.8,3.1423611111111107,,7,True,True,348.0,256.7,56.1,5.5,19.6,63.2,46.2,348.0,PM2.5,Very Poor
2021-02-17,154.43,320.22,41.95,43.92,57.55,20.89,10.81,1.24,39.34,7.3,32.38,3.21,,,,16.84,64.99,,169.56,,0.0,120.97,991.01,,2021,2,Feb,17,Wednesday,0,Winter,0.4822621947411155,42.89,4.435616438356165,,7,True,True,327.2,270.5,55.8,5.2,13.5,62.8,39.3,327.2,PM2.5,Very Poor
2021-02-18,151.4,248.84,20.26,37.18,36.3,20.18,11.25,1.18,21.34,7.92,28.6,3.66,,,,14.55,72.13,,245.62,,0.0,87.14,993.9,,2021,2,Feb,18,Thursday,0,Winter,0.60842308310561,40.18000000000001,3.611111111111111,,7,True,True,324.9,199.2,46.5,5.0,14.1,59.8,21.3,324.9,PM2.5,Very Poor
2021-02-19,162.8,278.3,33.08,37.29,46.06,22.92,11.73,1.12,46.67,8.27,53.57,3.5,,,,16.65,71.19,,286.24,,0.0,116.56,996.16,,2021,2,Feb,19,Friday,0,Winter,0.5849802371541503,65.34,6.477629987908102,,7,True,True,333.6,229.0,46.6,5.7,14.7,56.9,46.7,333.6,PM2.5,Very Poor
2021-02-20,100.6,177.9,12.6,35.15,28.75,18.72,10.31,1.0,35.22,6.44,38.21,2.35,,,,16.71,67.39,,297.86,,0.0,130.89,995.8,,2021,2,Feb,20,Saturday,1,Winter,0.5654862282181,47.0,5.933229813664596,,7,True,True,236.0,152.4,43.9,4.7,12.9,50.0,35.2,236.0,PM2.5,Poor
2021-02-21,175.07,308.83,11.28,39.69,30.18,15.84,15.8,0.9,46.1,5.7,42.3,1.84,,,,18.1,61.86,,277.36,,0.0,141.11,993.97,,2021,2,Feb,21,Sunday,1,Winter,0.5668814558171162,49.84,7.421052631578947,,7,True,True,342.9,259.2,49.6,4.0,19.8,45.0,46.1,342.9,PM2.5,Very Poor
2021-02-22,113.48,321.84,13.3,32.77,28.87,14.64,24.62,0.8,48.1,5.78,29.23,1.9,,,,18.92,61.18,,253.62,,0.0,141.35,992.15,,2021,2,Feb,22,Monday,0,Winter,0.35259756400696,36.91,5.057093425605536,,7,True,True,278.5,272.1,41.0,3.7,30.8,40.0,48.1,278.5,PM2.5,Poor
2021-02-23,181.07,375.75,20.02,72.69,54.97,11.68,19.96,1.04,57.96,7.39,35.16,3.5,,,,20.46,55.26,,246.47,,0.0,141.02,989.93,,2021,2,Feb,23,Tuesday,0,Winter,0.48188955422488355,46.05,4.757780784844384,,7,True,True,347.5,332.9,91.0,2.9,25.0,53.0,58.8,347.5,PM2.5,Very Poor
2021-02-24,186.28,448.65,69.31,48.94,82.53,5.68,34.17,1.26,45.08,4.26,78.59,7.75,,,,21.12,55.81,,197.58,,0.0,148.31,988.31,,2021,2,Feb,24,Wednesday,0,Winter,0.41520115903265353,90.60000000000001,18.44835680751174,,7,True,True,351.5,411.9,62.0,1.4,42.7,63.7,45.1,411.9,PM10,Severe
2021-02-25,174.77,385.74,61.35,39.99,70.44,11.17,28.66,1.26,42.59,2.23,52.08,4.04,,,,22.17,57.26,,200.0,,0.0,146.4,987.41,,2021,2,Feb,25,Thursday,0,Winter,0.45307720226059006,58.349999999999994,23.354260089686097,,7,True,True,342.7,345.2,50.0,2.8,35.8,63.7,42.6,345.2,PM10,Very Poor
2021-02-26,102.65,273.79,21.62,38.17,38.01,9.39,20.17,0.99,36.72,1.4,26.24,1.68,,,,23.1,56.56,,220.32,,0.0,153.98,985.07,,2021,2,Feb,26,Friday,0,Winter,0.3749223857701158,29.319999999999997,18.742857142857144,,7,True,True,242.7,224.6,47.7,2.3,25.2,49.5,36.7,242.7,PM2.5,Poor
2021-02-27,82.42,246.25,17.17,32.01,31.01,8.57,16.54,0.71,36.56,1.92,20.71,2.94,,,,23.09,52.69,,152.22,,0.0,142.98,984.7,,2021,2,Feb,27,Saturday,1,Winter,0.3347005076142132,25.570000000000004,10.786458333333334,,7,True,True,175.0,197.5,40.0,2.1,20.7,35.5,36.6,197.5,PM10,Moderate
2021-02-28,73.99,229.91,5.13,28.51,19.47,7.56,20.75,0.51,49.21,2.37,15.46,0.71,,,,22.16,48.45,,212.25,,0.0,144.87,987.68,,2021,2,Feb,28,Sunday,1,Winter,0.3218215823583141,18.540000000000003,6.523206751054852,,7,True,True,147.2,186.7,35.6,1.9,25.9,25.5,49.2,186.7,PM10,Moderate
2021-03-01,78.6,215.73,7.32,27.91,20.66,6.68,18.37,0.49,53.66,2.74,18.34,0.51,,,,19.95,51.23,,275.93,,0.0,157.29,991.47,,2021,3,Mar,1,Monday,0,Summer,0.3643443192879989,21.59,6.693430656934306,,7,True,True,162.4,177.4,34.9,1.7,23.0,24.5,54.6,177.4,PM10,Moderate
2021-03-02,71.15,193.56,2.72,16.46,10.98,7.12,20.54,0.4,72.54,1.72,35.32,0.18,,,,21.12,46.53,,277.77,,0.0,157.94,991.51,,2021,3,Mar,2,Tuesday,0,Summer,0.36758627815664396,37.22,20.53488372093023,,7,True,True,137.8,162.7,20.6,1.8,25.7,20.0,73.1,162.7,PM10,Moderate
2021-03-03,114.78,269.52,14.66,29.31,27.64,12.46,26.58,0.62,61.35,3.45,38.48,0.85,,,,20.99,47.86,,289.56,,0.0,155.37,989.64,,2021,3,Mar,3,Wednesday,0,Summer,0.42586821015138027,42.78,11.153623188405795,,7,True,True,282.8,220.3,36.6,3.1,33.2,31.0,62.1,282.8,PM2.5,Poor
2021-03-04,160.24,318.91,20.52,36.57,36.18,17.42,21.86,0.84,44.23,7.69,25.85,2.18,,,,21.11,55.75,,122.57,,0.0,134.25,989.4,,2021,3,Mar,4,Thursday,0,Summer,0.5024615095167916,35.72,3.3615084525357606,,7,True,True,331.6,269.2,45.7,4.4,27.3,42.0,44.2,331.6,PM2.5,Very Poor
2021-03-05,123.47,264.62,15.57,34.81,30.97,19.97,17.81,0.79,49.79,4.67,27.63,1.78,,,,18.27,62.8,,218.55,,0.0,120.06,989.52,,2021,3,Mar,5,Friday,0,Summer,0.46659360592547805,34.08,5.916488222698073,,7,True,True,303.6,215.5,43.5,5.0,22.3,39.5,49.8,303.6,PM2.5,Very Poor
2021-03-06,,,,,,,,,,,,,,,,,,,,,0.0,,,,2021,3,Mar,6,Saturday,1,Summer,,,,,0,False,False,,,,,,,,,None,Unknown
2021-03-07,98.08,249.2,0.69,12.59,7.18,41.3,23.08,0.76,102.18,5.52,176.23,1.13,,,,26.82,45.43,,88.48,,0.0,99.78,986.2,,2021,3,Mar,7,Sunday,1,Summer,0.39357945425361157,182.88,31.92572463768116,,7,True,True,227.7,199.5,15.7,10.3,28.8,38.0,104.2,227.7,PM2.5,Poor
2021-03-08,119.4,262.13,0.98,14.21,8.43,49.07,16.73,0.64,75.63,4.77,9.46,1.08,,,,23.52,55.58,,85.36,,0.0,115.56,988.26,,2021,3,Mar,8,Monday,0,Summer,0.4554991797962843,15.31,1.9832285115303987,,7,True,True,298.0,213.0,17.8,12.3,20.9,32.0,76.1,298.0,PM2.5,Poor
2021-03-09,145.01,319.04,1.59,18.55,11.17,44.35,23.31,1.33,65.54,4.75,8.52,1.03,,,,24.77,56.31,,90.66,,0.0,115.48,989.57,,2021,3,Mar,9,Tuesday,0,Summer,0.4545198094282848,14.299999999999999,1.7936842105263158,,7,True,True,320.0,269.3,23.2,11.1,29.1,67.2,66.2,320.0,PM2.5,Very Poor
2021-03-10,71.3,185.25,10.24,25.72,21.98,24.17,23.57,0.69,55.1,3.37,24.92,1.21,,,,24.09,52.73,,158.49,,0.0,128.5,989.71,,2021,3,Mar,10,Wednesday,0,Summer,0.384885290148448,29.500000000000004,7.394658753709199,,7,True,True,138.3,157.3,32.1,6.0,29.5,34.5,56.0,157.3,PM10,Moderate
2021-03-11,117.71,283.88,16.73,30.93,30.01,24.63,26.73,1.03,54.94,4.11,15.02,1.95,,,,25.28,53.7,,142.11,,0.0,134.85,990.39,,2021,3,Mar,11,Thursday,0,Summer,0.4146470339580104,21.08,3.654501216545012,,7,True,True,292.4,234.5,38.7,6.2,33.4,52.5,55.8,292.4,PM2.5,Poor
2021-03-12,98.62,241.96,6.98,24.85,18.73,20.82,17.25,0.79,42.81,5.0,13.58,2.21,,,,22.9,51.47,,95.4,,0.0,79.54,992.57,,2021,3,Mar,12,Friday,0,Summer,0.4075880310795173,20.79,2.716,,7,True,True,229.4,194.7,31.1,5.2,21.6,39.5,42.8,229.4,PM2.5,Poor
2021-03-13,102.94,212.38,12.04,21.65,21.34,18.48,20.72,0.98,44.92,1.28,12.45,0.68,,,,22.53,55.07,,204.57,,0.0,144.06,993.27,,2021,3,Mar,13,Saturday,1,Summer,0.48469724079480175,14.409999999999998,9.7265625,,7,True,True,243.7,175.2,27.1,4.6,25.9,49.0,44.9,243.7,PM2.5,Poor
2021-03-14,98.5,214.08,7.31,22.92,18.15,33.22,24.77,1.07,50.18,2.42,12.41,0.7,,,,22.4,55.75,,277.26,,0.0,219.26,990.92,,2021,3,Mar,14,Sunday,1,Summer,0.46010837070254107,15.53,5.12809917355372,,7,True,True,229.1,176.3,28.7,8.3,31.0,54.4,51.2,229.1,PM2.5,Poor
2021-03-15,126.06,274.18,2.0,27.88,16.31,33.33,27.72,1.5,17.1,4.09,40.18,14.84,,,,22.43,57.38,,291.79,,0.0,6.65,988.96,,2021,3,Mar,15,Monday,0,Summer,0.45977095338828505,59.11,9.8239608801956,,7,True,True,305.6,224.9,34.9,8.3,34.6,75.5,17.1,305.6,PM2.5,Very Poor
2021-03-16,104.92,340.75,4.73,24.35,16.38,18.73,26.6,0.89,31.61,1.62,40.59,1.21,,,,23.95,53.88,,277.62,,0.0,135.81,989.45,,2021,3,Mar,16,Tuesday,0,Summer,0.3079090242112986,43.42,25.055555555555557,,7,True,True,250.2,290.8,30.4,4.7,33.2,44.5,31.6,290.8,PM10,Poor
2021-03-17,122.7,409.75,16.58,29.6,29.05,20.35,28.64,0.95,41.08,3.76,35.02,2.41,,,,24.73,50.83,,201.17,,0.0,143.04,988.14,,2021,3,Mar,17,Wednesday,0,Summer,0.299450884685784,41.19,9.313829787234043,,7,True,True,303.1,374.9,37.0,5.1,35.8,47.5,41.1,374.9,PM10,Very Poor
2021-03-18,122.5,420.12,39.31,33.79,49.99,19.55,25.41,0.99,44.59,4.2,40.67,2.93,,,,24.67,51.41,,257.8,,0.0,131.24,988.43,,2021,3,Mar,18,Thursday,0,Summer,0.2915833571360564,47.800000000000004,9.683333333333334,,7,True,True,302.9,387.8,42.2,4.9,31.8,49.5,44.6,387.8,PM10,Very Poor
2021-03-19,89.47,272.0,3.89,24.7,16.42,17.82,22.21,0.94,40.27,3.3,21.36,1.3,,,,25.54,47.88,,237.22,,0.0,138.12,988.09,,2021,3,Mar,19,Friday,0,Summer,0.32893382352941175,25.96,6.472727272727273,,7,True,True,198.3,222.8,30.9,4.5,27.8,47.0,40.3,222.8,PM10,Poor
2021-03-20,111.62,272.75,25.38,34.71,38.04,17.08,28.17,1.06,,3.11,19.57,1.61,,,,24.6,50.11,,287.48,,0.0,148.47,986.53,,2021,3,Mar,20,Saturday,1,Summer,0.40923923006416135,24.29,6.292604501607717,,6,True,True,272.3,223.5,43.4,4.3,35.2,53.9,,272.3,PM2.5,Poor
2021-03-21,198.49,420.28,35.57,53.46,57.5,15.7,46.42,1.09,58.82,5.54,31.3,3.88,,,,21.18,60.3,,195.61,,0.0,48.96,986.06,,2021,3,Mar,21,Sunday,1,Summer,0.47228038450556775,40.720000000000006,5.649819494584838,,7,True,True,360.8,388.0,67.5,3.9,58.9,55.4,59.6,388.0,PM10,Very Poor
2021-03-22,73.07,219.29,2.16,31.52,18.53,14.45,19.75,1.08,57.31,2.74,8.09,0.81,,,,24.47,51.1,,129.34,,0.0,97.04,989.25,,2021,3,Mar,22,Monday,0,Summer,0.3332117287610014,11.64,2.952554744525547,,7,True,True,144.1,179.7,39.4,3.6,24.7,54.9,58.2,179.7,PM10,Moderate
2021-03-23,65.75,255.79,4.83,37.11,23.6,16.55,18.95,1.5,44.29,3.28,17.49,1.63,,,,23.02,50.36,,154.07,,0.0,88.99,991.13,,2021,3,Mar,23,Tuesday,0,Summer,0.2570467962000078,22.4,5.3323170731707314,,7,True,True,120.0,206.7,46.4,4.1,23.7,75.5,44.3,206.7,PM10,Poor
2021-03-24,73.79,203.71,9.28,29.02,22.8,16.9,22.01,1.45,56.84,3.34,14.64,1.34,,,,23.96,47.68,,203.77,,0.0,143.1,991.39,,2021,3,Mar,24,Wednesday,0,Summer,0.3622306219625939,19.32,4.383233532934132,,7,True,True,146.5,169.4,36.3,4.2,27.5,73.0,57.7,169.4,PM10,Moderate
2021-03-25,48.71,126.08,1.66,20.41,12.2,16.62,17.38,1.51,58.62,1.43,20.16,0.44,,,,22.84,50.51,,279.4,,0.0,146.22,990.78,,2021,3,Mar,25,Thursday,0,Summer,0.38634200507614214,22.03,14.097902097902098,,7,True,True,81.6,118.2,25.5,4.2,21.7,76.0,59.4,118.2,PM10,Moderate
2021-03-26,58.29,131.51,1.24,24.53,14.06,14.72,20.19,1.53,65.09,1.78,8.76,0.38,,,,23.28,49.88,,293.41,,0.0,160.35,988.92,,2021,3,Mar,26,Friday,0,Summer,0.4432362557980382,10.92,4.921348314606742,,7,True,True,97.2,121.8,30.7,3.7,25.2,77.0,65.8,121.8,PM10,Moderate
2021-03-27,124.29,277.32,20.7,40.29,39.1,16.07,36.87,1.81,64.74,3.42,20.11,2.3,,,,24.71,50.57,,156.92,,0.0,150.85,986.98,,2021,3,Mar,27,Saturday,1,Summer,0.4481826049329295,25.830000000000002,5.880116959064328,,7,True,True,304.3,228.0,51.4,4.0,46.1,90.7,65.4,304.3,PM2.5,Very Poor
2021-03-28,114.41,279.88,32.55,40.93,49.06,15.88,23.54,1.58,70.63,3.35,22.37,2.79,,,,26.91,49.52,,132.49,,0.0,204.97,985.36,,2021,3,Mar,28,Sunday,1,Summer,0.4087823352865514,28.51,6.677611940298507,,7,True,True,281.6,230.6,52.1,4.0,29.4,79.4,71.2,281.6,PM2.5,Poor
2021-03-29,53.5,166.8,3.81,27.06,17.49,17.24,17.2,1.54,66.05,2.12,4.58,0.66,,,,30.56,39.06,,150.5,,0.0,104.33,979.52,,2021,3,Mar,29,Monday,0,Summer,0.3207434052757794,7.36,2.160377358490566,,7,True,True,89.4,145.1,33.8,4.3,21.5,77.5,66.7,145.1,PM10,Moderate
2021-03-30,96.03,351.4,7.35,30.1,21.07,19.25,16.94,1.75,58.74,3.02,14.37,1.14,,,,28.06,43.59,,215.52,,0.0,136.77,977.79,,2021,3,Mar,30,Tuesday,0,Summer,0.2732783153101878,18.53,4.758278145695364,,7,True,True,220.9,302.7,37.6,4.8,21.2,87.8,59.6,302.7,PM10,Very Poor
2021-03-31,51.05,206.19,0.9,19.23,10.95,13.44,18.06,1.5,78.48,1.41,18.08,0.23,,,,27.25,34.27,,291.73,,0.0,166.76,979.3,,2021,3,Mar,31,Wednesday,0,Summer,0.24758717687569717,19.72,12.822695035460992,,7,True,True,85.4,171.1,24.0,3.4,22.6,75.5,78.9,171.1,PM10,Moderate
2021-04-01,42.54,209.75,0.91,15.64,9.06,6.5,20.14,1.48,76.16,1.13,4.8,0.02,,,,26.2,28.86,,306.87,,0.0,170.98,980.01,,2021,4,Apr,1,Thursday,0,Summer,0.20281287246722288,5.949999999999999,4.247787610619469,,7,True,True,71.5,173.4,19.6,1.6,25.2,74.5,76.6,173.4,PM10,Moderate
2021-04-02,74.88,199.88,1.99,32.67,19.19,8.52,33.83,1.47,61.05,1.85,17.32,0.32,,,,24.31,30.99,,306.28,,0.0,171.21,983.36,,2021,4,Apr,2,Friday,0,Summer,0.37462477486491896,19.490000000000002,9.362162162162162,,7,True,True,150.1,166.9,40.8,2.1,42.3,74.0,61.8,166.9,PM10,Moderate
2021-04-03,66.76,183.83,20.48,37.04,36.41,7.23,32.33,1.15,67.69,2.53,21.25,0.97,,,,24.27,31.65,,209.27,,0.0,168.26,985.91,,2021,4,Apr,3,Saturday,1,Summer,0.36316161671109176,24.75,8.399209486166008,,7,True,True,123.3,156.3,46.3,1.8,40.4,58.3,68.3,156.3,PM10,Moderate
2021-04-04,83.92,209.71,9.55,38.83,28.45,10.67,35.3,1.56,67.54,2.41,21.03,0.93,,,,26.61,31.89,,222.53,,0.0,164.62,986.42,,2021,4,Apr,4,Sunday,1,Summer,0.4001716656334939,24.37,8.726141078838173,,7,True,True,179.9,173.4,48.5,2.7,44.1,78.4,68.2,179.9,PM2.5,Moderate
2021-04-05,76.0,216.77,9.37,39.99,28.91,13.79,31.43,1.48,85.1,2.68,7.13,0.45,,,,28.9,34.47,,109.56,,0.0,140.05,984.82,,2021,4,Apr,5,Monday,0,Summer,0.3506020205748028,10.26,2.6604477611940296,,7,True,True,153.8,178.1,50.0,3.4,39.3,74.5,85.4,178.1,PM10,Moderate
2021-04-06,138.25,336.79,1.21,31.27,17.53,22.1,36.3,2.29,93.79,3.14,5.75,0.42,,,,28.7,39.18,,75.72,,0.0,129.22,983.47,,2021,4,Apr,6,Tuesday,0,Summer,0.4104931856646575,9.31,1.8312101910828025,,7,True,True,314.9,286.9,39.1,5.5,45.4,104.6,93.9,314.9,PM2.5,Very Poor
2021-04-07,61.0,230.14,1.1,21.27,12.24,17.55,19.53,1.59,81.18,1.12,15.46,0.26,,,,29.15,36.76,,198.43,,0.0,159.66,986.43,,2021,4,Apr,7,Wednesday,0,Summer,0.26505605283740336,16.840000000000003,13.803571428571429,,7,True,True,104.3,186.9,26.6,4.4,24.4,79.9,81.6,186.9,PM10,Moderate
2021-04-08,53.21,171.58,1.52,29.98,17.18,13.81,23.78,1.38,77.08,1.32,27.24,0.42,,,,27.36,32.86,,287.28,,0.0,273.75,986.06,,2021,4,Apr,8,Thursday,0,Summer,0.31011772933908377,28.98,20.636363636363633,,7,True,True,88.9,148.2,37.5,3.5,29.7,69.6,77.5,148.2,PM10,Moderate
2021-04-09,69.83,215.95,2.81,37.17,22.23,12.24,24.35,1.55,78.8,2.19,16.12,0.78,,,,26.82,31.7,,215.27,,0.0,269.22,986.8,,2021,4,Apr,9,Friday,0,Summer,0.32336188932623294,19.090000000000003,7.360730593607307,,7,True,True,133.4,177.5,46.5,3.1,30.4,78.0,79.2,177.5,PM10,Moderate
2021-04-10,75.62,223.18,4.38,41.04,25.27,14.73,26.94,1.65,72.77,3.76,30.76,1.67,,,,28.63,29.02,,242.13,,0.0,260.09,987.97,,2021,4,Apr,10,Saturday,1,Summer,0.33882964423335427,36.190000000000005,8.180851063829788,,7,True,True,152.5,182.3,52.3,3.7,33.7,82.8,73.3,182.3,PM10,Moderate
2021-04-11,79.42,232.75,6.45,38.51,25.74,12.7,33.76,1.8,69.56,3.48,25.15,1.17,,,,29.2,30.01,,304.87,,0.0,261.31,987.99,,2021,4,Apr,11,Sunday,1,Summer,0.34122448979591835,29.799999999999997,7.227011494252873,,7,True,True,165.1,188.6,48.1,3.2,42.2,90.2,70.2,188.6,PM10,Moderate
2021-04-12,133.88,356.69,15.06,45.3,36.5,16.47,36.12,2.27,66.96,4.87,26.33,1.6,,,,29.44,32.46,,229.39,,0.0,230.81,988.52,,2021,4,Apr,12,Monday,0,Summer,0.37533993103254926,32.8,5.406570841889117,,7,True,True,311.6,309.3,57.5,4.1,45.1,104.3,67.6,311.6,PM2.5,Very Poor
2021-04-13,128.08,340.62,9.23,40.26,28.87,15.46,37.25,1.92,64.28,3.54,25.81,1.28,,,,30.47,32.1,,282.78,,0.0,243.3,986.92,,2021,4,Apr,13,Tuesday,0,Summer,0.3760201984616288,30.63,7.2909604519774005,,7,True,True,307.2,290.7,51.3,3.9,46.6,96.1,65.0,307.2,PM2.5,Very Poor
2021-04-14,71.63,245.1,2.3,31.13,18.44,12.89,29.3,1.18,66.47,2.38,21.23,0.55,,,,31.45,30.7,,275.36,,0.0,248.45,985.45,,2021,4,Apr,14,Wednesday,0,Summer,0.29224806201550385,24.16,8.920168067226891,,7,True,True,139.4,196.8,38.9,3.2,36.6,59.8,67.1,196.8,PM10,Moderate
2021-04-15,110.29,329.21,2.9,32.05,19.41,13.7,35.6,1.89,66.34,4.07,38.52,1.34,,,,31.49,29.73,,257.25,,0.0,226.16,984.47,,2021,4,Apr,15,Thursday,0,Summer,0.3350141247228213,43.93000000000001,9.464373464373464,,7,True,True,268.0,279.4,40.1,3.4,44.5,94.6,67.0,279.4,PM10,Poor
2021-04-16,106.56,315.02,9.27,33.52,24.9,14.18,41.89,1.55,73.36,4.14,20.41,1.81,,,,28.47,40.1,,148.12,0.5,1.0,201.95,984.44,,2021,4,Apr,16,Friday,0,Summer,0.33826423719128945,26.36,4.929951690821256,,7,True,True,255.6,265.4,41.9,3.5,53.3,78.0,73.9,265.4,PM10,Poor
2021-04-17,42.62,102.38,3.99,21.26,14.53,17.4,24.31,1.05,,1.18,7.7,0.3,,,,26.43,47.26,,180.72,,0.0,250.34,986.76,,2021,4,Apr,17,Saturday,1,Summer,0.4162922445790193,9.180000000000001,6.52542372881356,,6,True,True,71.6,102.6,26.6,4.3,30.4,53.5,,102.6,PM10,Moderate
2021-04-18,92.21,204.19,1.63,21.96,13.02,18.15,32.51,1.16,,3.19,6.32,0.36,,,,28.21,41.2,,155.34,,0.0,287.72,988.74,,2021,4,Apr,18,Sunday,1,Summer,0.45158920613154413,9.87,1.981191222570533,,6,True,True,208.3,169.8,27.5,4.5,40.6,58.8,,208.3,PM2.5,Poor
2021-04-19,72.52,268.49,1.82,32.05,18.54,14.44,27.15,1.16,,2.34,21.07,0.7,,,,32.97,30.47,,272.39,,0.0,352.07,983.94,,2021,4,Apr,19,Monday,0,Summer,0.27010316957801034,24.11,9.004273504273504,,6,True,True,142.3,219.3,40.1,3.6,33.9,58.8,,219.3,PM10,Poor
2021-04-20,67.21,254.75,1.64,24.46,14.35,14.98,32.99,1.14,,3.61,11.67,0.46,,,,26.91,37.16,,117.22,,0.0,134.08,983.54,,2021,4,Apr,20,Tuesday,0,Summer,0.26382728164867514,15.74,3.2326869806094183,,6,True,True,124.8,205.7,30.6,3.7,41.2,57.9,,205.7,PM10,Poor
2021-04-21,52.04,118.62,1.33,16.12,9.66,17.87,18.88,1.2,,1.21,6.21,0.04,,,,26.12,43.88,,234.51,,0.0,243.79,985.53,,2021,4,Apr,21,Wednesday,0,Summer,0.4387118529758894,7.46,5.132231404958678,,6,True,True,87.0,113.3,20.2,4.5,23.6,60.8,,113.3,PM10,Moderate
2021-04-22,54.17,161.79,1.67,21.45,12.77,17.86,21.38,1.17,,1.62,7.2,0.13,,,,26.26,45.59,,102.39,,0.0,232.18,987.87,,2021,4,Apr,22,Thursday,0,Summer,0.3348167377464615,8.950000000000001,4.444444444444445,,6,True,True,90.5,141.8,26.8,4.5,26.7,59.3,,141.8,PM10,Moderate
2021-04-23,53.78,149.54,1.22,16.96,10.0,17.53,22.94,1.19,,2.47,2.52,0.02,,,,24.11,40.43,,79.94,,0.0,116.99,986.49,,2021,4,Apr,23,Friday,0,Summer,0.3596362177343855,5.01,1.020242914979757,,6,True,True,89.8,133.7,21.2,4.4,28.7,60.3,,133.7,PM10,Moderate
2021-04-24,45.49,126.44,2.9,23.39,14.81,13.91,17.8,1.33,,2.23,18.76,0.43,,,,25.75,28.57,,250.15,,0.0,273.29,987.09,,2021,4,Apr,24,Saturday,1,Summer,0.35977538753559,21.42,8.41255605381166,,6,True,True,76.3,118.5,29.2,3.5,22.2,67.2,,118.5,PM10,Moderate
2021-04-25,91.98,224.36,3.78,28.34,18.16,14.89,23.16,1.65,,2.8,9.74,0.52,,,,27.94,28.59,,252.38,,0.0,268.2,986.72,,2021,4,Apr,25,Sunday,1,Summer,0.4099661258691389,13.059999999999999,3.4785714285714286,,6,True,True,207.5,183.1,35.4,3.7,28.9,82.8,,207.5,PM2.5,Poor
2021-04-26,186.49,405.44,18.74,47.1,40.33,16.84,39.45,1.4,73.57,4.69,22.61,2.35,,,,29.53,28.52,,194.98,,0.0,238.81,984.76,,2021,4,Apr,26,Monday,0,Summer,0.45996941594317287,29.650000000000002,4.820895522388059,,7,True,True,351.6,369.6,59.7,4.2,49.3,70.6,74.1,369.6,PM10,Very Poor
2021-04-27,196.56,468.76,29.17,51.27,51.59,15.26,33.01,1.3,84.49,5.18,33.2,3.45,,,,31.75,28.51,,207.48,,0.0,222.52,983.94,,2021,4,Apr,27,Tuesday,0,Summer,0.41931905452683677,41.830000000000005,6.40926640926641,,7,True,True,359.3,423.6,64.8,3.8,41.3,65.7,84.8,423.6,PM10,Severe
2021-04-28,226.03,479.11,11.16,44.29,32.6,19.2,37.36,1.25,76.71,4.92,34.82,3.18,,,,33.24,28.5,,199.86,,0.0,208.32,984.63,,2021,4,Apr,28,Wednesday,0,Summer,0.47177057460708394,42.92,7.0772357723577235,,7,True,True,381.7,429.6,56.3,4.8,46.7,63.2,77.2,429.6,PM10,Severe
2021-04-29,177.5,463.31,6.47,33.03,22.85,15.82,30.23,1.23,80.25,3.73,15.56,1.48,,,,33.84,28.51,,184.79,,0.0,282.22,985.04,,2021,4,Apr,29,Thursday,0,Summer,0.3831128186311541,20.77,4.171581769436997,,7,True,True,344.8,420.4,41.3,4.0,37.8,62.3,80.6,420.4,PM10,Severe
2021-04-30,115.96,369.18,2.41,28.06,16.86,16.49,27.74,1.28,70.46,3.03,11.54,0.87,,,,34.5,28.45,,172.67,,0.0,87.94,983.34,,2021,4,Apr,30,Friday,0,Summer,0.31410152229264854,15.439999999999998,3.8085808580858087,,7,True,True,286.7,324.7,35.1,4.1,34.7,64.7,71.1,324.7,PM10,Very Poor
2021-05-01,79.3,269.01,1.29,23.74,13.69,21.94,17.86,1.05,85.64,3.42,8.2,0.55,,,,32.56,28.46,,112.09,0.5,2.0,187.61,984.35,,2021,5,May,1,Saturday,1,Summer,0.2947845804988662,12.17,2.39766081871345,,7,True,True,164.7,219.8,29.7,5.5,22.3,53.5,85.9,219.8,PM10,Poor
2021-05-02,95.73,272.91,1.78,26.82,15.81,20.35,22.59,1.24,65.25,3.36,9.1,0.64,,,,31.64,28.49,,161.32,,0.0,187.22,984.66,,2021,5,May,2,Sunday,1,Summer,0.3507749807628888,13.1,2.7083333333333335,,7,True,True,219.9,223.7,33.5,5.1,28.2,62.8,65.9,223.7,PM10,Poor
2021-05-03,102.42,331.17,1.38,22.98,13.4,18.26,26.27,2.14,60.36,2.93,6.48,0.61,,,,31.92,28.49,,228.29,,0.0,205.8,983.04,,2021,5,May,3,Monday,0,Summer,0.309267143763022,10.02,2.21160409556314,,7,True,True,242.0,281.4,28.7,4.6,32.8,102.7,61.2,281.4,PM10,Poor
2021-05-04,79.62,222.33,1.24,18.82,11.09,16.54,21.28,1.54,63.71,2.24,6.54,0.34,,,,32.97,28.5,,173.49,,0.0,180.69,981.76,,2021,5,May,4,Tuesday,0,Summer,0.35811631358790985,9.120000000000001,2.9196428571428568,,7,True,True,165.7,181.7,23.5,4.1,26.6,77.5,64.4,181.7,PM10,Moderate
2021-05-05,68.58,206.17,1.13,17.02,9.98,18.94,21.38,2.66,88.95,1.38,2.99,0.07,,,,31.37,28.51,,83.9,,0.0,195.31,982.81,,2021,5,May,5,Wednesday,0,Summer,0.3326381141776204,4.44,2.166666666666667,,7,True,True,129.3,171.1,21.3,4.7,26.7,109.2,89.2,171.1,PM10,Moderate
2021-05-06,73.52,206.71,1.32,18.1,10.72,23.29,20.4,2.04,67.07,1.01,4.32,0.06,,,,28.96,28.5,,118.17,0.5,1.0,187.67,984.61,,2021,5,May,6,Thursday,0,Summer,0.35566736006966276,5.39,4.2772277227722775,,7,True,True,145.6,171.4,22.6,5.8,25.5,101.5,67.7,171.4,PM10,Moderate
2021-05-07,52.5,105.0,2.81,27.79,16.82,31.25,14.4,1.31,76.92,0.76,4.94,0.16,,,,27.62,28.5,,101.5,0.5,2.0,238.36,986.62,,2021,5,May,7,Friday,0,Summer,0.5,5.86,6.5,,7,True,True,87.8,104.3,34.7,7.8,18.0,66.2,77.4,104.3,PM10,Moderate
2021-05-08,89.0,159.5,3.12,29.4,18.35,29.82,16.92,1.56,82.6,1.5,11.21,0.56,,,,30.62,28.51,,148.23,0.5,0.5,241.66,985.1,,2021,5,May,8,Saturday,1,Summer,0.5579937304075235,13.270000000000001,7.473333333333334,,7,True,True,196.7,140.3,36.8,7.5,21.2,78.4,82.9,196.7,PM2.5,Moderate
2021-05-09,74.58,158.12,1.3,21.47,12.39,26.0,20.83,1.92,79.6,1.36,4.36,0.16,,,,29.99,28.5,,123.0,0.5,0.5,208.91,983.1,,2021,5,May,9,Sunday,1,Summer,0.47166708828737663,5.880000000000001,3.2058823529411766,,7,True,True,149.1,139.4,26.8,6.5,26.0,96.1,80.0,149.1,PM2.5,Moderate
2021-05-10,62.2,121.18,1.61,25.52,14.9,26.41,14.5,1.57,59.91,0.91,3.35,0.23,,,,28.61,28.5,,113.99,0.5,0.5,190.68,981.77,,2021,5,May,10,Monday,0,Summer,0.5132860207955108,4.49,3.681318681318681,,7,True,True,108.3,115.0,31.9,6.6,18.1,78.9,60.7,115.0,PM10,Moderate
2021-05-11,86.36,173.55,1.57,24.88,14.5,34.92,19.25,1.55,70.21,1.87,5.97,0.2,,,,30.74,28.49,,86.23,,0.0,190.17,980.49,,2021,5,May,11,Tuesday,0,Summer,0.49760875828291556,8.04,3.192513368983957,,7,True,True,188.0,149.5,31.1,8.7,24.1,78.0,70.8,188.0,PM2.5,Moderate
2021-05-12,56.15,165.17,0.72,17.6,9.91,30.96,12.56,1.3,63.56,2.25,2.28,0.46,,,,29.96,28.87,,94.72,,0.0,117.36,977.23,,2021,5,May,12,Wednesday,0,Summer,0.33995277592783196,4.989999999999999,1.0133333333333332,,7,True,True,93.7,144.0,22.0,7.7,15.7,65.7,64.3,144.0,PM10,Moderate
2021-05-13,57.06,95.64,1.29,16.14,9.66,16.13,10.18,1.44,17.44,0.96,2.28,0.11,,,,26.49,28.79,,86.91,,0.0,222.06,981.17,,2021,5,May,13,Thursday,0,Summer,0.5966122961104141,3.3499999999999996,2.375,,7,True,True,95.2,95.7,20.2,4.0,12.7,72.6,17.4,95.7,PM10,Satisfactory
2021-05-14,71.29,134.49,1.75,24.43,14.34,23.64,8.54,2.31,25.26,1.2,2.17,0.18,,,,28.71,28.78,,81.99,,0.0,247.81,981.0,,2021,5,May,14,Friday,0,Summer,0.5300765856197487,3.5500000000000003,1.8083333333333333,,7,True,True,138.3,123.8,30.5,5.9,10.7,104.8,25.3,138.3,PM2.5,Moderate
2021-05-15,48.96,171.37,1.86,26.24,15.49,30.23,12.92,1.76,37.98,0.71,4.36,0.12,,,,28.43,28.78,,124.85,,0.0,173.57,982.27,,2021,5,May,15,Saturday,1,Summer,0.28569761335122834,5.19,6.140845070422536,,7,True,True,82.0,148.1,32.8,7.6,16.1,88.2,38.0,148.1,PM10,Moderate
2021-05-16,78.7,149.53,2.08,24.89,14.89,24.26,23.73,1.47,60.59,1.1,1.71,0.22,,,,29.99,28.78,,79.88,,0.0,255.17,983.58,,2021,5,May,16,Sunday,1,Summer,0.5263157894736842,3.0300000000000002,1.5545454545454545,,7,True,True,162.7,133.7,31.1,6.1,29.7,74.0,61.4,162.7,PM2.5,Moderate
2021-05-17,106.15,255.93,7.74,44.05,29.72,18.69,22.49,1.42,23.82,1.6,11.66,1.83,,,,30.78,28.81,,195.62,,0.0,97.68,983.42,,2021,5,May,17,Monday,0,Summer,0.4147618489430704,15.09,7.2875,,7,True,True,254.3,206.9,56.0,4.7,28.1,71.6,23.8,254.3,PM2.5,Poor
2021-05-18,28.61,72.26,1.69,20.97,12.52,16.84,8.78,1.34,8.56,0.63,2.91,0.14,,,,28.11,28.84,,135.08,,0.0,65.97,983.85,,2021,5,May,18,Tuesday,0,Summer,0.3959313589814558,3.68,4.6190476190476195,,7,True,True,47.7,72.8,26.2,4.2,11.0,67.7,8.6,72.8,PM10,Satisfactory
2021-05-19,41.26,56.75,1.39,13.79,8.48,16.68,7.09,1.77,4.77,0.72,2.22,0.02,,,,22.0,28.91,,90.41,,0.0,35.47,982.1,,2021,5,May,19,Wednesday,0,Summer,0.7270484581497797,2.9600000000000004,3.083333333333334,,7,True,True,69.4,57.6,17.2,4.2,8.9,88.7,4.8,88.7,CO,Satisfactory
2021-05-20,47.81,77.68,1.36,14.37,8.77,15.84,7.19,1.39,4.78,0.27,1.62,0.03,,,,25.61,28.84,,148.18,,0.0,197.23,979.17,,2021,5,May,20,Thursday,0,Summer,0.6154737384140061,1.9200000000000002,6.0,,7,True,True,80.1,78.1,18.0,4.0,9.0,70.1,4.8,80.1,PM2.5,Satisfactory
2021-05-21,28.99,48.75,1.75,17.14,10.55,14.07,5.76,0.84,3.39,0.49,4.23,0.27,,,,25.84,28.81,,110.88,0.5,0.5,199.63,982.26,,2021,5,May,21,Friday,0,Summer,0.5946666666666667,4.99,8.632653061224492,,7,True,True,48.3,48.8,21.4,3.5,7.2,42.0,3.4,48.8,PM10,Good
2021-05-22,31.4,63.09,1.73,18.01,11.01,24.78,7.62,1.15,3.28,0.4,4.86,0.62,,,,28.04,28.81,,160.4,,0.0,281.09,982.28,,2021,5,May,22,Saturday,1,Summer,0.4977016959898557,5.880000000000001,12.15,,7,True,True,53.3,63.8,22.5,6.2,9.5,58.3,3.3,63.8,PM10,Satisfactory
2021-05-23,105.49,319.76,2.0,18.37,11.41,26.95,7.19,1.44,3.09,0.56,5.17,0.68,,,,27.82,28.81,,257.43,,0.0,212.81,983.27,,2021,5,May,23,Sunday,1,Summer,0.32990367775831875,6.41,9.232142857142856,,7,True,True,252.1,270.1,23.0,6.7,9.0,72.6,3.1,270.1,PM10,Poor
2021-05-24,46.39,132.78,1.59,17.67,10.72,19.95,9.27,0.95,28.04,0.37,2.78,0.04,,,,29.33,28.81,,286.34,,0.0,279.09,983.1,,2021,5,May,24,Monday,0,Summer,0.3493749058593162,3.19,7.513513513513513,,7,True,True,77.8,122.6,22.1,5.0,11.6,47.5,28.0,122.6,PM10,Moderate
2021-05-25,34.47,142.79,1.86,23.05,14.06,15.47,12.61,1.35,47.66,0.4,9.58,0.17,,,,31.57,28.81,,295.57,,0.0,285.1,979.38,,2021,5,May,25,Tuesday,0,Summer,0.24140345962602425,10.15,23.95,,7,True,True,58.3,129.2,28.8,3.9,15.8,68.2,47.7,129.2,PM10,Moderate
2021-05-26,68.79,169.46,4.3,30.55,19.88,13.61,16.47,1.3,35.82,0.96,10.65,1.15,,,,31.48,28.8,,264.81,,0.0,273.12,977.2,,2021,5,May,26,Wednesday,0,Summer,0.40593650418977933,12.76,11.09375,,7,True,True,130.0,146.8,38.2,3.4,20.6,65.7,35.8,146.8,PM10,Moderate
2021-05-27,57.6,172.0,3.11,23.01,14.91,13.75,13.66,0.72,19.24,0.95,8.43,1.22,,,,32.7,28.78,,191.15,,0.0,267.99,977.36,,2021,5,May,27,Thursday,0,Summer,0.33488372093023255,10.6,8.873684210526315,,7,True,True,96.1,148.5,28.8,3.4,17.1,36.0,19.2,148.5,PM10,Moderate
2021-05-28,30.03,95.79,2.03,14.72,9.54,17.64,7.29,1.61,3.3,0.52,2.81,0.12,,,,32.39,28.79,,116.67,,0.0,258.05,979.26,,2021,5,May,28,Friday,0,Summer,0.3134982774819918,3.45,5.403846153846154,,7,True,True,51.0,95.9,18.4,4.4,9.1,80.9,3.3,95.9,PM10,Satisfactory
2021-05-29,19.21,98.25,2.19,13.74,9.12,19.57,7.11,1.51,3.16,0.38,2.07,0.01,,,,32.49,28.79,,126.89,,0.0,239.94,980.63,,2021,5,May,29,Saturday,1,Summer,0.19552162849872776,2.4599999999999995,5.447368421052631,,7,True,True,32.0,98.3,17.2,4.9,8.9,76.0,3.2,98.3,PM10,Satisfactory
2021-05-30,23.5,133.08,2.24,14.27,9.44,20.22,8.12,1.09,2.72,0.29,2.18,0.04,,,,30.9,28.79,,131.18,,0.0,233.31,980.81,,2021,5,May,30,Sunday,1,Summer,0.17658551247370002,2.5100000000000002,7.517241379310346,,7,True,True,39.2,122.8,17.8,5.1,10.1,55.4,2.7,122.8,PM10,Moderate
2021-05-31,59.88,186.46,3.43,21.87,14.52,19.2,15.09,1.18,36.66,1.4,4.72,0.55,,,,32.95,28.66,,128.51,,0.0,233.16,977.54,,2021,5,May,31,Monday,0,Summer,0.3211412635417784,6.669999999999999,3.3714285714285714,,7,True,True,99.8,158.1,27.3,4.8,18.9,59.8,36.7,158.1,PM10,Moderate
2021-06-01,26.36,53.99,1.95,14.32,9.26,14.87,9.42,0.95,68.0,0.22,1.74,0.03,,,,26.26,28.54,,91.83,,0.0,158.69,980.66,,2021,6,Jun,1,Tuesday,0,Monsoon,0.48823856269679566,1.99,7.909090909090909,,7,True,True,43.9,54.9,17.9,3.7,11.8,47.5,68.6,68.6,Ozone,Satisfactory
2021-06-02,49.96,117.33,4.43,19.41,13.91,15.58,13.33,1.5,77.11,0.76,7.48,0.65,,,,29.61,28.51,,141.77,,0.0,229.84,981.69,,2021,6,Jun,2,Wednesday,0,Monsoon,0.42580755135089066,8.89,9.842105263157896,,7,True,True,83.6,112.4,24.3,3.9,16.7,75.5,77.6,112.4,PM10,Moderate
2021-06-03,73.08,160.95,2.46,16.95,11.05,16.35,16.72,1.47,82.4,0.92,6.9,0.15,,,,30.58,28.5,,115.17,,0.0,216.98,982.78,,2021,6,Jun,3,Thursday,0,Monsoon,0.4540540540540541,7.970000000000001,7.5,,7,True,True,144.2,141.2,21.2,4.1,20.9,74.0,82.8,144.2,PM2.5,Moderate
2021-06-04,83.27,183.87,2.81,14.11,9.76,14.18,14.51,1.0,93.2,0.92,2.43,0.1,,,,30.94,28.5,,87.38,,0.0,229.36,982.77,,2021,6,Jun,4,Friday,0,Monsoon,0.45287431337357914,3.45,2.641304347826087,,7,True,True,177.8,156.4,17.6,3.5,18.1,50.0,93.3,177.8,PM2.5,Moderate
2021-06-05,50.46,123.53,2.83,22.24,14.26,15.28,20.16,,63.76,0.89,5.98,0.84,,,,28.02,28.48,,124.32,,0.0,145.59,981.26,,2021,6,Jun,5,Saturday,1,Monsoon,0.4084837691249089,7.71,6.719101123595506,,6,True,True,84.4,116.5,27.8,3.8,25.2,,64.5,116.5,PM10,Moderate
2021-06-06,49.25,172.7,3.2,18.48,12.45,15.76,12.19,1.34,74.86,0.71,5.22,0.89,,,,31.78,28.5,,149.44,,0.0,252.62,980.69,,2021,6,Jun,6,Sunday,1,Monsoon,0.28517660683265783,6.819999999999999,7.352112676056338,,7,True,True,82.4,149.0,23.1,3.9,15.2,67.7,75.4,149.0,PM10,Moderate
2021-06-07,66.41,204.06,4.22,22.01,15.11,20.2,17.58,1.3,70.16,0.81,4.77,0.58,,,,34.08,28.51,,157.12,,0.0,233.85,978.5,,2021,6,Jun,7,Monday,0,Monsoon,0.3254434970106831,6.16,5.888888888888888,,7,True,True,122.2,169.7,27.5,5.0,22.0,65.7,70.8,169.7,PM10,Moderate
2021-06-08,87.08,451.29,8.1,37.77,26.57,19.66,14.52,1.95,33.13,0.92,15.76,1.82,,,,36.25,28.57,,231.48,,0.0,220.3,976.13,,2021,6,Jun,8,Tuesday,0,Monsoon,0.1929579649449356,18.5,17.130434782608695,,7,True,True,190.4,413.4,47.2,4.9,18.1,97.5,33.1,413.4,PM10,Severe
2021-06-09,61.73,418.49,2.92,30.3,18.51,19.53,11.65,2.22,47.23,0.38,6.57,0.56,,,,37.34,28.69,,226.91,,0.0,232.15,974.71,,2021,6,Jun,9,Wednesday,0,Monsoon,0.14750651150565125,7.51,17.289473684210527,,7,True,True,106.7,385.8,37.9,4.9,14.6,103.7,47.2,385.8,PM10,Very Poor
2021-06-10,58.51,217.89,4.26,25.37,16.97,19.13,8.91,1.99,53.01,0.75,3.94,0.24,,,,33.79,28.74,,102.26,,0.0,210.86,975.14,,2021,6,Jun,10,Thursday,0,Monsoon,0.268529992197898,4.93,5.253333333333333,,7,True,True,97.6,178.8,31.7,4.8,11.1,99.5,53.9,178.8,PM10,Moderate
2021-06-11,47.86,155.21,4.67,23.38,16.27,15.7,8.12,1.49,36.63,0.68,3.25,0.06,,,,30.85,28.82,,89.3,,0.0,219.64,974.91,,2021,6,Jun,11,Friday,0,Monsoon,0.3083564203337414,3.99,4.779411764705882,,7,True,True,80.2,137.4,29.2,3.9,10.1,75.0,36.6,137.4,PM10,Moderate
2021-06-12,35.27,95.41,4.32,25.37,17.01,19.44,10.33,0.68,48.22,0.56,3.79,0.1,,,,30.47,28.68,,111.25,,0.0,186.52,976.5,,2021,6,Jun,12,Saturday,1,Monsoon,0.3696677497117703,4.449999999999999,6.767857142857142,,7,True,True,59.6,95.5,31.7,4.9,12.9,34.0,48.2,95.5,PM10,Satisfactory
2021-06-13,45.59,93.82,4.24,28.71,18.72,20.5,13.01,0.72,48.21,0.85,7.79,0.63,,,,29.25,28.69,,172.57,,0.0,180.33,977.37,,2021,6,Jun,13,Sunday,1,Monsoon,0.4859305052227671,9.270000000000001,9.16470588235294,,7,True,True,76.5,93.9,35.9,5.1,16.3,36.0,48.2,93.9,PM10,Satisfactory
2021-06-14,45.71,109.55,4.79,27.57,18.56,17.23,13.95,0.69,67.03,0.83,4.96,0.28,,,,32.23,28.69,,118.81,,0.0,239.52,975.18,,2021,6,Jun,14,Monday,0,Monsoon,0.4172523961661342,6.07,5.975903614457832,,7,True,True,76.7,107.3,34.5,4.3,17.4,34.5,67.7,107.3,PM10,Moderate
2021-06-15,34.84,126.65,3.83,26.23,17.07,15.91,10.38,0.63,55.6,0.5,4.56,0.19,,,,31.74,28.69,,157.43,,0.0,217.8,972.17,,2021,6,Jun,15,Tuesday,0,Monsoon,0.2750888274772997,5.25,9.12,,7,True,True,58.9,118.6,32.8,4.0,13.0,31.5,56.5,118.6,PM10,Moderate
2021-06-16,38.96,80.52,3.38,25.83,16.48,16.77,11.1,0.73,57.72,0.78,5.77,0.16,,,,28.46,28.67,,92.42,,0.0,149.98,975.44,,2021,6,Jun,16,Wednesday,0,Monsoon,0.48385494287133635,6.71,7.397435897435897,,7,True,True,65.6,80.9,32.3,4.2,13.9,36.5,58.6,80.9,PM10,Satisfactory
2021-06-17,40.14,73.96,4.65,24.75,16.95,14.65,9.25,0.7,42.75,0.56,2.32,0.27,,,,29.29,28.67,,67.31,,0.0,210.76,976.91,,2021,6,Jun,17,Thursday,0,Monsoon,0.5427257977285019,3.15,4.142857142857142,,7,True,True,67.6,74.5,30.9,3.7,11.6,35.0,42.8,74.5,PM10,Satisfactory
2021-06-18,39.41,70.8,3.29,23.16,15.0,15.16,11.73,0.72,43.13,0.78,2.97,0.16,,,,29.93,28.68,,74.92,3.5,14.0,235.72,978.03,,2021,6,Jun,18,Friday,0,Monsoon,0.556638418079096,3.91,3.807692307692308,,7,True,True,66.4,71.4,28.9,3.8,14.7,36.0,43.1,71.4,PM10,Satisfactory
2021-06-19,28.65,52.96,3.38,19.58,13.17,15.96,18.36,0.61,38.75,0.47,0.94,0.0,,,,28.97,28.69,,66.06,,0.0,215.53,977.76,,2021,6,Jun,19,Saturday,1,Monsoon,0.5409743202416918,1.41,2.0,,7,True,True,47.8,53.9,24.5,4.0,22.9,30.5,38.8,53.9,PM10,Satisfactory
2021-06-20,17.76,27.41,2.76,19.28,12.5,14.88,7.5,0.56,,0.27,0.71,0.01,,,,28.72,28.66,,59.7,,0.0,206.92,978.51,,2021,6,Jun,20,Sunday,1,Monsoon,0.6479387085005472,0.99,2.6296296296296293,,6,True,True,29.6,27.4,24.1,3.7,9.4,28.0,,29.6,PM2.5,Good
2021-06-21,34.0,73.75,3.78,23.15,15.39,15.73,11.78,0.64,5.17,0.4,1.45,0.19,,,,31.42,28.67,,74.6,,0.0,244.63,979.06,,2021,6,Jun,21,Monday,0,Monsoon,0.4610169491525424,2.04,3.6249999999999996,,7,True,True,57.5,74.3,28.9,3.9,14.7,32.0,5.2,74.3,PM10,Satisfactory
2021-06-22,50.38,195.75,6.07,30.24,20.88,13.4,15.99,0.69,6.88,0.67,8.19,0.88,,,,34.25,28.69,,217.88,,0.0,238.95,978.24,,2021,6,Jun,22,Tuesday,0,Monsoon,0.2573690932311622,9.74,12.223880597014924,,7,True,True,84.3,164.2,37.8,3.4,20.0,34.5,6.9,164.2,PM10,Moderate
2021-06-23,77.42,291.5,9.51,30.93,24.2,14.26,25.38,0.73,4.96,0.94,10.29,1.15,,,,34.48,28.68,,135.01,,0.0,243.67,979.07,,2021,6,Jun,23,Wednesday,0,Monsoon,0.2655917667238422,12.379999999999999,10.946808510638297,,7,True,True,158.5,242.1,38.7,3.6,31.7,36.5,5.0,242.1,PM10,Poor
2021-06-24,50.68,132.39,3.55,25.84,16.65,14.5,9.97,0.68,3.09,0.65,3.66,0.44,,,,31.68,28.69,,115.2,,0.0,196.64,979.16,,2021,6,Jun,24,Thursday,0,Monsoon,0.3828083692121762,4.750000000000001,5.630769230769231,,7,True,True,84.8,122.4,32.3,3.6,12.5,34.0,3.1,122.4,PM10,Moderate
2021-06-25,53.75,191.08,3.12,28.52,17.71,14.9,14.64,0.66,3.72,0.73,7.25,0.72,,,,31.9,28.68,,166.39,,0.0,228.17,978.13,,2021,6,Jun,25,Friday,0,Monsoon,0.2812957923382876,8.700000000000001,9.931506849315069,,7,True,True,89.8,161.1,35.6,3.7,18.3,33.0,3.7,161.1,PM10,Moderate
2021-06-26,37.02,161.96,3.41,37.23,22.54,21.37,11.6,0.7,20.9,0.62,7.51,0.86,,,,31.97,28.64,,164.71,,0.0,207.69,980.13,,2021,6,Jun,26,Saturday,1,Monsoon,0.22857495677945172,8.989999999999998,12.112903225806452,,7,True,True,62.5,141.9,46.5,5.3,14.5,35.0,20.9,141.9,PM10,Moderate
2021-06-27,71.91,225.16,2.67,28.62,17.36,12.36,4.97,0.73,30.61,0.96,4.74,0.38,,,,33.23,28.6,,86.22,,0.0,183.95,982.42,,2021,6,Jun,27,Sunday,1,Monsoon,0.31937289038905664,6.08,4.9375,,7,True,True,140.3,183.6,35.8,3.1,6.2,36.5,30.6,183.6,PM10,Moderate
2021-06-28,85.55,246.15,5.9,39.37,25.7,12.52,6.68,0.9,17.18,1.13,5.05,1.22,,,,33.54,30.4,,108.27,,0.0,180.19,980.82,,2021,6,Jun,28,Monday,0,Monsoon,0.3475523055047735,7.3999999999999995,4.469026548672566,,7,True,True,185.3,197.5,49.2,3.1,8.3,45.0,17.2,197.5,PM10,Moderate
2021-06-29,76.58,300.89,22.12,55.99,47.85,12.16,8.99,0.74,21.65,0.88,10.23,3.53,,,,35.47,44.88,,226.16,,0.0,240.45,977.71,,2021,6,Jun,29,Tuesday,0,Monsoon,0.254511615540563,14.64,11.625,,7,True,True,155.7,251.4,70.6,3.0,11.2,37.0,21.6,251.4,PM10,Poor
2021-06-30,77.01,484.58,2.67,39.58,23.54,14.18,13.5,0.61,15.8,0.53,17.4,0.86,,,,37.5,47.09,,247.56,,0.0,228.11,974.71,,2021,6,Jun,30,Wednesday,0,Monsoon,0.15892112757439433,18.79,32.83018867924528,,7,True,True,157.1,432.8,49.5,3.5,16.9,30.5,15.8,432.8,PM10,Severe
2021-07-01,47.33,325.12,3.19,23.58,15.21,12.98,10.9,0.57,14.61,0.3,3.99,0.3,,,,37.05,60.23,,221.77,,0.0,238.34,972.94,,2021,7,Jul,1,Thursday,0,Monsoon,0.14557701771653542,4.59,13.3,,7,True,True,79.3,275.4,29.5,3.2,13.6,28.5,14.6,275.4,PM10,Poor
2021-07-02,52.79,323.12,1.98,20.92,12.74,10.46,6.98,0.52,12.65,0.41,3.75,0.32,,,,34.95,70.83,,227.89,0.5,1.0,224.48,974.42,,2021,7,Jul,2,Friday,0,Monsoon,0.163375835602872,4.48,9.146341463414634,,7,True,True,88.2,273.4,26.2,2.6,8.7,26.0,12.7,273.4,PM10,Poor
2021-07-03,33.96,131.46,2.52,26.17,15.92,7.91,6.87,0.54,14.81,0.25,5.12,0.19,,,,30.38,80.28,,177.19,0.75,1.5,148.38,978.18,,2021,7,Jul,3,Saturday,1,Monsoon,0.2583295298950251,5.5600000000000005,20.48,,7,True,True,57.5,121.8,32.7,2.0,8.6,27.0,14.8,121.8,PM10,Moderate
2021-07-04,62.45,182.33,14.58,37.21,31.93,6.76,7.2,0.67,17.96,0.8,10.29,0.8,,,,32.46,68.85,,154.86,0.5,0.5,246.56,979.65,,2021,7,Jul,4,Sunday,1,Monsoon,0.3425108320078978,11.89,12.862499999999999,,7,True,True,109.1,155.3,46.5,1.7,9.0,33.5,18.0,155.3,PM10,Moderate
2021-07-05,53.96,192.52,4.14,33.17,20.99,7.68,6.76,0.55,18.76,0.67,4.19,1.72,,,,33.83,72.55,,227.73,,0.0,228.51,980.01,,2021,7,Jul,5,Monday,0,Monsoon,0.28028256804487844,6.58,6.253731343283582,,7,True,True,90.1,162.1,41.5,1.9,8.4,27.5,18.8,162.1,PM10,Moderate
2021-07-06,42.28,200.62,2.31,26.93,16.29,7.59,7.8,0.56,21.85,0.28,7.05,0.2,,,,35.06,70.32,,253.98,,0.0,244.34,978.32,,2021,7,Jul,6,Tuesday,0,Monsoon,0.2107466852756455,7.53,25.178571428571427,,7,True,True,71.1,167.4,33.7,1.9,9.8,28.0,21.9,167.4,PM10,Moderate
2021-07-07,63.53,249.46,4.08,38.37,23.74,8.26,7.17,0.58,18.98,0.47,15.34,0.6,,,,36.12,67.48,,253.87,,0.0,246.0,976.83,,2021,7,Jul,7,Wednesday,0,Monsoon,0.25467008738875974,16.41,32.638297872340424,,7,True,True,112.6,199.6,48.0,2.1,9.0,29.0,19.0,199.6,PM10,Moderate
2021-07-08,48.32,260.78,2.36,25.96,15.74,11.25,14.13,0.57,20.91,0.28,6.65,0.22,,,,36.0,64.41,,224.83,,0.0,241.34,976.73,,2021,7,Jul,8,Thursday,0,Monsoon,0.18529028299716238,7.15,23.75,,7,True,True,80.9,211.7,32.5,2.8,17.7,28.5,20.9,211.7,PM10,Poor
2021-07-09,44.02,111.89,1.85,19.49,11.88,13.99,7.12,0.64,25.42,0.41,2.73,0.06,,,,32.79,79.29,,87.56,,0.0,202.58,978.24,,2021,7,Jul,9,Friday,0,Monsoon,0.39342211100187685,3.2,6.658536585365854,,7,True,True,73.9,108.8,24.4,3.5,8.9,32.0,25.4,108.8,PM10,Moderate
2021-07-10,42.83,97.17,2.27,18.93,11.92,15.26,6.85,0.58,15.17,0.41,4.46,0.03,,,,34.24,77.88,,82.72,,0.0,226.67,977.84,,2021,7,Jul,10,Saturday,1,Monsoon,0.44077390140990014,4.9,10.878048780487806,,7,True,True,72.0,97.2,23.7,3.8,8.6,29.0,15.2,97.2,PM10,Satisfactory
2021-07-11,42.21,106.81,2.14,17.28,10.94,15.17,5.04,0.54,15.28,0.3,2.57,0.03,,,,33.34,83.24,,92.25,,0.0,197.68,979.25,,2021,7,Jul,11,Sunday,1,Monsoon,0.39518771650594514,2.8999999999999995,8.566666666666666,,7,True,True,70.9,105.5,21.6,3.8,6.3,27.0,15.3,105.5,PM10,Moderate
2021-07-12,34.17,84.15,2.19,19.53,12.15,13.12,6.87,0.51,10.1,0.21,1.91,0.01,,,,31.49,86.58,,94.8,,0.0,171.58,981.08,,2021,7,Jul,12,Monday,0,Monsoon,0.40606060606060607,2.13,9.095238095238095,,7,True,True,57.8,84.5,24.4,3.3,8.6,25.5,10.1,84.5,PM10,Satisfactory
2021-07-13,26.13,49.91,2.62,18.66,12.06,13.72,6.98,0.54,4.61,0.28,1.92,0.04,,,,28.37,83.85,,73.71,3.17,19.0,74.43,980.63,,2021,7,Jul,13,Tuesday,0,Monsoon,0.5235423762772992,2.24,6.857142857142856,,7,True,True,43.5,49.9,23.3,3.4,8.7,27.0,4.6,49.9,PM10,Good
2021-07-14,30.33,50.03,3.05,16.15,11.01,14.24,5.77,0.58,5.31,0.36,3.15,0.22,,,,27.0,80.69,,68.75,2.47,37.0,67.65,979.73,,2021,7,Jul,14,Wednesday,0,Monsoon,0.6062362582450529,3.73,8.75,,7,True,True,51.5,51.0,20.2,3.6,7.2,29.0,5.3,51.5,PM2.5,Satisfactory
2021-07-15,32.39,50.48,1.97,9.61,6.74,17.3,7.57,0.56,9.09,0.33,3.14,0.16,,,,29.81,73.51,,81.32,,0.0,198.63,979.9,,2021,7,Jul,15,Thursday,0,Monsoon,0.6416402535657687,3.6300000000000003,9.515151515151516,,7,True,True,54.9,51.5,12.0,4.3,9.5,28.0,9.1,54.9,PM2.5,Satisfactory
2021-07-16,38.83,77.67,1.8,10.71,7.13,17.1,6.02,0.54,16.81,0.21,2.11,0.06,,,,32.55,67.43,,71.42,,0.0,244.57,981.2,,2021,7,Jul,16,Friday,0,Monsoon,0.4999356250804686,2.38,10.047619047619047,,7,True,True,65.4,78.1,13.4,4.3,7.5,27.0,16.8,78.1,PM10,Satisfactory
2021-07-17,62.49,124.92,2.04,15.35,9.82,16.26,6.6,0.61,28.06,0.44,5.55,0.28,,,,33.68,64.69,,101.21,,0.0,209.83,978.87,,2021,7,Jul,17,Saturday,1,Monsoon,0.5002401536983669,6.2700000000000005,12.613636363636363,,7,True,True,109.2,117.4,19.2,4.1,8.2,30.5,28.1,117.4,PM10,Moderate
2021-07-18,37.92,81.46,3.84,23.38,15.56,16.56,5.73,0.6,9.98,0.46,4.36,1.14,,,,31.0,71.23,,110.49,,0.0,117.67,975.94,,2021,7,Jul,18,Sunday,1,Monsoon,0.4655045421065554,5.96,9.478260869565217,,7,True,True,63.9,81.8,29.2,4.1,7.2,30.0,10.0,81.8,PM10,Satisfactory
2021-07-19,13.49,21.51,1.92,15.17,9.67,15.83,6.32,0.5,6.09,0.21,11.24,0.55,,,,26.14,85.8,,165.91,3.31,169.0,23.61,975.8,,2021,7,Jul,19,Monday,0,Monsoon,0.6271501627150162,12.000000000000002,53.523809523809526,,7,True,True,22.5,21.5,19.0,4.0,7.9,25.0,6.1,25.0,CO,Good
2021-07-20,25.72,39.13,2.75,15.68,10.58,16.07,5.22,0.62,9.15,0.34,9.77,0.83,,,,27.37,80.15,,86.69,2.83,17.0,135.81,975.76,,2021,7,Jul,20,Tuesday,0,Monsoon,0.6572961921799131,10.94,28.735294117647054,,7,True,True,42.9,39.1,19.6,4.0,6.5,31.0,9.2,42.9,PM2.5,Good
2021-07-21,29.82,55.88,3.0,17.09,11.54,14.63,6.63,0.68,14.78,0.54,7.27,1.58,,,,30.07,73.36,,116.61,,0.0,191.55,974.3,,2021,7,Jul,21,Wednesday,0,Monsoon,0.5336435218324982,9.39,13.462962962962962,,7,True,True,49.7,56.8,21.4,3.7,8.3,34.0,14.8,56.8,PM10,Satisfactory
2021-07-22,22.73,32.32,1.54,7.17,5.05,14.78,6.28,0.51,9.35,0.41,2.66,0.11,,,,29.47,74.46,,66.13,,0.0,176.75,973.52,,2021,7,Jul,22,Thursday,0,Monsoon,0.7032797029702971,3.18,6.487804878048781,,7,True,True,37.9,32.3,9.0,3.7,7.9,25.5,9.3,37.9,PM2.5,Good
2021-07-23,32.71,54.04,1.51,10.03,6.61,14.97,6.41,0.56,15.63,0.21,5.5,0.24,,,,30.75,71.05,,87.7,,0.0,187.38,974.72,,2021,7,Jul,23,Friday,0,Monsoon,0.6052923760177646,5.95,26.19047619047619,,7,True,True,55.4,55.0,12.5,3.7,8.0,28.0,15.6,55.4,PM2.5,Satisfactory
2021-07-24,46.48,71.48,2.19,12.13,8.26,14.6,5.8,0.62,14.17,0.51,3.28,0.26,,,,30.93,74.38,,92.95,2.6,13.0,202.86,976.29,,2021,7,Jul,24,Saturday,1,Monsoon,0.6502518186905427,4.05,6.431372549019607,,7,True,True,77.9,72.1,15.2,3.6,7.2,31.0,14.2,77.9,PM2.5,Satisfactory
2021-07-25,16.2,30.5,1.41,8.17,5.52,16.13,5.97,1.12,6.41,0.14,1.75,0.08,,,,32.43,67.72,,73.98,,0.0,94.19,974.09,,2021,7,Jul,25,Sunday,1,Monsoon,0.5311475409836065,1.9700000000000002,12.499999999999998,,7,True,True,27.0,30.5,10.2,4.0,7.5,56.9,6.4,56.9,CO,Satisfactory
2021-07-26,44.09,65.62,2.01,12.75,8.42,16.08,6.44,0.79,6.39,0.37,3.41,0.31,,,,30.34,76.23,,79.97,,0.0,69.93,974.55,,2021,7,Jul,26,Monday,0,Monsoon,0.6718988113380067,4.09,9.216216216216218,,7,True,True,74.0,66.3,15.9,4.0,8.1,39.5,6.4,74.0,PM2.5,Satisfactory
2021-07-27,37.36,52.34,2.8,16.59,11.11,17.28,4.69,0.71,4.48,0.37,11.99,0.88,,,,28.18,85.16,,168.18,1.52,30.5,35.0,972.59,,2021,7,Jul,27,Tuesday,0,Monsoon,0.7137944210928544,13.24,32.4054054054054,,7,True,True,63.0,53.3,20.7,4.3,5.9,35.5,4.5,63.0,PM2.5,Satisfactory
2021-07-28,17.2,27.22,3.03,17.49,11.8,16.88,3.89,0.55,3.22,0.05,7.9,0.35,,,,26.73,86.76,,237.03,0.9,23.5,21.02,973.9,,2021,7,Jul,28,Wednesday,0,Monsoon,0.6318883174136665,8.3,158.0,,7,True,True,28.7,27.2,21.9,4.2,4.9,27.5,3.2,28.7,PM2.5,Good
2021-07-29,22.68,43.04,5.35,12.12,10.8,15.85,6.41,0.57,5.4,0.14,8.85,0.96,,,,28.54,78.74,,248.75,0.5,0.5,138.2,974.56,,2021,7,Jul,29,Thursday,0,Monsoon,0.5269516728624536,9.95,63.21428571428571,,7,True,True,37.8,43.0,15.1,4.0,8.0,28.5,5.4,43.0,PM10,Good
2021-07-30,22.78,32.95,1.67,11.62,7.62,14.7,5.86,0.61,6.34,0.16,5.86,0.51,,,,28.13,80.09,,130.5,0.5,0.5,89.83,975.38,,2021,7,Jul,30,Friday,0,Monsoon,0.6913505311077389,6.53,36.625,,7,True,True,38.0,33.0,14.5,3.7,7.3,30.5,6.3,38.0,PM2.5,Good
2021-07-31,19.61,33.06,1.96,7.81,5.76,15.09,4.03,0.6,9.21,0.12,2.01,0.08,,,,30.03,75.11,,67.08,1.83,5.5,205.87,975.89,,2021,7,Jul,31,Saturday,1,Monsoon,0.5931639443436176,2.21,16.75,,7,True,True,32.7,33.1,9.8,3.8,5.0,30.0,9.2,33.1,PM10,Good
2021-08-01,30.12,64.87,10.79,13.68,16.23,13.75,5.47,0.66,5.43,0.22,9.6,0.97,,,,28.52,80.67,,145.72,1.3,13.0,91.49,975.26,,2021,8,Aug,1,Sunday,1,Monsoon,0.46431324186835204,10.790000000000001,43.63636363636363,,7,True,True,51.2,65.6,17.1,3.4,6.8,33.0,5.4,65.6,PM10,Satisfactory
2021-08-02,36.31,46.57,3.17,11.48,8.72,13.72,6.67,0.6,8.15,0.29,2.44,0.2,,,,28.82,80.81,,111.52,0.83,2.5,114.95,975.69,,2021,8,Aug,2,Monday,0,Monsoon,0.7796864934507194,2.93,8.413793103448276,,7,True,True,61.3,46.6,14.4,3.4,8.3,30.0,8.2,61.3,PM2.5,Satisfactory
2021-08-03,26.15,38.86,1.61,8.67,5.92,12.41,5.07,0.57,14.54,0.15,2.42,0.16,,,,30.44,73.59,,59.7,,0.0,205.67,976.75,,2021,8,Aug,3,Tuesday,0,Monsoon,0.672928461142563,2.73,16.133333333333333,,7,True,True,43.6,38.9,10.8,3.1,6.3,28.5,14.5,43.6,PM2.5,Good
2021-08-04,19.47,30.16,1.58,6.91,4.94,13.4,4.35,0.52,11.8,0.06,1.53,0.04,,,,30.61,70.89,,65.45,,0.0,268.43,977.6,,2021,8,Aug,4,Wednesday,0,Monsoon,0.6455570291777188,1.6300000000000001,25.5,,7,True,True,32.5,30.2,8.6,3.4,5.4,26.0,11.8,32.5,PM2.5,Good
2021-08-05,28.19,43.41,1.84,9.78,6.72,13.3,4.42,0.72,11.5,0.16,1.7,0.07,,,,30.06,74.07,,84.57,,0.0,194.74,977.54,,2021,8,Aug,5,Thursday,0,Monsoon,0.6493895415802812,1.93,10.625,,7,True,True,47.0,43.4,12.2,3.3,5.5,36.0,11.5,47.0,PM2.5,Good
2021-08-06,32.88,50.47,1.83,11.37,7.52,12.06,4.28,0.63,10.89,0.23,1.6,0.11,,,,31.12,71.95,,73.74,,0.0,210.7,977.35,,2021,8,Aug,6,Friday,0,Monsoon,0.6514761244303547,1.9400000000000002,6.956521739130435,,7,True,True,55.7,51.5,14.2,3.0,5.4,31.5,10.9,55.7,PM2.5,Satisfactory
2021-08-07,35.73,54.41,2.44,15.53,10.26,11.58,5.14,0.67,7.41,0.37,9.77,0.38,,,,29.24,78.82,,132.87,5.7,28.5,124.69,978.93,,2021,8,Aug,7,Saturday,1,Monsoon,0.6566807572137474,10.52,26.405405405405403,,7,True,True,60.4,55.3,19.4,2.9,6.4,33.5,7.4,60.4,PM2.5,Satisfactory
2021-08-08,35.61,47.73,2.23,15.35,10.0,10.94,4.24,0.61,9.44,0.25,5.81,0.36,,,,27.87,82.9,,109.7,0.5,3.5,81.96,980.48,,2021,8,Aug,8,Sunday,1,Monsoon,0.7460716530483973,6.42,23.24,,7,True,True,60.2,47.7,19.2,2.7,5.3,30.5,9.4,60.2,PM2.5,Satisfactory
2021-08-09,48.94,68.42,4.15,21.3,14.46,13.42,5.36,0.81,11.36,0.51,7.15,1.04,,,,28.94,79.46,,96.19,,0.0,124.32,980.38,,2021,8,Aug,9,Monday,0,Monsoon,0.715287927506577,8.7,14.019607843137255,,7,True,True,81.9,69.1,26.6,3.4,6.7,40.5,11.4,81.9,PM2.5,Satisfactory
2021-08-10,36.44,117.62,3.23,17.87,11.93,12.61,6.79,0.63,4.1,0.2,7.21,0.87,,,,30.94,71.88,,239.43,,0.0,222.26,978.78,,2021,8,Aug,10,Tuesday,0,Monsoon,0.3098112565890154,8.28,36.05,,7,True,True,61.5,112.6,22.3,3.2,8.5,31.5,4.1,112.6,PM10,Moderate
2021-08-11,32.25,122.0,2.57,15.78,10.53,12.39,5.76,0.55,13.38,0.12,10.95,0.41,,,,31.41,66.06,,250.18,,0.0,228.49,978.89,,2021,8,Aug,11,Wednesday,0,Monsoon,0.26434426229508196,11.479999999999999,91.25,,7,True,True,54.7,115.5,19.7,3.1,7.2,27.5,13.4,115.5,PM10,Moderate
2021-08-12,30.34,115.77,2.47,14.78,9.89,12.26,5.68,0.58,10.44,0.12,5.56,0.35,,,,31.12,66.93,,268.64,,0.0,230.38,980.25,,2021,8,Aug,12,Thursday,0,Monsoon,0.2620713483631338,6.029999999999999,46.33333333333333,,7,True,True,51.6,111.4,18.5,3.1,7.1,29.0,10.4,111.4,PM10,Moderate
2021-08-13,31.1,105.53,2.57,13.83,9.5,11.93,5.73,0.58,12.16,0.15,5.65,0.31,,,,31.59,65.48,,229.18,,0.0,210.79,978.63,,2021,8,Aug,13,Friday,0,Monsoon,0.294702928077324,6.11,37.66666666666667,,7,True,True,52.8,104.6,17.3,3.0,7.2,29.0,12.2,104.6,PM10,Moderate
2021-08-14,29.59,104.62,1.87,11.01,7.39,12.15,5.46,0.53,12.15,0.06,2.82,0.08,,,,31.49,65.13,,193.07,,0.0,224.0,976.66,,2021,8,Aug,14,Saturday,1,Monsoon,0.2828331103039572,2.96,47.0,,7,True,True,49.3,104.0,13.8,3.0,6.8,26.5,12.2,104.0,PM10,Moderate
2021-08-15,31.75,112.79,2.46,12.11,8.46,11.74,5.41,0.53,12.49,0.06,2.61,0.25,,,,31.51,66.6,,263.43,,0.0,224.2,978.12,,2021,8,Aug,15,Sunday,1,Monsoon,0.2814965865768242,2.92,43.5,,7,True,True,53.9,109.4,15.1,2.9,6.8,26.5,12.5,109.4,PM10,Moderate
2021-08-16,35.33,120.28,2.4,11.96,8.34,12.51,4.68,0.58,12.81,0.08,3.56,0.19,,,,32.02,65.16,,275.09,,0.0,222.06,981.19,,2021,8,Aug,16,Monday,0,Monsoon,0.2937312936481543,3.83,44.5,,7,True,True,59.7,114.4,15.0,3.1,5.8,29.0,12.8,114.4,PM10,Moderate
2021-08-17,52.81,154.52,4.67,15.34,11.98,11.61,5.07,0.69,14.81,0.32,8.19,0.66,,,,32.49,67.94,,243.4,,0.0,217.39,980.98,,2021,8,Aug,17,Tuesday,0,Monsoon,0.3417680559150919,9.17,25.593749999999996,,7,True,True,88.3,137.0,19.2,2.9,6.3,34.5,14.8,137.0,PM10,Moderate
2021-08-18,68.0,172.35,8.32,20.65,17.86,11.1,5.83,0.78,21.41,0.43,12.33,2.91,,,,32.23,68.5,,296.75,,0.0,207.97,979.0,,2021,8,Aug,18,Wednesday,0,Monsoon,0.39454598201334495,15.67,28.674418604651162,,7,True,True,127.4,148.8,25.8,2.8,7.3,39.0,21.4,148.8,PM10,Moderate
2021-08-19,76.62,139.18,2.7,16.98,11.27,10.26,3.99,0.77,21.4,0.52,4.55,0.5,,,,31.69,69.88,,95.28,,0.0,155.05,978.19,,2021,8,Aug,19,Thursday,0,Monsoon,0.5505101307659146,5.57,8.75,,7,True,True,155.8,126.9,21.2,2.6,5.0,38.5,21.4,155.8,PM2.5,Moderate
2021-08-20,42.29,65.22,2.09,15.07,9.73,10.15,5.95,0.67,12.28,0.34,3.6,0.41,,,,27.44,78.82,,77.08,,0.0,58.54,980.75,,2021,8,Aug,20,Friday,0,Monsoon,0.6484207298374731,4.35,10.588235294117647,,7,True,True,71.1,65.9,18.8,2.5,7.4,33.5,12.3,71.1,PM2.5,Satisfactory
2021-08-21,22.33,26.11,1.35,6.94,4.8,9.21,6.31,0.68,8.32,0.12,1.18,0.04,,,,27.43,83.39,,67.49,,0.0,135.87,982.12,,2021,8,Aug,21,Saturday,1,Monsoon,0.8552278820375334,1.3399999999999999,9.833333333333334,,7,True,True,37.2,26.1,8.7,2.3,7.9,34.0,8.3,37.2,PM2.5,Good
2021-08-22,38.74,49.13,1.93,12.6,8.27,9.63,6.87,0.71,12.21,0.24,3.16,0.62,,,,29.23,78.37,,91.18,,0.0,143.09,981.87,,2021,8,Aug,22,Sunday,1,Monsoon,0.788520252391614,4.0200000000000005,13.166666666666668,,7,True,True,65.3,49.1,15.8,2.4,8.6,35.5,12.2,65.3,PM2.5,Satisfactory
2021-08-23,34.24,53.55,1.97,13.22,8.65,12.73,4.83,0.65,18.69,0.19,8.71,0.66,,,,29.9,76.35,,172.17,,0.0,148.19,979.69,,2021,8,Aug,23,Monday,0,Monsoon,0.6394024276377218,9.56,45.8421052631579,,7,True,True,57.9,54.5,16.5,3.2,6.0,32.5,18.7,57.9,PM2.5,Satisfactory
2021-08-24,44.05,75.26,7.38,16.36,14.73,14.23,5.61,0.79,8.64,0.23,11.04,0.94,,,,30.72,77.04,,207.93,,0.0,147.76,978.37,,2021,8,Aug,24,Tuesday,0,Monsoon,0.5853042785011958,12.209999999999999,47.99999999999999,,7,True,True,73.9,75.8,20.4,3.6,7.0,39.5,8.6,75.8,PM10,Satisfactory
2021-08-25,35.88,118.1,4.03,18.35,13.06,13.54,5.17,0.62,10.32,0.34,10.36,1.32,,,,31.42,68.0,,228.52,,0.0,226.25,976.33,,2021,8,Aug,25,Wednesday,0,Monsoon,0.30381033022861986,12.02,30.470588235294112,,7,True,True,60.6,112.9,22.9,3.4,6.5,31.0,10.3,112.9,PM10,Moderate
2021-08-26,28.17,127.35,3.59,13.22,9.96,10.68,4.48,0.6,10.1,0.11,6.66,0.94,,,,29.75,68.3,,249.68,,0.0,179.33,975.86,,2021,8,Aug,26,Thursday,0,Monsoon,0.22120141342756186,7.710000000000001,60.54545454545455,,7,True,True,47.0,119.1,16.5,2.7,5.6,30.0,10.1,119.1,PM10,Moderate
2021-08-27,38.2,152.93,2.46,13.79,9.35,10.87,4.98,0.62,11.22,0.15,6.62,0.74,,,,30.6,67.68,,183.91,,0.0,212.08,977.92,,2021,8,Aug,27,Friday,0,Monsoon,0.24978748447001897,7.510000000000001,44.13333333333333,,7,True,True,64.4,135.9,17.2,2.7,6.2,31.0,11.2,135.9,PM10,Moderate
2021-08-28,47.89,126.48,3.96,17.05,12.3,10.92,4.83,0.69,19.08,0.53,7.02,0.81,,,,30.31,69.95,,104.78,10.0,30.0,165.42,978.85,,2021,8,Aug,28,Saturday,1,Monsoon,0.3786369386464263,8.36,13.245283018867923,,7,True,True,80.2,118.5,21.3,2.7,6.0,34.5,19.1,118.5,PM10,Moderate
2021-08-29,53.69,110.58,1.67,11.67,7.61,10.18,5.78,0.68,19.07,0.28,5.47,0.29,,,,29.8,72.37,,81.88,,0.0,192.3,979.57,,2021,8,Aug,29,Sunday,1,Monsoon,0.4855308374027853,6.04,19.535714285714285,,7,True,True,89.7,108.0,14.6,2.5,7.2,34.0,19.1,108.0,PM10,Moderate
2021-08-30,22.32,38.24,1.31,8.03,5.34,10.08,5.97,0.58,13.94,0.09,1.62,0.05,,,,29.31,72.24,,73.4,,0.0,168.82,982.96,,2021,8,Aug,30,Monday,0,Monsoon,0.5836820083682008,1.7600000000000002,18.000000000000004,,7,True,True,37.2,38.2,10.0,2.5,7.5,29.0,13.9,38.2,PM10,Good
2021-08-31,17.34,26.51,1.57,10.03,6.65,9.59,6.27,0.68,5.82,0.32,2.66,0.2,,,,25.54,83.37,,75.99,,0.0,40.83,984.81,,2021,8,Aug,31,Tuesday,0,Monsoon,0.6540927951716333,3.18,8.3125,,7,True,True,28.9,26.5,12.5,2.4,7.8,34.0,5.8,34.0,CO,Good
2021-09-01,17.84,19.37,1.6,8.48,5.75,11.1,6.35,0.63,5.32,0.21,1.47,0.12,,,,24.86,87.03,,65.74,,0.0,35.67,984.29,,2021,9,Sep,1,Wednesday,0,Monsoon,0.9210118740320082,1.7999999999999998,7.0,,7,True,True,29.7,19.4,10.6,2.8,7.9,31.5,5.3,31.5,CO,Good
2021-09-02,18.0,26.3,3.23,12.09,9.08,6.23,5.97,0.69,9.91,0.21,2.17,0.23,,,,28.26,78.5,,68.96,,0.0,184.03,981.95,,2021,9,Sep,2,Thursday,0,Monsoon,0.6844106463878327,2.61,10.333333333333334,,7,True,True,30.0,26.3,15.1,1.6,7.5,34.5,9.9,34.5,CO,Good
2021-09-03,23.0,39.66,3.15,9.43,7.58,7.06,5.25,0.69,21.87,0.21,6.25,0.73,,,,28.54,75.98,,89.19,,0.0,187.39,980.56,,2021,9,Sep,3,Friday,0,Monsoon,0.5799293998991427,7.1899999999999995,29.761904761904763,,7,True,True,38.3,39.7,11.8,1.8,6.6,34.5,21.9,39.7,PM10,Good
2021-09-04,23.35,32.92,2.63,14.34,9.69,7.0,5.16,0.79,18.26,0.26,4.97,0.92,,,,26.68,82.98,,73.9,9.43,28.3,94.93,980.57,,2021,9,Sep,4,Saturday,1,Monsoon,0.7092952612393681,6.1499999999999995,19.115384615384613,,7,True,True,38.9,32.9,17.9,1.8,6.5,39.5,18.3,39.5,CO,Good
2021-09-05,58.1,86.71,10.74,23.48,21.52,6.09,6.0,0.98,26.11,0.91,24.52,3.25,,,,28.68,80.18,,124.67,5.7,28.5,157.38,980.39,,2021,9,Sep,5,Sunday,1,Monsoon,0.6700495905893208,28.68,26.945054945054945,,7,True,True,96.9,87.0,29.4,1.5,7.5,49.0,26.1,96.9,PM2.5,Satisfactory
2021-09-06,49.63,68.84,4.5,14.01,11.13,6.16,5.47,0.77,15.2,0.39,13.85,1.3,,,,30.01,78.28,,112.82,1.5,3.0,148.9,981.64,,2021,9,Sep,6,Monday,0,Monsoon,0.7209471237652527,15.540000000000001,35.51282051282051,,7,True,True,83.1,69.5,17.5,1.5,6.8,38.5,15.2,83.1,PM2.5,Satisfactory
2021-09-07,40.86,58.69,1.89,10.01,6.92,6.55,4.67,0.66,8.99,0.13,3.67,0.42,,,,28.94,80.13,,79.46,0.32,9.5,106.42,983.18,,2021,9,Sep,7,Tuesday,0,Monsoon,0.6962003748509116,4.22,28.23076923076923,,7,True,True,68.7,59.5,12.5,1.6,5.8,33.0,9.0,68.7,PM2.5,Satisfactory
2021-09-08,19.88,38.75,1.47,9.21,6.1,6.34,4.99,0.59,11.33,0.12,2.87,0.25,,,,29.02,74.94,,72.58,0.0,0.0,175.64,982.11,,2021,9,Sep,8,Wednesday,0,Monsoon,0.5130322580645161,3.24,23.916666666666668,,7,True,True,33.1,38.8,11.5,1.6,6.2,29.5,11.3,38.8,PM10,Good
2021-09-09,28.85,51.95,1.73,11.81,7.69,6.21,5.71,0.69,10.8,0.22,5.24,0.53,,,,29.21,74.95,,67.14,0.0,0.0,158.54,981.04,,2021,9,Sep,9,Thursday,0,Monsoon,0.5553416746871992,5.99,23.81818181818182,,7,True,True,48.1,52.9,14.8,1.6,7.1,34.5,10.8,52.9,PM10,Satisfactory
2021-09-10,28.79,48.0,1.43,9.43,6.18,6.01,6.14,0.62,13.98,0.11,2.53,0.17,,,,28.98,74.25,,70.78,0.0,0.0,159.82,980.97,,2021,9,Sep,10,Friday,0,Monsoon,0.5997916666666666,2.8099999999999996,22.999999999999996,,7,True,True,48.0,48.0,11.8,1.5,7.7,31.0,14.0,48.0,PM2.5,Good
2021-09-11,13.31,27.91,1.36,9.64,6.22,5.16,5.2,0.71,11.6,0.11,2.5,0.12,,,,25.01,85.39,,65.99,0.97,70.5,25.08,980.64,,2021,9,Sep,11,Saturday,1,Monsoon,0.4768900035829452,2.73,22.727272727272727,,7,True,True,22.2,27.9,12.1,1.3,6.5,35.5,11.6,35.5,CO,Good
2021-09-12,25.83,40.57,1.85,12.38,8.1,5.63,6.13,0.69,16.92,0.19,5.12,0.37,,,,27.87,78.67,,112.56,0.0,0.0,154.72,979.11,,2021,9,Sep,12,Sunday,1,Monsoon,0.6366773477939364,5.680000000000001,26.94736842105263,,7,True,True,43.0,40.6,15.5,1.4,7.7,34.5,16.9,43.0,PM2.5,Good
2021-09-13,24.66,39.15,1.85,9.5,6.57,6.85,5.07,0.65,10.29,0.27,3.56,0.33,,,,27.61,79.59,,83.49,0.01,0.5,112.83,979.42,,2021,9,Sep,13,Monday,0,Monsoon,0.6298850574712644,4.16,13.185185185185185,,7,True,True,41.1,39.1,11.9,1.7,6.3,32.5,10.3,41.1,PM2.5,Good
2021-09-14,21.88,40.37,1.69,7.8,5.53,6.86,6.46,0.66,8.1,0.17,1.29,0.1,,,,28.32,76.17,,47.9,0.0,0.0,133.47,981.73,,2021,9,Sep,14,Tuesday,0,Monsoon,0.541986623730493,1.56,7.588235294117647,,7,True,True,36.5,40.4,9.8,1.7,8.1,33.0,8.1,40.4,PM10,Good
2021-09-15,20.25,56.85,6.67,11.66,11.65,6.62,6.17,0.69,13.73,0.32,3.11,0.57,,,,29.19,71.14,,85.31,0.0,0.0,205.96,982.76,,2021,9,Sep,15,Wednesday,0,Monsoon,0.35620052770448546,3.9999999999999996,9.71875,,7,True,True,33.8,57.7,14.6,1.7,7.7,34.5,13.7,57.7,PM10,Satisfactory
2021-09-16,37.55,89.05,9.91,16.18,16.69,6.19,6.62,0.73,6.12,0.5,13.74,1.97,,,,25.97,83.66,,109.87,0.6,58.0,61.81,981.51,,2021,9,Sep,16,Thursday,0,Monsoon,0.42167321729365526,16.21,27.48,,7,True,True,63.3,89.3,20.2,1.5,8.3,36.5,6.1,89.3,PM10,Satisfactory
2021-09-17,16.83,26.39,1.56,7.13,5.03,5.75,5.69,0.62,8.95,0.13,1.83,0.15,,,,26.86,77.32,,61.88,0.0,0.0,123.62,980.81,,2021,9,Sep,17,Friday,0,Monsoon,0.6377415687760515,2.11,14.076923076923077,,7,True,True,28.0,26.4,8.9,1.4,7.1,31.0,8.9,31.0,CO,Good
2021-09-18,25.07,39.0,1.49,7.23,5.07,5.09,5.04,0.65,13.69,0.19,1.26,0.14,,,,28.63,74.17,,58.6,0.0,0.0,193.77,982.59,,2021,9,Sep,18,Saturday,1,Monsoon,0.6428205128205128,1.5899999999999999,6.631578947368421,,7,True,True,41.8,39.0,9.0,1.3,6.3,32.5,13.7,41.8,PM2.5,Good
2021-09-19,32.42,59.0,2.04,12.79,8.46,4.81,5.52,0.68,13.46,0.25,2.54,0.34,,,,29.55,74.15,,76.82,0.0,0.0,187.94,984.14,,2021,9,Sep,19,Sunday,1,Monsoon,0.5494915254237288,3.13,10.16,,7,True,True,55.0,59.8,16.0,1.2,6.9,34.0,13.5,59.8,PM10,Satisfactory
2021-09-20,38.75,69.33,2.57,15.04,10.11,4.46,5.53,0.76,18.85,0.37,4.34,0.74,,,,29.77,74.66,,72.47,0.0,0.0,180.31,983.25,,2021,9,Sep,20,Monday,0,Monsoon,0.5589211019760566,5.45,11.72972972972973,,7,True,True,65.3,69.9,18.8,1.1,6.9,38.0,18.9,69.9,PM10,Satisfactory
2021-09-21,43.09,76.87,5.96,16.15,13.45,4.69,6.07,0.74,16.98,0.47,11.56,1.32,,,,28.67,78.35,,76.96,0.01,1.0,130.92,982.17,,2021,9,Sep,21,Tuesday,0,Monsoon,0.560556784181085,13.350000000000001,24.595744680851066,,7,True,True,72.4,77.3,20.2,1.2,7.6,37.0,17.0,77.3,PM10,Satisfactory
2021-09-22,23.57,37.76,1.68,10.62,7.0,4.57,4.95,0.65,16.68,0.23,3.56,0.41,,,,26.12,79.78,,68.6,0.0,0.0,95.51,982.03,,2021,9,Sep,22,Wednesday,0,Monsoon,0.6242055084745763,4.2,15.478260869565217,,7,True,True,39.3,37.8,13.3,1.1,6.2,32.5,16.7,39.3,PM2.5,Good
2021-09-23,25.78,54.09,1.61,9.35,6.23,4.36,4.8,0.65,19.7,0.2,3.07,0.3,,,,27.58,76.7,,82.72,0.41,39.5,151.59,983.63,,2021,9,Sep,23,Thursday,0,Monsoon,0.47661305232020706,3.57,15.349999999999998,,7,True,True,43.0,55.0,11.7,1.1,6.0,32.5,19.7,55.0,PM10,Satisfactory
2021-09-24,18.57,29.71,2.06,8.97,6.45,4.52,5.67,0.64,10.77,0.16,3.13,0.4,,,,26.99,79.98,,85.71,0.11,10.5,146.45,984.49,,2021,9,Sep,24,Friday,0,Monsoon,0.6250420733759677,3.69,19.5625,,7,True,True,31.0,29.7,11.2,1.1,7.1,32.0,10.8,32.0,CO,Good
2021-09-25,20.1,32.06,1.51,6.36,4.62,4.0,5.4,0.58,13.74,0.06,1.16,0.06,,,,28.18,75.83,,66.74,0.0,0.0,167.05,983.29,,2021,9,Sep,25,Saturday,1,Monsoon,0.6269494697442296,1.28,19.333333333333332,,7,True,True,33.5,32.1,8.0,1.0,6.8,29.0,13.7,33.5,PM2.5,Good
2021-09-26,27.87,40.61,1.49,8.19,5.57,4.02,5.6,0.64,16.22,0.12,1.37,0.1,,,,27.95,76.36,,70.33,0.0,0.0,140.04,983.26,,2021,9,Sep,26,Sunday,1,Monsoon,0.6862841664614627,1.5900000000000003,11.416666666666668,,7,True,True,46.5,40.6,10.2,1.0,7.0,32.0,16.2,46.5,PM2.5,Good
2021-09-27,51.33,85.54,2.53,14.27,9.68,3.62,6.77,0.74,18.56,0.36,6.83,0.6,,,,29.06,75.64,,66.06,0.0,0.0,170.24,983.47,,2021,9,Sep,27,Monday,0,Monsoon,0.600070142623334,7.79,18.97222222222222,,7,True,True,85.8,85.8,17.8,0.9,8.5,37.0,18.6,85.8,PM2.5,Satisfactory
2021-09-28,39.58,67.58,1.92,10.29,7.04,3.68,5.87,0.7,17.83,0.33,2.39,0.26,,,,29.79,72.89,,65.96,0.0,0.0,184.37,984.17,,2021,9,Sep,28,Tuesday,0,Monsoon,0.5856762355726546,2.9800000000000004,7.242424242424242,,7,True,True,66.6,68.2,12.9,0.9,7.3,35.0,17.8,68.2,PM10,Satisfactory
2021-09-29,33.88,62.0,1.79,12.71,8.23,3.61,7.6,0.71,14.67,0.34,2.68,0.23,,,,29.2,72.81,,79.53,0.0,0.0,183.03,985.45,,2021,9,Sep,29,Wednesday,0,Monsoon,0.5464516129032259,3.25,7.88235294117647,,7,True,True,57.3,62.8,15.9,0.9,9.5,35.5,14.7,62.8,PM10,Satisfactory
2021-09-30,48.29,103.75,6.61,20.24,16.16,4.43,5.02,0.81,20.58,0.79,8.21,1.36,,,,28.97,73.28,,96.78,0.0,0.0,159.5,986.57,,2021,9,Sep,30,Thursday,0,Monsoon,0.4654457831325301,10.36,10.39240506329114,,7,True,True,80.9,103.5,25.3,1.1,6.3,40.5,20.6,103.5,PM10,Moderate
2021-10-01,61.42,137.67,20.55,21.42,28.15,3.72,5.07,0.95,20.09,0.78,15.1,3.03,,,,28.89,76.08,,99.32,0.0,0.0,131.04,986.07,,2021,10,Oct,1,Friday,0,Post-Monsoon,0.44613931866056517,18.91,19.358974358974358,,7,True,True,105.7,125.9,26.8,0.9,6.3,47.5,20.1,125.9,PM10,Moderate
2021-10-02,66.87,115.69,13.11,14.4,18.36,3.88,4.78,0.83,13.98,0.5,9.94,1.68,,,,29.26,75.2,,203.72,0.0,0.0,162.19,984.64,,2021,10,Oct,2,Saturday,1,Post-Monsoon,0.5780101996715361,12.12,19.88,,7,True,True,123.7,111.4,18.0,1.0,6.0,41.5,14.0,123.7,PM2.5,Moderate
2021-10-03,45.95,100.67,4.82,17.27,13.12,3.98,6.28,0.71,12.16,0.33,11.36,1.17,,,,29.34,73.03,,218.89,0.0,0.0,180.67,982.7,,2021,10,Oct,3,Sunday,1,Post-Monsoon,0.456441839674183,12.86,34.42424242424242,,7,True,True,77.1,101.4,21.6,1.0,7.9,35.5,12.2,101.4,PM10,Moderate
2021-10-04,35.04,104.17,5.17,13.06,11.2,4.09,5.22,0.66,9.64,0.34,6.25,0.75,,,,29.65,71.44,,219.89,0.0,0.0,174.42,982.54,,2021,10,Oct,4,Monday,0,Post-Monsoon,0.3363732360564462,7.34,18.38235294117647,,7,True,True,59.2,103.8,16.3,1.0,6.5,33.0,9.6,103.8,PM10,Moderate
2021-10-05,34.99,87.42,2.56,14.47,9.79,4.76,5.46,0.68,23.01,0.32,6.32,0.56,,,,28.68,71.65,,122.34,0.0,0.0,147.17,985.25,,2021,10,Oct,5,Tuesday,0,Post-Monsoon,0.4002516586593457,7.200000000000001,19.75,,7,True,True,59.2,87.7,18.1,1.2,6.8,34.0,23.0,87.7,PM10,Satisfactory
2021-10-06,47.28,101.19,7.05,14.2,13.02,4.76,7.58,0.7,20.32,0.32,8.81,0.51,,,,28.91,72.46,,266.99,0.0,0.0,174.19,985.57,,2021,10,Oct,6,Wednesday,0,Post-Monsoon,0.4672398458345687,9.64,27.53125,,7,True,True,79.2,101.8,17.8,1.2,9.5,35.0,20.3,101.8,PM10,Moderate
2021-10-07,62.06,135.06,2.05,21.08,12.67,3.43,6.46,0.78,25.06,0.32,12.11,0.64,,,,27.63,72.33,,268.78,0.0,0.0,168.98,984.08,,2021,10,Oct,7,Thursday,0,Post-Monsoon,0.4594994817118318,13.07,37.84375,,7,True,True,107.8,124.1,26.3,0.9,8.1,39.0,25.1,124.1,PM10,Moderate
2021-10-08,73.27,184.79,9.65,27.16,22.33,3.38,6.4,0.89,26.75,0.53,11.48,3.44,,,,27.69,71.05,,252.3,0.0,0.0,175.89,982.97,,2021,10,Oct,8,Friday,0,Post-Monsoon,0.39650413983440663,15.45,21.660377358490567,,7,True,True,144.8,157.0,34.0,0.8,8.0,44.5,26.8,157.0,PM10,Moderate
2021-10-09,87.41,200.34,13.29,28.63,26.02,4.02,8.19,0.9,22.15,0.83,22.33,3.1,,,,27.6,70.37,,233.19,0.0,0.0,169.9,983.34,,2021,10,Oct,9,Saturday,1,Post-Monsoon,0.4363082759309174,26.259999999999998,26.903614457831324,,7,True,True,191.5,167.2,35.8,1.0,10.2,45.0,22.1,191.5,PM2.5,Moderate
2021-10-10,78.94,182.81,17.9,25.09,27.93,4.23,7.02,0.96,20.81,0.79,14.92,2.18,,,,27.92,69.81,,222.08,0.0,0.0,172.5,983.87,,2021,10,Oct,10,Sunday,1,Post-Monsoon,0.4318144521634484,17.89,18.886075949367086,,7,True,True,163.5,155.7,31.4,1.1,8.8,48.0,20.8,163.5,PM2.5,Moderate
2021-10-11,81.24,194.93,32.22,22.81,37.43,5.05,7.92,1.0,16.8,0.97,16.24,2.91,,,,27.8,69.53,,207.5,0.0,0.0,173.96,983.67,,2021,10,Oct,11,Monday,0,Post-Monsoon,0.4167649925614323,20.119999999999997,16.74226804123711,,7,True,True,171.1,163.7,28.5,1.3,9.9,50.0,16.8,171.1,PM2.5,Moderate
2021-10-12,77.85,202.18,32.64,25.25,40.06,5.31,7.03,0.94,20.33,1.01,14.82,2.2,,,,28.01,65.49,,177.11,0.0,0.0,172.02,984.04,,2021,10,Oct,12,Tuesday,0,Post-Monsoon,0.385052923137798,18.03,14.673267326732674,,7,True,True,159.9,168.4,31.6,1.3,8.8,47.0,20.3,168.4,PM10,Moderate
2021-10-13,101.32,233.07,2.93,27.94,17.25,6.05,8.47,0.84,28.34,0.89,14.45,1.65,,,,25.81,66.25,,268.5,0.0,0.0,173.11,985.25,,2021,10,Oct,13,Wednesday,0,Post-Monsoon,0.4347191830780452,16.99,16.235955056179773,,7,True,True,238.4,188.8,34.9,1.5,10.6,42.0,28.3,238.4,PM2.5,Poor
2021-10-14,75.08,192.71,1.84,27.37,16.07,1.7,7.33,0.78,32.66,0.66,20.49,0.83,,,,25.33,60.29,,241.26,0.0,0.0,175.43,985.37,,2021,10,Oct,14,Thursday,0,Post-Monsoon,0.389600954802553,21.979999999999997,31.045454545454543,,7,True,True,150.8,162.2,34.2,0.4,9.2,39.0,32.7,162.2,PM10,Moderate
2021-10-15,91.67,180.88,7.19,31.83,22.95,1.6,8.43,1.0,34.52,0.94,17.46,1.43,,,,25.43,63.81,,237.41,0.0,0.0,166.69,983.13,,2021,10,Oct,15,Friday,0,Post-Monsoon,0.5068000884564352,19.830000000000002,18.574468085106385,,7,True,True,206.5,154.4,39.8,0.4,10.5,50.0,34.5,206.5,PM2.5,Poor
2021-10-16,168.38,297.62,24.36,41.28,42.06,1.61,10.46,1.3,29.54,1.38,17.19,3.01,,,,26.57,69.88,,148.14,0.0,0.0,145.18,983.79,,2021,10,Oct,16,Saturday,1,Post-Monsoon,0.5657549895840333,21.58,12.456521739130437,,7,True,True,337.8,248.1,52.6,0.4,13.1,65.7,29.5,337.8,PM2.5,Very Poor
2021-10-17,134.25,152.65,1.81,16.85,10.44,2.12,5.62,0.89,10.25,0.81,4.31,0.79,,,,24.53,80.63,,73.16,0.36,35.0,59.62,985.58,,2021,10,Oct,17,Sunday,1,Post-Monsoon,0.879462823452342,5.909999999999999,5.320987654320986,,7,True,True,311.9,135.7,21.1,0.5,7.0,44.5,10.2,311.9,PM2.5,Very Poor
2021-10-18,12.58,33.81,4.23,9.52,8.22,2.07,4.79,0.66,15.35,0.16,4.64,0.45,,,,22.15,85.03,,65.42,0.21,20.0,46.55,983.51,,2021,10,Oct,18,Monday,0,Post-Monsoon,0.37207926648920436,5.25,28.999999999999996,,7,True,True,21.0,33.8,11.9,0.5,6.0,33.0,15.3,33.8,PM10,Good
2021-10-19,54.64,93.5,1.66,18.08,11.04,2.45,5.81,0.74,21.07,0.33,28.41,0.59,,,,24.34,77.35,,254.64,0.01,1.0,131.05,984.68,,2021,10,Oct,19,Tuesday,0,Post-Monsoon,0.5843850267379679,29.33,86.0909090909091,,7,True,True,91.2,93.6,22.6,0.6,7.3,37.0,21.1,93.6,PM10,Satisfactory
2021-10-20,110.43,207.42,5.27,32.49,21.51,2.25,6.56,0.94,26.72,0.8,28.54,1.29,,,,24.4,72.4,,241.97,0.0,0.0,161.85,987.72,,2021,10,Oct,20,Wednesday,0,Post-Monsoon,0.5323980329765693,30.63,35.675,,7,True,True,268.4,171.9,40.6,0.6,8.2,47.0,26.7,268.4,PM2.5,Poor
2021-10-21,85.32,232.81,13.14,34.87,30.05,1.71,7.27,0.84,22.49,0.96,46.76,1.78,,,,23.22,62.42,,232.28,0.0,0.0,176.96,987.34,,2021,10,Oct,21,Thursday,0,Post-Monsoon,0.36647910313130877,49.5,48.708333333333336,,7,True,True,184.6,188.7,43.6,0.4,9.1,42.0,22.5,188.7,PM10,Moderate
2021-10-22,65.12,159.2,2.67,25.96,16.14,1.66,8.37,0.73,20.87,0.61,19.02,0.96,,,,24.13,64.42,,205.93,0.0,0.0,173.02,987.76,,2021,10,Oct,22,Friday,0,Post-Monsoon,0.4090452261306533,20.59,31.18032786885246,,7,True,True,117.9,140.1,32.5,0.4,10.5,36.5,20.9,140.1,PM10,Moderate
2021-10-23,85.28,175.75,10.95,35.56,27.84,1.57,7.14,0.93,22.27,1.39,16.18,2.15,,,,24.44,68.52,,116.22,0.0,0.0,163.5,989.41,,2021,10,Oct,23,Saturday,1,Post-Monsoon,0.48523470839260313,19.72,11.640287769784173,,7,True,True,184.4,151.0,44.5,0.4,8.9,46.5,22.3,184.4,PM2.5,Moderate
2021-10-24,90.38,159.99,10.5,25.8,22.52,1.79,6.74,0.91,26.89,1.17,14.45,2.0,,,,23.23,73.21,,110.08,0.04,4.0,117.25,991.45,,2021,10,Oct,24,Sunday,1,Post-Monsoon,0.5649103068941809,17.619999999999997,12.350427350427351,,7,True,True,202.3,140.6,32.2,0.4,8.4,45.5,26.9,202.3,PM2.5,Poor
2021-10-25,39.33,83.71,2.73,22.88,14.17,1.9,7.35,0.7,25.5,0.38,15.42,0.59,,,,21.56,72.94,,180.98,0.0,0.0,165.07,991.77,,2021,10,Oct,25,Monday,0,Post-Monsoon,0.4698363397443555,16.39,40.578947368421055,,7,True,True,66.2,84.0,28.6,0.5,9.2,35.0,25.5,84.0,PM10,Satisfactory
2021-10-26,65.8,159.94,12.79,31.67,27.47,1.78,6.83,0.83,23.35,0.56,32.03,0.95,,,,20.99,71.02,,237.58,0.0,0.0,166.97,990.9,,2021,10,Oct,26,Tuesday,0,Post-Monsoon,0.41140427660372636,33.540000000000006,57.19642857142857,,7,True,True,120.1,140.6,39.6,0.4,8.5,41.5,23.4,140.6,PM10,Moderate
2021-10-27,118.96,259.32,10.25,37.81,28.46,1.73,7.86,0.89,26.73,0.95,29.47,1.74,,,,20.83,67.92,,246.42,0.0,0.0,151.44,992.78,,2021,10,Oct,27,Wednesday,0,Post-Monsoon,0.4587382384698442,32.16,31.021052631578947,,7,True,True,296.6,210.2,47.3,0.4,9.8,44.5,26.7,296.6,PM2.5,Poor
2021-10-28,147.71,283.8,14.07,42.36,34.01,3.01,8.69,1.1,25.3,1.27,22.79,1.59,,,,20.96,67.8,,247.56,0.0,0.0,159.6,992.81,,2021,10,Oct,28,Thursday,0,Post-Monsoon,0.5204721634954194,25.65,17.944881889763778,,7,True,True,322.1,234.5,53.9,0.8,10.9,55.9,25.3,322.1,PM2.5,Very Poor
2021-10-29,158.04,297.92,30.88,45.45,49.36,1.89,11.02,1.14,24.71,1.77,26.94,3.49,,,,21.24,68.39,,197.48,0.0,0.0,157.99,994.38,,2021,10,Oct,29,Friday,0,Post-Monsoon,0.5304779806659505,32.2,15.220338983050848,,7,True,True,330.0,248.4,57.7,0.5,13.8,57.9,24.7,330.0,PM2.5,Very Poor
2021-10-30,133.83,248.58,5.87,38.58,25.24,3.12,10.13,0.92,27.25,1.3,24.68,1.23,,,,21.79,62.1,,231.05,0.0,0.0,178.67,993.84,,2021,10,Oct,30,Saturday,1,Post-Monsoon,0.5383779869659667,27.21,18.984615384615385,,7,True,True,311.5,199.1,48.2,0.8,12.7,46.0,27.2,311.5,PM2.5,Very Poor
2021-10-31,175.92,319.54,21.01,43.06,40.04,2.26,13.0,1.19,21.22,1.16,27.56,1.67,,,,21.37,64.94,,237.14,0.0,0.0,161.0,991.95,,2021,10,Oct,31,Sunday,1,Post-Monsoon,0.5505414032671965,30.39,23.758620689655174,,7,True,True,343.6,269.8,54.7,0.6,16.2,60.3,21.2,343.6,PM2.5,Very Poor
2021-11-01,176.21,336.74,35.39,50.46,56.16,2.47,13.84,1.39,24.29,2.36,31.64,4.44,,,,21.46,66.78,,83.8,0.0,0.0,145.22,991.75,,2021,11,Nov,1,Monday,0,Post-Monsoon,0.5232820573736414,38.44,13.40677966101695,,7,True,True,343.8,286.9,63.8,0.6,17.3,70.1,24.3,343.8,PM2.5,Very Poor
2021-11-02,176.06,286.65,2.59,41.17,24.17,2.29,12.22,1.15,23.84,1.8,16.95,1.94,,,,21.44,67.1,,77.95,0.0,0.0,137.07,993.34,,2021,11,Nov,2,Tuesday,0,Post-Monsoon,0.6141984999127856,20.69,9.416666666666666,,7,True,True,343.7,237.3,52.4,0.6,15.3,58.3,23.8,343.7,PM2.5,Very Poor
2021-11-03,229.4,332.83,9.03,48.07,32.92,2.32,12.63,1.41,27.2,2.06,13.44,2.01,,,,21.32,71.51,,75.75,0.0,0.0,125.18,993.13,,2021,11,Nov,3,Wednesday,0,Post-Monsoon,0.6892407535378422,17.509999999999998,6.524271844660194,,7,True,True,384.3,283.0,60.9,0.6,15.8,71.1,27.2,384.3,PM2.5,Very Poor
2021-11-04,381.82,462.27,13.17,40.85,32.56,10.71,8.79,1.77,17.54,1.95,15.11,2.34,,,,20.35,76.68,,185.48,0.0,0.0,111.68,992.09,,2021,11,Nov,4,Thursday,0,Post-Monsoon,0.8259675081662232,19.4,7.748717948717949,,7,True,True,453.2,419.8,52.0,2.7,11.0,88.7,17.5,453.2,PM2.5,Severe
2021-11-05,419.16,475.21,10.84,35.98,27.88,3.11,8.72,1.74,14.57,1.66,7.72,1.59,,,,19.46,77.74,,273.27,0.0,0.0,107.37,991.53,,2021,11,Nov,5,Friday,0,Post-Monsoon,0.8820521453673114,10.969999999999999,4.650602409638554,,7,True,True,468.0,427.3,45.0,0.8,10.9,87.3,14.6,468.0,PM2.5,Severe
2021-11-06,326.57,384.76,1.38,32.54,18.43,2.62,10.26,1.36,23.87,1.51,14.2,1.15,,,,20.26,66.32,,227.17,0.0,0.0,137.89,989.67,,2021,11,Nov,6,Saturday,1,Post-Monsoon,0.8487628651626988,16.86,9.403973509933774,,7,True,True,431.3,344.0,40.7,0.7,12.8,68.6,23.9,431.3,PM2.5,Severe
2021-11-07,347.96,426.08,2.38,44.05,25.47,3.77,12.41,1.37,22.82,1.83,16.5,1.2,,,,20.6,63.46,,217.89,0.0,0.0,141.58,989.46,,2021,11,Nov,7,Sunday,1,Post-Monsoon,0.8166541494555013,19.529999999999998,9.01639344262295,,7,True,True,439.8,395.1,56.0,0.9,15.5,69.1,22.8,439.8,PM2.5,Severe
2021-11-08,323.46,423.83,5.0,50.75,31.06,4.35,15.15,1.39,23.98,1.91,15.88,1.5,,,,20.5,63.43,,240.14,0.0,0.0,135.51,991.3,,2021,11,Nov,8,Monday,0,Post-Monsoon,0.7631833518155864,19.29,8.314136125654452,,7,True,True,430.1,392.4,64.2,1.1,18.9,70.1,24.0,430.1,PM2.5,Severe
2021-11-09,369.05,511.97,25.21,63.46,54.29,4.45,19.81,1.67,19.63,2.28,22.37,2.33,,,,19.84,64.69,,239.45,0.0,0.0,115.72,992.27,,2021,11,Nov,9,Tuesday,0,Post-Monsoon,0.7208430181455945,26.980000000000004,9.811403508771932,,7,True,True,448.1,448.7,79.7,1.1,24.8,83.8,19.6,448.7,PM10,Severe
2021-11-10,280.29,430.21,19.5,54.21,44.74,4.55,17.63,1.61,25.5,3.95,29.62,2.62,,,,20.09,69.77,,250.66,0.0,0.0,181.34,992.71,,2021,11,Nov,10,Wednesday,0,Post-Monsoon,0.6515190255921528,36.19,7.49873417721519,,7,True,True,413.0,401.1,68.4,1.1,22.0,80.9,25.5,413.0,PM2.5,Severe
2021-11-11,298.33,563.33,,,,,,,,2.23,1.0,2.58,,,,,,,,,0.0,,,,2021,11,Nov,11,Thursday,0,Post-Monsoon,0.529583015284114,5.8100000000000005,0.4484304932735426,,2,True,False,420.1,478.6,,,,,,478.6,PM10,Severe
2021-11-12,232.21,456.06,79.51,73.67,104.04,5.55,10.94,2.33,9.7,1.85,22.05,3.24,,,,17.74,64.06,,113.01,0.0,0.0,12.39,991.43,,2021,11,Nov,12,Friday,0,Post-Monsoon,0.5091654606849976,27.14,11.91891891891892,,7,True,True,386.5,416.2,92.2,1.4,13.7,105.1,9.7,416.2,PM10,Severe
2021-11-13,283.71,437.65,63.15,54.49,80.47,4.39,11.02,1.81,21.01,2.04,36.47,4.31,,,,18.54,60.21,,168.35,0.0,0.0,125.78,991.66,,2021,11,Nov,13,Saturday,1,Post-Monsoon,0.6482577402033588,42.82,17.877450980392155,,7,True,True,414.3,405.5,68.8,1.1,13.8,90.7,21.0,414.3,PM2.5,Severe
2021-11-14,237.42,387.35,45.47,55.81,67.34,3.59,14.18,1.56,21.55,1.53,19.72,2.44,,,,17.74,58.22,,131.02,0.0,0.0,118.37,990.78,,2021,11,Nov,14,Sunday,1,Post-Monsoon,0.6129340389828319,23.69,12.888888888888888,,7,True,True,390.4,347.2,70.4,0.9,17.7,78.4,21.6,390.4,PM2.5,Very Poor
2021-11-15,270.74,416.99,44.35,61.24,68.72,3.9,12.87,1.7,20.27,1.68,30.4,2.62,,,,17.29,60.69,,147.56,0.0,0.0,108.16,990.35,,2021,11,Nov,15,Monday,0,Post-Monsoon,0.6492721648001151,34.699999999999996,18.095238095238095,,7,True,True,409.2,383.9,77.0,1.0,16.1,85.3,20.3,409.2,PM2.5,Severe
2021-11-16,313.55,445.61,31.46,51.82,52.89,3.71,15.24,1.61,21.61,1.48,20.67,2.27,,,,17.21,60.58,,172.74,0.0,0.0,117.99,991.25,,2021,11,Nov,16,Tuesday,0,Post-Monsoon,0.7036421983348669,24.42,13.966216216216218,,7,True,True,426.2,410.1,65.5,0.9,19.1,80.9,21.6,426.2,PM2.5,Severe
2021-11-17,249.71,370.59,64.55,48.92,78.67,4.16,11.73,1.65,19.9,1.69,25.39,3.29,,,,16.96,63.74,,46.14,0.0,0.0,119.14,993.22,,2021,11,Nov,17,Wednesday,0,Post-Monsoon,0.6738174262662242,30.37,15.023668639053255,,7,True,True,399.8,326.5,61.9,1.0,14.7,82.8,19.9,399.8,PM2.5,Very Poor
2021-11-18,240.98,384.52,60.09,60.63,81.25,4.69,18.45,1.8,19.9,2.05,50.25,4.76,,,,17.57,63.67,,145.61,0.0,0.0,112.84,992.08,,2021,11,Nov,18,Thursday,0,Post-Monsoon,0.6267034224487673,57.059999999999995,24.512195121951223,,7,True,True,393.1,343.7,76.3,1.2,23.1,90.2,19.9,393.1,PM2.5,Very Poor
2021-11-19,262.62,389.98,43.63,61.95,68.1,4.18,15.46,1.7,19.94,1.82,40.07,4.4,,,,17.5,63.0,,165.3,0.0,0.0,102.51,989.85,,2021,11,Nov,19,Friday,0,Post-Monsoon,0.6734191496999846,46.29,22.016483516483515,,7,True,True,406.0,350.5,77.9,1.0,19.3,85.3,19.9,406.0,PM2.5,Severe
2021-11-20,272.03,387.78,27.21,47.26,47.31,4.11,16.41,1.44,24.76,2.04,24.58,3.45,,,,19.26,57.71,,124.64,0.0,0.0,130.72,990.09,,2021,11,Nov,20,Saturday,1,Post-Monsoon,0.7015060085615555,30.069999999999997,12.049019607843137,,7,True,True,409.7,347.8,59.9,1.0,20.5,72.6,24.8,409.7,PM2.5,Severe
2021-11-21,167.42,262.42,0.81,38.56,21.05,4.83,13.89,1.27,26.79,1.42,29.94,1.27,,,,19.77,49.03,,229.26,0.0,0.0,89.39,990.67,,2021,11,Nov,21,Sunday,1,Post-Monsoon,0.6379849096867616,32.63,21.084507042253524,,7,True,True,337.1,213.3,48.2,1.2,17.4,64.2,26.8,337.1,PM2.5,Very Poor
2021-11-22,146.88,266.62,0.93,27.39,15.12,3.48,12.96,0.92,28.08,1.31,20.39,0.73,,,,19.58,45.66,,237.58,0.0,0.0,132.3,991.03,,2021,11,Nov,22,Monday,0,Post-Monsoon,0.5508964068712024,22.43,15.564885496183205,,7,True,True,321.5,217.5,34.2,0.9,16.2,46.0,28.1,321.5,PM2.5,Very Poor
2021-11-23,177.62,340.88,35.54,50.14,55.87,4.43,15.37,1.44,21.68,1.47,20.3,1.89,,,,16.84,54.57,,236.34,0.0,0.0,115.94,989.63,,2021,11,Nov,23,Tuesday,0,Post-Monsoon,0.5210631307204882,23.66,13.80952380952381,,7,True,True,344.9,291.0,63.4,1.1,19.2,72.6,21.7,344.9,PM2.5,Very Poor
2021-11-24,235.94,417.04,61.17,58.49,81.16,5.04,10.85,1.76,31.3,2.76,44.36,5.02,,,,16.35,64.73,,50.74,0.0,0.0,100.33,991.25,,2021,11,Nov,24,Wednesday,0,Post-Monsoon,0.5657490888164205,52.14,16.07246376811594,,7,True,True,389.3,384.0,73.7,1.3,13.6,88.2,31.3,389.3,PM2.5,Very Poor
2021-11-25,264.33,368.79,6.52,47.01,30.25,3.71,12.32,1.55,33.88,1.98,10.61,1.81,,,,16.47,67.99,,56.12,0.0,0.0,96.23,992.56,,2021,11,Nov,25,Thursday,0,Post-Monsoon,0.7167493695599121,14.4,5.358585858585858,,7,True,True,406.7,324.3,59.6,0.9,15.4,78.0,33.9,406.7,PM2.5,Severe
2021-11-26,258.98,378.71,46.11,52.69,67.86,4.58,11.63,1.71,21.89,2.21,36.11,3.12,,,,17.16,66.62,,56.83,0.0,0.0,105.43,992.61,,2021,11,Nov,26,Friday,0,Post-Monsoon,0.6838477991074966,41.44,16.339366515837103,,7,True,True,404.6,336.5,66.5,1.1,14.5,85.8,21.9,404.6,PM2.5,Severe
2021-11-27,229.12,316.5,14.67,42.4,34.37,4.2,8.32,1.44,20.27,1.74,9.12,1.41,,,,16.56,69.36,,55.25,0.0,0.0,96.7,993.38,,2021,11,Nov,27,Saturday,1,Post-Monsoon,0.7239178515007899,12.27,5.241379310344827,,7,True,True,384.1,266.8,53.9,1.1,10.4,72.6,20.3,384.1,PM2.5,Very Poor
2021-11-28,234.48,299.2,6.7,32.09,22.37,4.33,8.69,1.53,15.08,1.51,6.62,1.64,,,,17.18,70.63,,49.09,0.0,0.0,93.74,995.04,,2021,11,Nov,28,Sunday,1,Post-Monsoon,0.7836898395721925,9.770000000000001,4.3841059602649,,7,True,True,388.2,249.7,40.1,1.1,10.9,77.0,15.1,388.2,PM2.5,Very Poor
2021-11-29,214.08,330.45,60.05,45.77,74.14,5.04,8.52,1.55,15.02,1.56,29.19,2.39,,,,17.25,62.04,,234.79,0.0,0.0,115.55,995.25,,2021,11,Nov,29,Monday,0,Post-Monsoon,0.647843849296414,33.14,18.711538461538463,,7,True,True,372.6,280.6,58.1,1.3,10.6,78.0,15.0,372.6,PM2.5,Very Poor
2021-11-30,182.12,305.49,27.22,43.92,45.54,4.65,11.55,1.33,19.11,1.24,21.84,1.71,,,,17.44,57.9,,214.98,0.0,0.0,105.14,994.48,,2021,11,Nov,30,Tuesday,0,Post-Monsoon,0.5961569936822809,24.79,17.612903225806452,,7,True,True,348.3,255.9,55.8,1.2,14.4,67.2,19.1,348.3,PM2.5,Very Poor
2021-12-01,303.56,457.15,59.92,55.24,78.68,5.41,11.79,1.86,11.88,2.13,43.83,3.32,,,,16.43,67.96,,157.9,0.0,0.0,36.83,994.54,,2021,12,Dec,1,Wednesday,0,Winter,0.6640271245761785,49.28,20.577464788732396,,7,True,True,422.2,416.8,69.7,1.4,14.7,93.1,11.9,422.2,PM2.5,Severe
2021-12-02,272.21,343.54,12.02,40.47,31.27,4.45,11.14,1.41,5.91,1.34,22.71,1.93,,,,16.41,72.03,,190.79,0.01,0.5,34.08,994.61,,2021,12,Dec,2,Thursday,0,Winter,0.7923677009955171,25.98,16.94776119402985,,7,True,True,409.8,293.6,51.6,1.1,13.9,71.1,5.9,409.8,PM2.5,Severe
2021-12-03,212.41,277.43,13.63,38.1,31.38,4.62,8.87,1.31,11.31,1.0,23.44,1.64,,,,17.41,68.21,,156.01,0.0,0.0,72.5,994.91,,2021,12,Dec,3,Friday,0,Winter,0.765634574487258,26.080000000000002,23.44,,7,True,True,371.4,228.2,47.6,1.2,11.1,66.2,11.3,371.4,PM2.5,Very Poor
2021-12-04,177.0,286.65,47.95,42.51,60.81,5.01,8.72,1.47,13.66,1.1,23.55,2.82,,,,17.66,65.92,,174.92,0.0,0.0,121.94,993.23,,2021,12,Dec,4,Saturday,1,Winter,0.6174777603349032,27.470000000000002,21.409090909090907,,7,True,True,344.4,237.3,54.1,1.3,10.9,74.0,13.7,344.4,PM2.5,Very Poor
2021-12-05,208.38,329.24,32.59,47.17,51.66,4.83,10.73,1.51,16.57,1.5,20.65,3.45,,,,17.64,67.84,,76.53,0.0,0.0,78.92,993.45,,2021,12,Dec,5,Sunday,1,Winter,0.6329121613412708,25.599999999999998,13.766666666666666,,7,True,True,368.3,279.4,59.8,1.2,13.4,76.0,16.6,368.3,PM2.5,Very Poor
2021-12-06,110.44,196.12,6.86,33.35,23.23,4.93,12.14,0.95,11.56,0.97,15.24,1.42,,,,18.43,65.56,,205.59,0.0,0.0,106.87,993.6,,2021,12,Dec,6,Monday,0,Winter,0.5631246175810728,17.630000000000003,15.711340206185568,,7,True,True,268.5,164.4,41.7,1.2,15.2,47.5,11.6,268.5,PM2.5,Poor
2021-12-07,82.46,161.96,5.06,31.13,21.28,4.3,5.51,0.77,11.58,0.54,14.02,0.93,,,,16.96,63.3,,240.7,0.0,0.0,132.07,994.63,,2021,12,Dec,7,Tuesday,0,Winter,0.5091380587799456,15.489999999999998,25.962962962962962,,7,True,True,175.1,141.9,38.9,1.1,6.9,38.5,11.6,175.1,PM2.5,Moderate
2021-12-08,119.86,205.91,13.91,37.83,31.59,4.3,10.47,0.96,14.24,0.65,24.58,0.71,,,,15.87,60.51,,192.09,0.0,0.0,126.42,994.7,,2021,12,Dec,8,Wednesday,0,Winter,0.5820989752804624,25.939999999999998,37.81538461538461,,7,True,True,299.5,170.9,47.3,1.1,13.1,48.0,14.2,299.5,PM2.5,Poor
2021-12-09,163.35,285.55,24.65,47.33,45.4,4.29,10.34,1.17,12.8,1.12,24.0,1.66,,,,14.99,66.56,,199.69,0.0,0.0,98.78,997.22,,2021,12,Dec,9,Thursday,0,Winter,0.5720539310103309,26.78,21.428571428571427,,7,True,True,334.0,236.2,60.0,1.1,12.9,59.3,12.8,334.0,PM2.5,Very Poor
2021-12-10,129.55,229.9,9.54,43.57,31.01,4.02,9.33,0.96,12.83,0.81,22.4,1.01,,,,15.29,64.03,,230.9,0.0,0.0,112.92,997.21,,2021,12,Dec,10,Friday,0,Winter,0.5635058721183124,24.22,27.654320987654316,,7,True,True,308.3,186.7,55.4,1.0,11.7,48.0,12.8,308.3,PM2.5,Very Poor
2021-12-11,139.2,247.28,29.96,43.64,47.64,3.99,12.17,1.28,15.63,1.17,19.08,0.9,,,,14.68,59.99,,224.46,0.0,0.0,120.18,996.29,,2021,12,Dec,11,Saturday,1,Winter,0.5629246198641216,21.15,16.307692307692307,,7,True,True,315.6,198.2,55.5,1.0,15.2,64.7,15.6,315.6,PM2.5,Very Poor
2021-12-12,184.84,286.62,48.03,51.6,66.6,4.22,10.09,1.58,13.48,1.44,11.0,1.88,,,,13.74,64.91,,186.86,0.0,0.0,110.28,996.88,,2021,12,Dec,12,Sunday,1,Winter,0.6448956806922057,14.32,7.638888888888889,,7,True,True,350.4,237.3,65.2,1.1,12.6,79.4,13.5,350.4,PM2.5,Very Poor
2021-12-13,195.25,304.36,28.79,46.07,48.12,3.88,8.66,1.47,13.92,1.42,7.01,1.37,,,,13.34,68.27,,69.34,0.0,0.0,87.47,995.87,,2021,12,Dec,13,Monday,0,Winter,0.6415100538835589,9.8,4.936619718309859,,7,True,True,358.3,254.8,58.4,1.0,10.8,74.0,13.9,358.3,PM2.5,Very Poor
2021-12-14,212.21,296.22,26.89,38.38,42.7,3.62,8.81,1.43,16.91,1.26,6.62,1.17,,,,13.3,70.48,,67.0,0.0,0.0,87.75,995.36,,2021,12,Dec,14,Tuesday,0,Winter,0.716393221254473,9.05,5.253968253968254,,7,True,True,371.2,246.8,48.0,0.9,11.0,72.1,16.9,371.2,PM2.5,Very Poor
2021-12-15,183.22,316.83,41.64,37.65,56.52,3.78,10.09,1.38,17.27,1.28,19.65,1.96,,,,13.45,66.06,,124.64,0.0,0.0,118.08,995.61,,2021,12,Dec,15,Wednesday,0,Winter,0.578291197171985,22.89,15.351562499999998,,7,True,True,349.1,267.2,47.1,0.9,12.6,69.6,17.3,349.1,PM2.5,Very Poor
2021-12-16,218.88,344.54,24.93,42.68,43.11,3.39,9.81,1.24,11.85,1.37,22.81,2.09,,,,13.04,65.46,,137.44,0.0,0.0,79.57,996.59,,2021,12,Dec,16,Thursday,0,Winter,0.6352818250420851,26.27,16.64963503649635,,7,True,True,376.3,294.6,54.3,0.8,12.3,62.8,11.8,376.3,PM2.5,Very Poor
2021-12-17,149.21,232.71,1.35,28.92,16.48,2.78,11.78,0.91,17.55,0.86,6.01,0.61,,,,12.73,61.5,,243.49,0.0,0.0,119.97,997.67,,2021,12,Dec,17,Friday,0,Winter,0.641184306647759,7.48,6.988372093023256,,7,True,True,323.2,188.6,36.2,0.7,14.7,45.5,17.6,323.2,PM2.5,Very Poor
2021-12-18,125.04,190.71,1.09,22.68,12.85,3.1,5.68,0.93,15.31,0.87,7.57,0.31,,,,10.7,65.24,,236.97,0.0,0.0,100.03,997.33,,2021,12,Dec,18,Saturday,1,Winter,0.6556551832625452,8.75,8.701149425287356,,7,True,True,304.8,160.9,28.4,0.8,7.1,46.5,15.3,304.8,PM2.5,Very Poor
2021-12-19,154.86,223.38,3.16,33.31,20.7,3.43,7.5,0.93,16.92,0.96,12.16,0.24,,,,11.08,60.34,,233.55,0.0,0.0,115.8,996.95,,2021,12,Dec,19,Sunday,1,Winter,0.6932581251678754,13.360000000000001,12.666666666666668,,7,True,True,327.5,182.4,41.6,0.9,9.4,46.5,16.9,327.5,PM2.5,Very Poor
2021-12-20,211.08,309.5,39.19,43.89,54.86,3.6,9.56,1.31,15.77,1.25,14.08,0.6,,,,11.07,62.93,,172.91,0.0,0.0,116.92,995.99,,2021,12,Dec,20,Monday,0,Winter,0.6820032310177706,15.93,11.264,,7,True,True,370.4,259.9,55.8,0.9,12.0,66.2,15.8,370.4,PM2.5,Very Poor
2021-12-21,274.71,455.04,117.19,56.75,125.71,4.39,9.87,1.92,15.91,2.04,33.26,2.74,,,,11.71,65.08,,178.16,0.0,0.0,102.89,994.67,,2021,12,Dec,21,Tuesday,0,Winter,0.6037051687763713,38.04,16.303921568627448,,7,True,True,410.8,415.6,71.5,1.1,12.3,96.1,15.9,415.6,PM10,Severe
2021-12-22,251.46,375.15,60.0,47.69,74.27,3.81,10.39,1.49,15.26,1.51,23.41,2.85,,,,12.35,66.66,,167.95,0.0,0.0,99.1,992.64,,2021,12,Dec,22,Wednesday,0,Winter,0.6702918832467014,27.770000000000003,15.503311258278146,,7,True,True,401.6,332.1,60.4,1.0,13.0,75.0,15.3,401.6,PM2.5,Severe
2021-12-23,280.85,393.92,15.01,49.34,38.47,3.34,9.69,1.54,16.2,1.49,8.73,1.72,,,,13.08,68.21,,57.8,0.0,0.0,84.6,992.18,,2021,12,Dec,23,Thursday,0,Winter,0.7129620227457352,11.940000000000001,5.859060402684564,,7,True,True,413.2,355.4,62.4,0.8,12.1,77.5,16.2,413.2,PM2.5,Severe
2021-12-24,274.04,389.12,10.4,44.41,32.05,3.22,8.07,1.52,16.48,1.44,8.08,1.4,,,,13.5,71.11,,58.81,0.0,0.0,84.55,992.14,,2021,12,Dec,24,Friday,0,Winter,0.7042557565789475,10.92,5.611111111111112,,7,True,True,410.5,349.4,56.4,0.8,10.1,76.5,16.5,410.5,PM2.5,Severe
2021-12-25,304.98,389.83,21.28,43.22,40.34,3.13,7.33,1.71,13.07,1.51,5.24,1.07,,,,13.68,72.97,,129.13,0.0,0.0,71.61,993.99,,2021,12,Dec,25,Saturday,1,Winter,0.7823410204448094,7.82,3.4701986754966887,,7,True,True,422.8,350.3,54.9,0.8,9.2,85.8,13.1,422.8,PM2.5,Severe
2021-12-26,314.92,405.71,14.65,34.05,30.01,2.99,5.56,1.64,9.46,1.38,4.41,1.12,,,,14.42,74.48,,98.23,0.03,2.5,42.31,995.89,,2021,12,Dec,26,Sunday,1,Winter,0.776219467107047,6.91,3.195652173913044,,7,True,True,426.7,369.9,42.6,0.7,6.9,82.4,9.5,426.7,PM2.5,Severe
2021-12-27,84.64,117.79,18.92,23.85,28.36,3.69,7.27,0.85,11.58,0.55,3.48,0.5,,,,14.47,69.62,,37.0,0.0,0.0,105.71,996.74,,2021,12,Dec,27,Monday,0,Winter,0.7185669411664827,4.53,6.327272727272727,,7,True,True,182.3,112.7,29.8,0.9,9.1,42.5,11.6,182.3,PM2.5,Moderate
2021-12-28,108.75,138.79,7.28,31.94,22.92,3.46,7.39,0.93,7.07,0.89,7.08,0.77,,,,13.14,74.22,,73.16,0.04,4.0,41.8,995.41,,2021,12,Dec,28,Tuesday,0,Winter,0.7835578932199727,8.74,7.955056179775281,,7,True,True,262.9,126.6,39.9,0.9,9.2,46.5,7.1,262.9,PM2.5,Poor
2021-12-29,103.45,173.22,31.5,34.24,43.88,3.85,6.32,0.98,9.0,0.59,11.38,0.89,,,,13.1,68.04,,178.08,0.0,0.0,121.8,995.96,,2021,12,Dec,29,Wednesday,0,Winter,0.5972174113843667,12.860000000000001,19.288135593220343,,7,True,True,245.4,149.3,42.8,1.0,7.9,49.0,9.0,245.4,PM2.5,Poor
2021-12-30,156.15,263.52,61.45,38.04,71.21,3.84,8.35,1.2,10.85,1.07,11.56,1.35,,,,10.25,67.89,,116.1,0.0,0.0,106.14,999.05,,2021,12,Dec,30,Thursday,0,Winter,0.5925546448087432,13.98,10.80373831775701,,7,True,True,328.5,214.4,47.5,1.0,10.4,60.8,10.8,328.5,PM2.5,Very Poor
2021-12-31,152.65,270.92,47.93,42.65,62.46,3.4,6.15,1.09,11.15,1.08,11.77,1.53,,,,10.59,65.83,,160.67,0.0,0.0,123.55,999.07,,2021,12,Dec,31,Friday,0,Winter,0.563450465081943,14.379999999999999,10.898148148148147,,7,True,True,325.9,221.7,54.2,0.8,7.7,55.4,11.2,325.9,PM2.5,Very Poor
2022-01-01,222.29,354.54,45.72,44.58,61.81,3.12,7.67,1.41,14.24,1.06,9.06,1.23,,,,11.26,69.89,,143.3,0.0,0.0,104.91,998.12,,2022,1,Jan,1,Saturday,1,Winter,0.6269814407401139,11.350000000000001,8.547169811320755,,7,True,True,378.9,306.6,56.6,0.8,9.6,71.1,14.2,378.9,PM2.5,Very Poor
2022-01-02,233.46,346.61,46.0,47.26,63.55,3.41,12.78,1.37,11.39,1.24,13.79,1.45,,,,11.88,69.25,,202.18,0.0,0.0,103.63,997.12,,2022,1,Jan,2,Sunday,1,Winter,0.6735524076050893,16.48,11.120967741935484,,7,True,True,387.4,296.6,59.9,0.9,16.0,69.1,11.4,387.4,PM2.5,Very Poor
2022-01-03,235.69,370.61,38.7,46.15,57.23,3.49,8.48,1.43,17.99,1.09,13.6,1.28,,,,12.9,66.66,,237.24,0.0,0.0,113.85,995.26,,2022,1,Jan,3,Monday,0,Winter,0.6359515393540379,15.969999999999999,12.477064220183484,,7,True,True,389.1,326.5,58.5,0.9,10.6,72.1,18.0,389.1,PM2.5,Very Poor
2022-01-04,231.05,364.12,40.94,48.72,58.97,3.53,7.65,1.32,14.2,1.28,16.37,1.94,,,,15.06,63.86,,142.28,0.0,0.0,90.89,994.6,,2022,1,Jan,4,Tuesday,0,Winter,0.6345435570690982,19.590000000000003,12.7890625,,7,True,True,385.6,318.5,61.7,0.9,9.6,66.7,14.2,385.6,PM2.5,Very Poor
2022-01-05,243.12,324.54,32.16,30.37,41.29,4.02,4.87,1.39,7.92,1.8,8.32,1.34,,,,13.03,78.77,,54.09,0.13,12.5,20.37,993.85,,2022,1,Jan,5,Wednesday,0,Winter,0.749121833980403,11.46,4.622222222222223,,7,True,True,394.8,274.8,38.0,1.0,6.1,70.1,7.9,394.8,PM2.5,Very Poor
2022-01-06,102.2,150.92,3.58,20.13,13.43,6.78,6.49,0.94,10.43,1.01,4.13,0.59,,,,15.53,74.39,,79.2,0.0,0.0,80.57,993.53,,2022,1,Jan,6,Thursday,0,Winter,0.6771799628942486,5.7299999999999995,4.089108910891089,,7,True,True,241.3,134.6,25.2,1.7,8.1,47.0,10.4,241.3,PM2.5,Poor
2022-01-07,66.12,92.04,2.68,20.22,12.93,4.86,5.64,0.81,10.83,0.84,3.64,0.6,,,,16.67,71.89,,105.1,0.0,0.0,73.85,993.12,,2022,1,Jan,7,Friday,0,Winter,0.7183833116036505,5.08,4.333333333333334,,7,True,True,121.2,92.2,25.3,1.2,7.0,40.5,10.8,121.2,PM2.5,Moderate
2022-01-08,38.97,48.16,1.14,11.27,6.93,5.08,5.02,0.67,25.01,0.34,2.48,0.16,,,,15.99,79.07,,100.45,0.93,89.5,24.96,992.72,,2022,1,Jan,8,Saturday,1,Winter,0.8091777408637874,2.98,7.294117647058823,,7,True,True,65.7,48.2,14.1,1.3,6.3,33.5,25.0,65.7,PM2.5,Satisfactory
2022-01-09,33.24,42.69,1.12,9.43,5.93,4.8,4.42,0.59,,0.29,2.43,0.05,,,,14.21,79.14,,171.47,0.21,20.0,22.72,992.0,,2022,1,Jan,9,Sunday,1,Winter,0.7786366830639495,2.77,8.379310344827587,,6,True,True,56.3,42.7,11.8,1.2,5.5,29.5,,56.3,PM2.5,Satisfactory
2022-01-10,69.37,104.83,4.2,20.55,14.47,4.64,8.39,0.75,,0.59,5.47,0.12,,,,12.61,75.65,,229.77,0.0,0.0,102.96,994.61,,2022,1,Jan,10,Monday,0,Winter,0.661738052084327,6.18,9.271186440677965,,6,True,True,131.9,104.2,25.7,1.2,10.5,37.5,,131.9,PM2.5,Moderate
2022-01-11,59.71,94.76,7.88,20.01,17.07,4.58,5.43,0.69,14.02,0.78,4.93,0.26,,,,11.58,73.02,,233.76,0.0,0.0,131.52,994.73,,2022,1,Jan,11,Tuesday,0,Winter,0.6301181933305192,5.97,6.32051282051282,,7,True,True,99.5,94.9,25.0,1.1,6.8,34.5,14.0,99.5,PM2.5,Satisfactory
2022-01-12,95.67,157.78,7.75,25.65,19.92,3.48,6.38,0.82,8.53,0.73,6.23,0.4,,,,11.45,74.65,,219.86,0.0,0.0,96.14,994.3,,2022,1,Jan,12,Wednesday,0,Winter,0.6063506147800736,7.360000000000001,8.534246575342467,,7,True,True,219.7,139.1,32.1,0.9,8.0,41.0,8.5,219.7,PM2.5,Poor
2022-01-13,139.61,200.38,44.5,28.78,51.66,1.21,6.59,1.25,8.42,1.98,12.13,1.86,,,,10.14,77.76,,161.56,0.0,0.0,68.97,994.52,,2022,1,Jan,13,Thursday,0,Winter,0.696726220181655,15.97,6.126262626262626,,7,True,True,315.9,167.3,36.0,0.3,8.2,63.2,8.4,315.9,PM2.5,Very Poor
2022-01-14,114.04,175.0,18.27,25.72,28.56,1.78,5.84,1.07,6.22,1.47,7.53,0.73,,,,8.9,80.46,,95.18,0.01,0.5,42.38,995.32,,2022,1,Jan,14,Friday,0,Winter,0.6516571428571429,9.73,5.122448979591837,,7,True,True,280.3,150.5,32.1,0.4,7.3,54.4,6.2,280.3,PM2.5,Poor
2022-01-15,82.12,132.15,2.14,12.24,8.3,1.89,5.1,0.68,10.18,0.83,4.92,0.23,,,,9.85,77.73,,223.17,0.0,0.0,28.31,996.86,,2022,1,Jan,15,Saturday,1,Winter,0.6214150586454786,5.98,5.927710843373494,,7,True,True,174.0,122.2,15.3,0.5,6.4,34.0,10.2,174.0,PM2.5,Moderate
2022-01-16,104.87,163.41,1.12,16.47,9.69,2.33,4.12,0.89,6.66,0.93,3.08,0.07,,,,8.46,78.63,,87.92,0.0,0.0,7.11,997.18,,2022,1,Jan,16,Sunday,1,Winter,0.6417599902086776,4.08,3.311827956989247,,7,True,True,250.1,142.9,20.6,0.6,5.2,44.5,6.7,250.1,PM2.5,Poor
2022-01-17,158.45,249.84,9.55,26.45,21.87,2.49,4.33,1.11,8.55,1.46,2.37,0.29,,,,9.84,75.63,,93.55,0.0,0.0,72.76,997.85,,2022,1,Jan,17,Monday,0,Winter,0.6342058917707332,4.12,1.6232876712328768,,7,True,True,330.3,199.9,33.1,0.6,5.4,56.4,8.6,330.3,PM2.5,Very Poor
2022-01-18,159.79,261.83,7.13,23.45,18.1,2.19,4.2,1.0,7.06,1.36,5.71,0.34,,,,10.13,75.35,,246.21,0.0,0.0,84.69,995.88,,2022,1,Jan,18,Tuesday,0,Winter,0.6102814803498453,7.41,4.198529411764706,,7,True,True,331.3,212.7,29.3,0.5,5.2,50.0,7.1,331.3,PM2.5,Very Poor
2022-01-19,150.43,259.34,5.7,19.47,15.06,2.34,5.3,1.02,9.83,1.22,6.62,0.32,,,,11.15,74.59,,134.61,0.0,0.0,81.9,993.05,,2022,1,Jan,19,Wednesday,0,Winter,0.5800493560576849,8.16,5.426229508196721,,7,True,True,324.2,210.2,24.3,0.6,6.6,52.0,9.8,324.2,PM2.5,Very Poor
2022-01-20,203.74,321.53,9.27,27.23,22.05,2.34,6.19,1.33,10.26,1.63,4.62,0.68,,,,11.98,77.48,,64.63,0.0,0.0,71.35,988.89,,2022,1,Jan,20,Thursday,0,Winter,0.6336578235312413,6.93,2.834355828220859,,7,True,True,364.8,271.8,34.0,0.6,7.7,67.2,10.3,364.8,PM2.5,Very Poor
2022-01-21,165.35,257.46,5.24,33.46,21.87,2.85,5.67,1.35,23.32,1.93,5.38,0.59,,,,12.56,76.14,,88.91,0.0,0.0,75.02,988.92,,2022,1,Jan,21,Friday,0,Winter,0.6422356870970248,7.8999999999999995,2.7875647668393784,,7,True,True,335.5,208.4,41.8,0.7,7.1,68.2,23.3,335.5,PM2.5,Very Poor
2022-01-22,121.81,168.89,1.38,18.31,10.88,4.56,6.01,1.02,10.83,1.34,4.06,0.31,,,,12.47,79.57,,85.21,0.16,15.5,18.16,984.76,,2022,1,Jan,22,Saturday,1,Winter,0.7212386760613417,5.709999999999999,3.0298507462686564,,7,True,True,302.4,146.5,22.9,1.1,7.5,52.0,10.8,302.4,PM2.5,Very Poor
2022-01-23,82.67,117.61,9.47,14.24,15.51,5.57,5.7,0.91,9.34,0.82,2.21,0.11,,,,12.13,77.94,,195.47,0.03,2.5,34.88,986.95,,2022,1,Jan,23,Sunday,1,Winter,0.7029164186718817,3.1399999999999997,2.6951219512195124,,7,True,True,175.8,112.6,17.8,1.4,7.1,45.5,9.3,175.8,PM2.5,Moderate
2022-01-24,84.32,138.85,22.65,21.64,29.98,4.04,5.87,1.03,7.48,1.22,6.84,0.49,,,,10.67,75.81,,157.68,0.0,0.0,64.72,991.05,,2022,1,Jan,24,Monday,0,Winter,0.6072740367302845,8.55,5.60655737704918,,7,True,True,181.3,126.6,27.1,1.0,7.3,52.5,7.5,181.3,PM2.5,Moderate
2022-01-25,79.27,148.04,20.67,18.97,26.94,3.4,5.26,0.98,6.11,1.12,4.14,0.36,,,,9.29,78.58,,185.54,0.0,0.0,38.34,991.77,,2022,1,Jan,25,Tuesday,0,Winter,0.5354633882734396,5.62,3.6964285714285707,,7,True,True,164.6,132.7,23.7,0.8,6.6,49.0,6.1,164.6,PM2.5,Moderate
2022-01-26,102.32,176.77,11.73,20.11,20.27,3.8,4.21,0.95,7.97,1.07,5.8,0.37,,,,10.54,76.49,,242.73,0.01,0.5,88.54,992.52,,2022,1,Jan,26,Wednesday,0,Winter,0.5788312496464332,7.24,5.420560747663551,,7,True,True,241.7,151.7,25.1,0.9,5.3,47.5,8.0,241.7,PM2.5,Poor
2022-01-27,97.53,176.83,11.81,25.22,23.21,2.71,5.54,0.86,12.25,0.97,4.25,0.32,,,,11.59,70.52,,254.23,0.0,0.0,131.82,993.55,,2022,1,Jan,27,Thursday,0,Winter,0.5515466832551037,5.54,4.381443298969073,,7,True,True,225.8,151.7,31.5,0.7,6.9,43.0,12.2,225.8,PM2.5,Poor
2022-01-28,86.25,174.51,2.92,25.74,16.09,3.16,8.21,0.71,18.26,0.77,7.65,0.13,,,,12.52,62.11,,240.39,0.0,0.0,151.62,993.4,,2022,1,Jan,28,Friday,0,Winter,0.4942410177067217,8.55,9.935064935064934,,7,True,True,187.6,150.2,32.2,0.8,10.3,35.5,18.3,187.6,PM2.5,Moderate
2022-01-29,109.21,233.22,18.56,37.68,35.16,3.14,7.52,0.85,29.86,1.02,16.12,0.5,,,,12.84,66.09,,229.72,0.0,0.0,145.65,993.61,,2022,1,Jan,29,Saturday,1,Winter,0.4682703027184632,17.64,15.803921568627452,,7,True,True,264.4,188.9,47.1,0.8,9.4,42.5,29.9,264.4,PM2.5,Poor
2022-01-30,116.84,205.78,1.61,27.04,15.7,4.16,9.4,0.79,84.1,0.8,9.63,0.1,,,,14.16,64.5,,233.79,0.0,0.0,146.04,989.12,,2022,1,Jan,30,Sunday,1,Winter,0.5677908445913111,10.530000000000001,12.0375,,7,True,True,289.6,170.8,33.8,1.0,11.8,39.5,84.4,289.6,PM2.5,Poor
2022-01-31,179.81,263.58,19.73,32.25,33.19,2.53,4.92,1.23,9.4,1.31,6.16,0.43,,,,11.44,76.12,,99.8,0.01,1.0,108.85,988.89,,2022,1,Jan,31,Monday,0,Winter,0.682183777221337,7.9,4.702290076335878,,7,True,True,346.5,214.4,40.3,0.6,6.2,62.3,9.4,346.5,PM2.5,Very Poor
2022-02-01,162.44,219.41,21.11,26.27,31.19,2.69,7.28,1.42,10.8,1.73,14.13,0.76,,,,12.44,75.84,,167.14,0.0,0.0,99.17,988.54,,2022,2,Feb,1,Tuesday,0,Winter,0.7403491180894216,16.62,8.16763005780347,,7,True,True,333.3,179.8,32.8,0.7,9.1,71.6,10.8,333.3,PM2.5,Very Poor
2022-02-02,156.4,227.91,1.43,20.79,12.21,3.01,6.91,0.93,21.89,0.91,7.36,0.31,,,,14.83,68.56,,166.21,0.0,0.0,115.82,988.12,,2022,2,Feb,2,Wednesday,0,Winter,0.686235794831293,8.58,8.087912087912088,,7,True,True,328.7,185.4,26.0,0.8,8.6,46.5,21.9,328.7,PM2.5,Very Poor
2022-02-03,117.31,155.86,1.04,13.84,8.25,5.06,6.15,0.84,13.54,1.08,2.87,0.22,,,,12.35,72.89,,115.35,0.08,7.5,23.18,984.31,,2022,2,Feb,3,Thursday,0,Winter,0.7526626459643269,4.17,2.6574074074074074,,7,True,True,291.1,137.9,17.3,1.3,7.7,42.0,13.5,291.1,PM2.5,Poor
2022-02-04,47.17,71.47,4.63,12.87,10.64,5.34,6.21,0.74,10.46,0.72,2.44,0.08,,,,12.6,73.76,,158.02,0.0,0.0,83.33,986.4,,2022,2,Feb,4,Friday,0,Winter,0.6599972016230586,3.24,3.388888888888889,,7,True,True,79.0,72.0,16.1,1.3,7.8,37.0,10.5,79.0,PM2.5,Satisfactory
2022-02-05,89.96,133.5,19.64,23.54,28.48,5.13,5.94,1.12,11.13,1.38,7.38,0.33,,,,10.98,74.5,,175.64,0.0,0.0,107.94,990.79,,2022,2,Feb,5,Saturday,1,Winter,0.6738576779026216,9.09,5.347826086956522,,7,True,True,199.9,123.1,29.4,1.3,7.4,56.9,11.1,199.9,PM2.5,Moderate
2022-02-06,147.38,269.17,76.63,31.66,81.37,2.84,7.84,1.34,20.45,1.84,14.53,1.44,,,,12.7,68.6,,171.47,0.0,0.0,144.25,992.65,,2022,2,Feb,6,Sunday,1,Winter,0.5475350150462532,17.810000000000002,7.896739130434782,,7,True,True,321.9,220.0,39.6,0.7,9.8,67.7,20.4,321.9,PM2.5,Very Poor
2022-02-07,128.79,219.96,5.24,29.68,19.58,2.84,7.19,0.94,18.56,1.25,4.12,0.5,,,,16.04,65.71,,89.31,0.0,0.0,129.9,991.73,,2022,2,Feb,7,Monday,0,Winter,0.5855155482815056,5.87,3.2960000000000003,,7,True,True,307.7,180.2,37.1,0.7,9.0,47.0,18.6,307.7,PM2.5,Very Poor
2022-02-08,138.42,227.54,6.68,31.57,22.13,2.71,8.18,1.12,20.12,1.25,4.52,0.48,,,,16.74,70.02,,47.75,0.0,0.0,108.5,990.23,,2022,2,Feb,8,Tuesday,0,Winter,0.608332600861387,6.25,3.6159999999999997,,7,True,True,315.0,185.2,39.5,0.7,10.2,56.9,20.1,315.0,PM2.5,Very Poor
2022-02-09,69.2,110.69,1.52,15.55,9.52,4.9,5.46,0.74,15.49,0.56,2.63,0.14,,,,15.39,70.57,,87.28,0.45,42.0,111.08,992.21,,2022,2,Feb,9,Wednesday,0,Winter,0.6251693919956636,3.33,4.696428571428571,,7,True,True,131.4,108.1,19.4,1.2,6.8,37.0,15.5,131.4,PM2.5,Moderate
2022-02-10,68.38,145.69,10.22,24.61,21.42,4.76,5.58,0.79,14.92,0.7,5.98,0.54,,,,14.89,67.55,,211.37,0.01,1.0,148.93,994.43,,2022,2,Feb,10,Thursday,0,Winter,0.4693527352597982,7.220000000000001,8.542857142857144,,7,True,True,128.7,131.2,30.8,1.2,7.0,39.5,14.9,131.2,PM10,Moderate
2022-02-11,66.71,164.78,3.03,26.51,16.57,5.88,7.6,0.73,19.95,0.58,16.38,0.12,,,,14.78,60.36,,246.67,0.0,0.0,163.04,992.78,,2022,2,Feb,11,Friday,0,Winter,0.4048428207306712,17.08,28.24137931034483,,7,True,True,123.1,143.8,33.1,1.5,9.5,36.5,19.9,143.8,PM10,Moderate
2022-02-12,83.04,194.17,15.29,32.54,30.01,8.58,9.11,0.93,18.1,0.76,13.66,0.21,,,,14.82,62.05,,230.65,0.0,0.0,168.19,991.46,,2022,2,Feb,12,Saturday,1,Winter,0.42766647782870687,14.63,17.973684210526315,,7,True,True,177.0,163.2,40.7,2.1,11.4,46.5,18.1,177.0,PM2.5,Moderate
2022-02-13,118.5,259.21,41.77,37.67,53.27,6.54,8.68,1.15,20.95,1.4,9.08,0.9,,,,15.08,65.22,,110.26,0.0,0.0,152.95,990.48,,2022,2,Feb,13,Sunday,1,Winter,0.4571582886462714,11.38,6.485714285714286,,7,True,True,295.1,210.1,47.1,1.6,10.8,58.3,20.9,295.1,PM2.5,Poor
2022-02-14,137.92,230.67,10.01,31.6,25.27,4.35,6.92,0.87,17.8,1.22,3.06,0.34,,,,15.71,62.86,,114.11,0.0,0.0,158.79,990.37,,2022,2,Feb,14,Monday,0,Winter,0.597910434820306,4.62,2.5081967213114753,,7,True,True,314.6,187.2,39.5,1.1,8.7,43.5,17.8,314.6,PM2.5,Very Poor
2022-02-15,120.64,215.53,11.62,35.18,28.1,4.8,7.71,0.89,19.08,1.13,4.76,0.49,,,,16.35,62.42,,165.7,0.0,0.0,153.24,990.39,,2022,2,Feb,15,Tuesday,0,Winter,0.5597364636013548,6.38,4.212389380530974,,7,True,True,301.5,177.2,44.0,1.2,9.6,44.5,19.1,301.5,PM2.5,Very Poor
2022-02-16,144.92,282.0,54.37,37.79,64.27,4.47,10.13,1.1,18.6,1.29,10.11,0.86,,,,16.25,67.22,,233.48,0.0,0.0,151.88,988.94,,2022,2,Feb,16,Wednesday,0,Winter,0.5139007092198581,12.259999999999998,7.837209302325581,,7,True,True,320.0,232.7,47.2,1.1,12.7,55.9,18.6,320.0,PM2.5,Very Poor
2022-02-17,120.66,226.09,9.77,33.64,26.25,3.64,7.08,0.96,25.13,0.95,10.82,0.69,,,,16.91,65.54,,252.86,0.0,0.0,154.51,988.71,,2022,2,Feb,17,Thursday,0,Winter,0.53368127736742,12.459999999999999,11.389473684210527,,7,True,True,301.5,184.2,42.0,0.9,8.8,48.0,25.1,301.5,PM2.5,Very Poor
2022-02-18,135.03,303.41,72.15,37.94,78.95,3.33,9.3,1.13,106.92,1.35,17.11,1.56,,,,17.61,61.98,,203.53,0.0,0.0,157.9,989.95,,2022,2,Feb,18,Friday,0,Winter,0.44504136317194554,20.02,12.674074074074072,,7,True,True,312.4,253.9,47.4,0.8,11.6,57.4,111.1,312.4,PM2.5,Very Poor
2022-02-19,81.14,167.34,5.21,29.39,19.88,4.08,8.68,0.71,,0.73,8.29,0.42,,,,17.61,60.35,,243.71,0.0,0.0,162.04,991.12,,2022,2,Feb,19,Saturday,1,Winter,0.4848810804350424,9.44,11.356164383561643,,6,True,True,170.8,145.4,36.7,1.0,10.8,35.5,,170.8,PM2.5,Moderate
2022-02-20,81.23,153.47,1.17,18.74,10.91,4.74,9.34,0.67,,0.66,11.24,0.08,,,,18.7,55.8,,243.56,0.0,0.0,185.01,985.88,,2022,2,Feb,20,Sunday,1,Winter,0.5292891118785431,11.98,17.03030303030303,,6,True,True,171.1,136.3,23.4,1.2,11.7,33.5,,171.1,PM2.5,Moderate
2022-02-21,86.21,216.08,14.01,34.01,29.51,3.76,9.34,0.81,3.33,0.74,7.12,0.24,,,,17.11,56.92,,202.54,0.0,0.0,171.56,985.77,,2022,2,Feb,21,Monday,0,Winter,0.39897260273972596,8.1,9.621621621621621,,7,True,True,187.5,177.6,42.5,0.9,11.7,40.5,3.3,187.5,PM2.5,Moderate
2022-02-22,120.6,258.88,4.77,25.74,16.89,3.57,13.25,0.78,11.71,1.18,5.71,0.46,,,,18.83,54.58,,88.51,0.0,0.0,157.25,988.06,,2022,2,Feb,22,Tuesday,0,Winter,0.46585290482076636,7.35,4.838983050847458,,7,True,True,301.5,209.8,32.2,0.9,16.6,39.0,11.7,301.5,PM2.5,Very Poor
2022-02-23,113.12,181.31,1.31,17.15,10.21,4.71,10.91,0.83,16.76,0.6,1.99,0.05,,,,19.06,62.93,,83.5,0.0,0.0,113.12,992.13,,2022,2,Feb,23,Wednesday,0,Winter,0.6239038111521703,2.6399999999999997,3.316666666666667,,7,True,True,277.3,154.7,21.4,1.2,13.6,41.5,16.8,277.3,PM2.5,Poor
2022-02-24,150.83,240.92,7.31,25.96,19.58,4.06,8.25,1.05,12.48,0.82,2.71,0.19,,,,18.31,67.57,,102.36,0.0,0.0,125.65,993.81,,2022,2,Feb,24,Thursday,0,Winter,0.62605844263656,3.7199999999999998,3.304878048780488,,7,True,True,324.5,194.0,32.5,1.0,10.3,53.5,12.5,324.5,PM2.5,Very Poor
2022-02-25,119.58,209.68,2.78,25.13,15.63,3.92,8.51,0.84,16.2,0.68,1.92,0.11,,,,19.25,62.81,,72.81,0.03,2.5,123.74,994.05,,2022,2,Feb,25,Friday,0,Winter,0.5702975963372758,2.71,2.8235294117647056,,7,True,True,298.6,173.4,31.4,1.0,10.6,42.0,16.2,298.6,PM2.5,Poor
2022-02-26,17.0,40.93,1.07,8.96,5.64,5.99,5.08,0.49,18.85,0.06,0.78,0.0,,,,17.59,61.15,,73.4,0.06,6.0,145.95,995.21,,2022,2,Feb,26,Saturday,1,Winter,0.41534326899584656,0.8400000000000001,13.000000000000002,,7,True,True,28.3,40.9,11.2,1.5,6.3,24.5,18.9,40.9,PM10,Good
2022-02-27,35.33,71.08,1.47,14.61,8.97,5.34,9.27,0.57,13.74,0.45,1.64,0.02,,,,17.8,60.44,,143.1,0.0,0.0,172.19,996.28,,2022,2,Feb,27,Sunday,1,Winter,0.4970455824423185,2.11,3.644444444444444,,7,True,True,59.7,71.7,18.3,1.3,11.6,28.5,13.7,71.7,PM10,Satisfactory
2022-02-28,43.22,116.0,4.83,23.76,16.4,4.73,8.41,0.65,16.29,0.32,7.23,0.05,,,,17.12,58.65,,242.27,0.0,0.0,185.17,994.26,,2022,2,Feb,28,Monday,0,Winter,0.3725862068965517,7.6000000000000005,22.59375,,7,True,True,72.6,111.6,29.7,1.2,10.5,32.5,16.3,111.6,PM10,Moderate
2022-03-01,84.54,169.71,19.55,32.55,33.24,3.83,8.75,0.88,15.12,0.75,8.1,0.19,,,,17.05,64.6,,224.11,0.0,0.0,165.91,994.87,,2022,3,Mar,1,Tuesday,0,Summer,0.49814389252253843,9.04,10.799999999999999,,7,True,True,182.0,147.0,40.7,1.0,10.9,44.0,15.1,182.0,PM2.5,Moderate
2022-03-02,96.93,207.8,22.08,31.34,34.54,10.12,9.1,0.9,12.92,0.79,8.63,0.51,,,,18.51,64.29,,258.43,0.0,0.0,168.42,994.79,,2022,3,Mar,2,Wednesday,0,Summer,0.46645813282001924,9.930000000000001,10.924050632911394,,7,True,True,223.9,172.1,39.2,2.5,11.4,45.0,12.9,223.9,PM2.5,Poor
2022-03-03,94.75,179.88,3.89,26.81,17.44,5.93,13.77,0.87,20.29,0.53,6.93,0.42,,,,20.81,61.36,,171.91,0.0,0.0,151.75,993.74,,2022,3,Mar,3,Thursday,0,Summer,0.5267400489215033,7.88,13.075471698113207,,7,True,True,216.7,153.7,33.5,1.5,17.2,43.5,20.3,216.7,PM2.5,Poor
2022-03-04,65.96,123.62,3.33,17.17,11.91,6.47,9.59,0.64,11.61,0.26,2.75,0.05,,,,19.91,62.85,,239.85,0.0,0.0,162.46,994.82,,2022,3,Mar,4,Friday,0,Summer,0.5335706196408347,3.0599999999999996,10.576923076923077,,7,True,True,120.7,116.6,21.5,1.6,12.0,32.0,11.6,120.7,PM2.5,Moderate
2022-03-05,54.43,109.51,2.11,15.33,9.85,12.39,9.29,0.66,9.92,0.22,5.17,0.03,,,,19.78,60.53,,253.03,0.0,0.0,200.76,993.19,,2022,3,Mar,5,Saturday,1,Summer,0.4970322344991325,5.42,23.5,,7,True,True,90.9,107.3,19.2,3.1,11.6,33.0,9.9,107.3,PM10,Moderate
2022-03-06,,,,,,,,,,,,,,,,,,,,,0.0,,,,2022,3,Mar,6,Sunday,1,Summer,,,,,0,False,False,,,,,,,,,None,Unknown
2022-03-07,94.85,246.94,6.4,27.57,19.86,14.81,14.14,0.86,3.03,0.78,2.86,0.25,,,,23.51,53.14,,60.83,0.0,0.0,231.88,992.54,,2022,3,Mar,7,Monday,0,Summer,0.3841014011500769,3.8899999999999997,3.6666666666666665,,7,True,True,217.0,198.0,34.5,3.7,17.7,43.0,3.0,217.0,PM2.5,Poor
2022-03-08,116.39,241.46,32.97,35.65,46.4,18.42,12.07,0.92,3.02,0.44,6.92,0.4,,,,21.32,61.88,,167.03,0.0,0.0,179.07,991.68,,2022,3,Mar,8,Tuesday,0,Summer,0.4820260084486043,7.760000000000001,15.727272727272727,,7,True,True,288.1,194.4,44.6,4.6,15.1,46.0,3.0,288.1,PM2.5,Poor
2022-03-09,64.54,165.48,8.38,20.56,17.77,17.4,13.12,0.72,2.96,0.25,3.19,0.03,,,,22.24,55.88,,238.48,0.0,0.0,174.42,990.6,,2022,3,Mar,9,Wednesday,0,Summer,0.39001692047377334,3.4699999999999998,12.76,,7,True,True,116.0,144.2,25.7,4.3,16.4,36.0,3.0,144.2,PM10,Moderate
2022-03-10,63.08,150.71,2.48,18.63,11.96,23.0,14.69,0.7,7.13,0.23,5.41,0.03,,,,22.37,56.14,,254.14,0.0,0.0,176.26,990.45,,2022,3,Mar,10,Thursday,0,Summer,0.4185521863180943,5.670000000000001,23.52173913043478,,7,True,True,111.2,134.5,23.3,5.8,18.4,35.0,7.1,134.5,PM10,Moderate
2022-03-11,72.38,171.38,2.49,25.33,15.52,24.4,13.24,0.74,11.61,0.33,6.05,0.05,,,,22.03,59.52,,252.38,0.0,0.0,179.8,990.51,,2022,3,Mar,11,Friday,0,Summer,0.42233632862644416,6.43,18.333333333333332,,7,True,True,141.9,148.1,31.7,6.1,16.6,37.0,11.6,148.1,PM10,Moderate
2022-03-12,82.11,181.02,8.1,26.35,21.0,21.11,19.78,0.77,20.75,0.34,12.14,0.18,,,,22.52,57.4,,243.19,0.0,0.0,181.17,989.05,,2022,3,Mar,12,Saturday,1,Summer,0.4535962877030162,12.66,35.705882352941174,,7,True,True,174.0,154.5,32.9,5.3,24.7,38.5,20.8,174.0,PM2.5,Moderate
2022-03-13,110.15,236.0,15.16,30.96,28.83,20.73,21.41,0.96,13.0,0.45,8.16,0.16,,,,23.69,58.99,,195.62,0.0,0.0,170.51,988.67,,2022,3,Mar,13,Sunday,1,Summer,0.46673728813559323,8.77,18.133333333333333,,7,True,True,267.5,190.8,38.7,5.2,26.8,48.0,13.0,267.5,PM2.5,Poor
2022-03-14,132.72,287.41,7.61,31.87,23.71,40.62,16.56,1.11,14.43,0.52,5.26,0.34,,,,25.88,60.28,,176.83,0.0,0.0,175.92,988.3,,2022,3,Mar,14,Monday,0,Summer,0.4617793396193591,6.119999999999999,10.115384615384615,,7,True,True,310.7,238.0,39.8,10.2,20.7,56.4,14.4,310.7,PM2.5,Very Poor
2022-03-15,138.09,287.68,19.64,34.85,34.72,39.76,19.52,1.02,2.17,1.33,9.12,0.79,,,,25.66,64.38,,198.38,0.0,0.0,162.15,985.59,,2022,3,Mar,15,Tuesday,0,Summer,0.48001251390433813,11.239999999999998,6.857142857142856,,7,True,True,314.8,238.3,43.6,9.9,24.4,52.0,2.2,314.8,PM2.5,Very Poor
2022-03-16,84.74,201.31,2.19,24.88,15.02,29.05,14.91,0.78,22.6,0.58,11.93,0.31,,,,26.69,59.34,,248.41,0.0,0.0,175.76,983.25,,2022,3,Mar,16,Wednesday,0,Summer,0.4209428244995281,12.82,20.56896551724138,,7,True,True,182.6,167.9,31.1,7.3,18.6,39.0,22.6,182.6,PM2.5,Moderate
2022-03-17,116.81,234.81,4.07,27.09,17.73,31.87,15.0,0.98,15.61,0.81,8.45,0.29,,,,26.7,61.55,,109.39,0.0,0.0,156.59,984.16,,2022,3,Mar,17,Thursday,0,Summer,0.49746603636983094,9.549999999999999,10.432098765432098,,7,True,True,289.5,190.0,33.9,8.0,18.8,49.0,15.6,289.5,PM2.5,Poor
2022-03-18,148.99,242.2,2.04,20.57,12.61,36.61,10.44,1.02,13.75,1.02,2.62,0.18,,,,27.64,59.69,,81.95,0.0,0.0,145.54,985.3,,2022,3,Mar,18,Friday,0,Summer,0.6151527663088358,3.8200000000000003,2.5686274509803924,,7,True,True,323.1,194.9,25.7,9.2,13.0,52.0,13.8,323.1,PM2.5,Very Poor
2022-03-19,111.4,200.47,2.28,20.23,12.6,32.86,10.82,0.94,19.94,1.06,2.04,0.18,,,,27.3,58.85,,114.02,0.0,0.0,155.88,983.2,,2022,3,Mar,19,Saturday,1,Summer,0.5556941188207712,3.2800000000000002,1.9245283018867925,,7,True,True,271.6,167.3,25.3,8.2,13.5,47.0,19.9,271.6,PM2.5,Poor
2022-03-20,118.82,238.98,4.35,28.92,18.99,31.23,12.56,0.97,14.2,1.23,2.37,0.23,,,,27.47,55.01,,83.64,0.0,0.0,155.9,981.75,,2022,3,Mar,20,Sunday,1,Summer,0.49719641811030213,3.83,1.926829268292683,,7,True,True,296.1,192.7,36.2,7.8,15.7,48.5,14.2,296.1,PM2.5,Poor
2022-03-21,135.64,278.01,16.12,29.48,29.03,32.73,13.15,1.08,14.67,1.44,10.85,0.49,,,,27.47,55.98,,146.91,0.0,0.0,145.51,983.96,,2022,3,Mar,21,Monday,0,Summer,0.48789611884464584,12.78,7.534722222222222,,7,True,True,312.9,228.7,36.9,8.2,16.4,54.9,14.7,312.9,PM2.5,Very Poor
2022-03-22,71.91,186.92,1.93,19.72,12.06,25.27,13.7,0.67,15.77,0.56,5.26,0.04,,,,27.23,51.33,,262.66,0.0,0.0,147.88,984.8,,2022,3,Mar,22,Tuesday,0,Summer,0.38471003637919965,5.86,9.392857142857142,,7,True,True,140.3,158.4,24.6,6.3,17.1,33.5,15.8,158.4,PM10,Moderate
2022-03-23,117.93,311.58,17.12,35.64,33.19,24.44,17.7,0.87,13.17,0.9,5.91,0.21,,,,26.32,52.06,,246.92,0.0,0.0,144.53,984.63,,2022,3,Mar,23,Wednesday,0,Summer,0.37849027537069135,7.0200000000000005,6.566666666666666,,7,True,True,293.2,262.0,44.5,6.1,22.1,43.5,13.2,293.2,PM2.5,Poor
2022-03-24,140.54,353.25,26.3,37.96,41.73,21.68,15.04,0.98,9.99,1.03,5.98,0.35,,,,24.18,55.19,,195.36,0.0,0.0,91.76,983.05,,2022,3,Mar,24,Thursday,0,Summer,0.3978485491861288,7.36,5.805825242718447,,7,True,True,316.6,305.0,47.5,5.4,18.8,49.0,10.0,316.6,PM2.5,Very Poor
2022-03-25,85.29,224.68,2.84,27.69,17.13,23.37,14.43,0.66,11.5,0.62,6.51,0.14,,,,26.45,52.23,,236.14,0.0,0.0,164.35,984.4,,2022,3,Mar,25,Friday,0,Summer,0.379606551539968,7.27,10.5,,7,True,True,184.5,183.3,34.6,5.8,18.0,33.0,11.5,184.5,PM2.5,Moderate
2022-03-26,91.04,244.42,2.13,21.37,13.16,19.88,22.11,0.69,19.87,0.49,9.43,0.03,,,,26.89,45.44,,232.09,0.0,0.0,181.62,986.0,,2022,3,Mar,26,Saturday,1,Summer,0.3724736109974634,9.95,19.244897959183675,,7,True,True,204.4,196.3,26.7,5.0,27.6,34.5,19.9,204.4,PM2.5,Poor
2022-03-27,96.23,258.7,25.18,29.49,36.22,16.63,20.33,0.96,17.18,0.12,6.6,0.08,,,,26.47,45.3,,246.24,0.0,0.0,145.87,985.69,,2022,3,Mar,27,Sunday,1,Summer,0.37197526091998456,6.8,55.0,,7,True,True,221.6,209.6,36.9,4.2,25.4,48.0,17.2,221.6,PM2.5,Poor
2022-03-28,147.46,409.26,75.01,50.41,87.99,19.18,21.39,1.26,13.64,0.51,10.73,0.97,,,,27.26,46.25,,170.27,0.0,0.0,178.28,984.68,,2022,3,Mar,28,Monday,0,Summer,0.3603088501197283,12.21,21.03921568627451,,7,True,True,321.9,374.3,63.8,4.8,26.7,63.7,13.6,374.3,PM10,Very Poor
2022-03-29,161.54,389.54,49.0,38.19,60.79,22.53,29.53,1.13,11.58,0.47,9.06,0.54,,,,28.04,44.19,,248.66,0.0,0.0,179.79,982.84,,2022,3,Mar,29,Tuesday,0,Summer,0.414694254762027,10.07,19.276595744680854,,7,True,True,332.6,349.9,47.7,5.6,36.9,57.4,11.6,349.9,PM10,Very Poor
2022-03-30,194.88,440.88,35.66,40.89,50.85,24.58,42.55,1.09,14.48,0.6,9.86,0.74,,,,28.51,42.64,,234.71,0.0,0.0,168.37,982.95,,2022,3,Mar,30,Wednesday,0,Summer,0.44202504082743604,11.2,16.433333333333334,,7,True,True,358.0,407.3,52.1,6.1,54.1,55.4,14.5,407.3,PM10,Severe
2022-03-31,159.92,346.42,7.91,41.57,28.72,22.3,29.15,1.11,27.92,0.63,3.87,0.25,,,,28.17,45.67,,121.67,0.0,0.0,145.98,983.68,,2022,3,Mar,31,Thursday,0,Summer,0.4616361641937532,4.75,6.142857142857143,,7,True,True,331.4,296.5,52.9,5.6,36.4,56.4,27.9,331.4,PM2.5,Very Poor
2022-04-01,72.5,199.25,3.2,27.5,17.23,17.54,21.23,0.69,19.54,0.1,4.16,0.06,,,,28.49,37.63,,255.12,0.0,0.0,185.85,984.06,,2022,4,Apr,1,Friday,0,Summer,0.36386449184441655,4.319999999999999,41.6,,7,True,True,142.2,166.5,34.4,4.4,26.5,34.5,19.5,166.5,PM10,Moderate
2022-04-02,133.84,279.1,14.68,33.64,29.87,19.2,32.73,0.94,19.81,0.44,3.18,0.2,,,,28.1,38.09,,165.52,0.0,0.0,177.89,985.38,,2022,4,Apr,2,Saturday,1,Summer,0.4795413830168398,3.8200000000000003,7.2272727272727275,,7,True,True,311.5,229.8,42.0,4.8,40.9,47.0,19.8,311.5,PM2.5,Very Poor
2022-04-03,128.12,278.04,14.51,33.24,29.52,18.09,22.1,0.98,20.72,0.64,3.1,0.04,,,,28.64,38.03,,180.45,0.0,0.0,174.32,984.53,,2022,4,Apr,3,Sunday,1,Summer,0.4607970076248022,3.7800000000000002,4.84375,,7,True,True,307.2,228.8,41.6,4.5,27.6,49.0,20.7,307.2,PM2.5,Very Poor
2022-04-04,135.67,341.33,18.46,34.86,32.41,18.34,29.62,0.84,18.35,0.47,6.47,0.35,,,,28.62,35.19,,229.93,0.0,0.0,172.19,984.4,,2022,4,Apr,4,Monday,0,Summer,0.39747458471274133,7.289999999999999,13.76595744680851,,7,True,True,312.9,291.4,43.6,4.6,37.0,42.0,18.4,312.9,PM2.5,Very Poor
2022-04-05,125.21,292.88,11.48,42.0,31.69,17.7,31.27,0.81,16.87,0.33,6.62,0.17,,,,28.88,34.46,,199.33,0.0,0.0,179.13,987.35,,2022,4,Apr,5,Tuesday,0,Summer,0.4275129745971046,7.12,20.06060606060606,,7,True,True,305.0,243.5,53.5,4.4,39.1,40.5,16.9,305.0,PM2.5,Very Poor
2022-04-06,139.98,329.04,29.61,45.56,48.39,18.32,37.14,0.93,19.09,0.35,8.78,0.48,,,,29.08,35.36,,180.32,0.0,0.0,175.38,987.31,,2022,4,Apr,6,Wednesday,0,Summer,0.4254194018964259,9.61,25.085714285714285,,7,True,True,316.2,279.2,57.8,4.6,46.4,46.5,19.1,316.2,PM2.5,Very Poor
2022-04-07,167.54,379.04,27.83,48.57,48.52,20.31,42.73,0.96,19.2,0.43,9.48,0.49,,,,29.93,34.42,,195.37,0.0,0.0,172.65,986.41,,2022,4,Apr,7,Thursday,0,Summer,0.44201139721401433,10.4,22.046511627906977,,7,True,True,337.2,336.9,61.5,5.1,54.3,48.0,19.2,337.2,PM2.5,Very Poor
2022-04-08,156.83,363.62,22.42,49.59,44.65,19.43,46.55,0.99,19.68,0.51,17.54,0.36,,,,30.83,32.63,,206.5,0.0,0.0,165.43,983.92,,2022,4,Apr,8,Friday,0,Summer,0.4313019085858864,18.41,34.3921568627451,,7,True,True,329.0,317.9,62.7,4.9,59.0,49.5,19.7,329.0,PM2.5,Very Poor
2022-04-09,163.09,372.84,33.94,49.35,53.13,19.42,42.02,1.07,17.64,0.62,18.43,0.54,,,,31.56,33.47,,183.46,0.0,0.0,165.67,982.13,,2022,4,Apr,9,Saturday,1,Summer,0.4374262418195473,19.59,29.725806451612904,,7,True,True,333.8,329.3,62.5,4.9,53.5,54.4,17.6,333.8,PM2.5,Very Poor
2022-04-10,126.32,325.68,19.66,40.01,37.49,16.99,34.12,0.82,20.95,0.35,9.48,0.4,,,,31.83,33.11,,209.86,0.0,0.0,164.88,981.53,,2022,4,Apr,10,Sunday,1,Summer,0.38786538933922865,10.23,27.08571428571429,,7,True,True,305.8,275.9,51.0,4.2,42.6,41.0,20.9,305.8,PM2.5,Very Poor
2022-04-11,131.3,336.2,10.23,45.89,33.02,18.22,36.58,0.86,25.42,0.32,6.44,0.17,,,,32.18,32.71,,212.11,0.0,0.0,159.14,981.0,,2022,4,Apr,11,Monday,0,Summer,0.39054134443783467,6.930000000000001,20.125,,7,True,True,309.6,286.3,58.2,4.6,45.7,43.0,25.4,309.6,PM2.5,Very Poor
2022-04-12,109.36,321.75,25.99,41.51,43.61,16.09,24.68,0.81,16.65,0.27,9.22,0.28,,,,30.67,35.41,,152.05,0.0,0.0,119.77,981.15,,2022,4,Apr,12,Tuesday,0,Summer,0.3398912198912199,9.77,34.148148148148145,,7,True,True,264.9,272.0,52.8,4.0,30.9,40.5,16.6,272.0,PM10,Poor
2022-04-13,134.14,401.2,21.82,46.84,42.7,20.56,24.54,1.14,20.02,0.59,4.87,0.43,,,,30.78,39.08,,165.36,0.0,0.0,153.49,980.65,,2022,4,Apr,13,Wednesday,0,Summer,0.33434695912263207,5.89,8.254237288135593,,7,True,True,311.8,364.4,59.4,5.1,30.7,57.9,20.0,364.4,PM10,Very Poor
2022-04-14,73.95,352.14,2.57,21.69,13.64,15.95,22.34,0.56,26.57,0.11,3.77,0.11,,,,32.3,31.97,,219.25,0.0,0.0,152.13,980.25,,2022,4,Apr,14,Thursday,0,Summer,0.2100017038677799,3.9899999999999998,34.27272727272727,,7,True,True,147.0,303.6,27.1,4.0,27.9,28.0,26.6,303.6,PM10,Very Poor
2022-04-15,65.5,211.57,1.95,18.15,11.28,17.66,20.81,0.69,26.09,0.4,1.47,0.01,,,,29.67,39.16,,77.1,0.0,0.0,148.45,980.54,,2022,4,Apr,15,Friday,0,Summer,0.3095902065510233,1.8800000000000001,3.675,,7,True,True,119.2,174.6,22.7,4.4,26.0,34.5,26.1,174.6,PM10,Moderate
2022-04-16,105.38,277.62,2.12,25.72,15.42,20.57,32.56,0.93,28.3,0.82,1.49,0.02,,,,29.61,40.52,,69.71,0.0,0.0,147.02,980.0,,2022,4,Apr,16,Saturday,1,Summer,0.3795836034867805,2.33,1.8170731707317074,,7,True,True,251.8,228.3,32.1,5.1,40.7,46.5,28.3,251.8,PM2.5,Poor
2022-04-17,107.8,280.57,3.56,31.86,19.85,20.62,26.21,0.97,28.03,0.77,1.4,0.03,,,,29.65,41.16,,85.97,0.0,0.0,154.1,981.2,,2022,4,Apr,17,Sunday,1,Summer,0.38421784224970595,2.1999999999999997,1.8181818181818181,,7,True,True,259.7,231.3,39.8,5.2,32.8,48.5,28.0,259.7,PM2.5,Poor
2022-04-18,118.31,330.24,23.68,49.75,47.09,21.26,28.34,1.14,26.73,0.81,2.43,0.16,,,,31.51,38.44,,156.65,0.0,0.0,145.82,982.63,,2022,4,Apr,18,Monday,0,Summer,0.35825460271317827,3.4000000000000004,3.0,,7,True,True,294.4,280.4,62.9,5.3,35.4,57.9,26.7,294.4,PM2.5,Poor
2022-04-19,148.35,434.57,27.23,39.08,42.97,21.95,30.61,0.84,19.6,0.58,12.35,0.51,,,,33.18,33.46,,228.78,0.0,0.0,144.79,984.15,,2022,4,Apr,19,Tuesday,0,Summer,0.3413719308741975,13.44,21.29310344827586,,7,True,True,322.6,403.7,48.8,5.5,38.3,42.0,19.6,403.7,PM10,Severe
2022-04-20,88.58,306.8,4.34,27.61,17.68,16.12,25.28,0.68,19.28,0.33,13.39,0.09,,,,33.9,30.78,,253.76,0.0,0.0,155.89,982.89,,2022,4,Apr,20,Wednesday,0,Summer,0.288722294654498,13.81,40.57575757575758,,7,True,True,195.3,257.2,34.5,4.0,31.6,34.0,19.3,257.2,PM10,Poor
2022-04-21,124.58,440.33,20.42,28.29,31.69,17.33,25.25,0.78,11.15,0.36,8.04,0.18,,,,29.54,37.31,,185.83,0.0,0.0,67.76,984.24,,2022,4,Apr,21,Thursday,0,Summer,0.2829241705084823,8.579999999999998,22.333333333333332,,7,True,True,304.5,407.0,35.4,4.3,31.6,39.0,11.2,407.0,PM10,Severe
2022-04-22,63.83,238.23,4.79,27.77,18.55,15.25,19.67,0.65,23.73,0.27,4.65,0.04,,,,29.89,38.34,,114.22,0.0,0.0,172.96,985.46,,2022,4,Apr,22,Friday,0,Summer,0.2679343491583764,4.96,17.22222222222222,,7,True,True,113.6,192.2,34.7,3.8,24.6,32.5,23.7,192.2,PM10,Moderate
2022-04-23,133.41,351.79,33.45,40.0,48.56,18.64,22.94,0.98,23.12,0.38,4.06,0.37,,,,30.53,34.77,,157.01,0.0,0.0,179.04,985.1,,2022,4,Apr,23,Saturday,1,Summer,0.3792319281389465,4.81,10.684210526315788,,7,True,True,311.2,303.2,50.0,4.7,28.7,49.0,23.1,311.2,PM2.5,Very Poor
2022-04-24,108.51,311.64,6.9,27.55,20.27,19.13,25.99,0.74,28.44,0.37,2.43,0.11,,,,31.98,31.95,,232.81,0.0,0.0,176.8,983.05,,2022,4,Apr,24,Sunday,1,Summer,0.34819021948402007,2.91,6.567567567567568,,7,True,True,262.1,262.0,34.4,4.8,32.5,37.0,28.4,262.1,PM2.5,Poor
2022-04-25,85.64,297.09,1.63,17.24,10.51,16.22,19.49,0.61,30.72,0.12,2.98,0.01,,,,33.25,31.81,,240.12,0.0,0.0,169.39,982.18,,2022,4,Apr,25,Monday,0,Summer,0.28826281598168907,3.11,24.833333333333336,,7,True,True,185.6,247.6,21.5,4.1,24.4,30.5,30.7,247.6,PM10,Poor
2022-04-26,81.16,224.44,2.35,23.94,14.61,16.08,21.31,0.74,25.67,0.24,2.08,0.0,,,,32.18,32.96,,136.63,0.0,0.0,166.74,982.53,,2022,4,Apr,26,Tuesday,0,Summer,0.36161112101229725,2.3200000000000003,8.666666666666668,,7,True,True,170.8,183.1,29.9,4.0,26.6,37.0,25.7,183.1,PM10,Moderate
2022-04-27,214.64,442.38,41.25,52.28,61.61,23.16,43.89,1.26,25.22,0.7,7.19,0.63,,,,32.69,32.56,,171.86,0.0,0.0,182.57,982.01,,2022,4,Apr,27,Wednesday,0,Summer,0.48519372485193724,8.520000000000001,10.271428571428572,,7,True,True,373.1,408.2,66.0,5.8,55.8,63.7,25.2,408.2,PM10,Severe
2022-04-28,220.97,470.45,33.95,52.11,55.47,22.94,47.1,1.27,26.88,0.73,10.11,0.66,,,,33.59,32.32,,235.41,0.0,0.0,159.98,981.78,,2022,4,Apr,28,Thursday,0,Summer,0.4696992241470932,11.5,13.84931506849315,,7,True,True,377.9,424.6,65.8,5.7,59.7,64.2,26.9,424.6,PM10,Severe
2022-04-29,202.02,432.84,16.46,41.04,35.35,20.45,35.75,1.04,21.57,0.74,13.95,0.48,,,,34.61,30.66,,213.25,0.0,0.0,159.45,981.23,,2022,4,Apr,29,Friday,0,Summer,0.4667313556972554,15.17,18.85135135135135,,7,True,True,363.5,402.7,52.3,5.1,44.7,53.0,21.6,402.7,PM10,Severe
2022-04-30,155.02,333.68,9.69,38.56,28.28,16.58,30.83,0.96,22.32,0.61,7.24,0.14,,,,34.8,29.7,,204.97,0.0,0.0,166.53,978.36,,2022,4,Apr,30,Saturday,1,Summer,0.4645768400863103,7.99,11.868852459016393,,7,True,True,327.7,283.8,48.2,4.1,38.5,48.0,22.3,327.7,PM2.5,Very Poor
2022-05-01,80.43,269.58,6.67,17.93,15.05,28.75,19.97,0.81,32.63,0.32,3.46,0.13,,,,32.51,43.42,,86.02,0.0,0.0,155.69,977.96,,2022,5,May,1,Sunday,1,Summer,0.2983529935455153,3.9099999999999997,10.8125,,7,True,True,168.4,220.4,22.4,7.2,25.0,40.5,32.6,220.4,PM10,Poor
2022-05-02,54.5,268.75,1.94,14.08,9.08,35.4,15.61,0.84,32.66,0.23,1.19,0.0,,,,32.92,45.32,,82.86,0.0,0.0,156.94,977.95,,2022,5,May,2,Monday,0,Summer,0.2027906976744186,1.42,5.173913043478261,,7,True,True,91.0,219.6,17.6,8.8,19.5,42.0,32.7,219.6,PM10,Poor
2022-05-03,72.58,324.12,2.09,13.9,9.14,35.87,18.27,0.89,27.51,0.3,1.29,0.0,,,,32.75,46.99,,73.2,0.0,0.0,120.04,980.47,,2022,5,May,3,Tuesday,0,Summer,0.2239294088609157,1.59,4.300000000000001,,7,True,True,142.5,274.4,17.4,9.0,22.8,44.5,27.5,274.4,PM10,Poor
2022-05-04,58.22,147.1,2.36,16.01,10.46,33.24,13.05,0.77,26.13,0.27,1.11,0.0,,,,29.5,53.57,,89.11,0.11,10.5,123.58,982.94,,2022,5,May,4,Wednesday,0,Summer,0.39578518014955816,1.3800000000000001,4.111111111111112,,7,True,True,97.1,132.1,20.0,8.3,16.3,38.5,26.1,132.1,PM10,Moderate
2022-05-05,61.76,129.67,5.16,26.27,18.02,30.69,14.9,0.7,26.78,0.09,1.35,0.01,,,,28.11,54.98,,98.09,0.0,0.0,206.1,983.32,,2022,5,May,5,Thursday,0,Summer,0.47628595665921186,1.4500000000000002,15.000000000000002,,7,True,True,106.8,120.6,32.8,7.7,18.6,35.0,26.8,120.6,PM10,Moderate
2022-05-06,134.34,318.27,13.79,44.93,34.81,37.35,16.89,1.11,24.43,0.38,2.55,0.24,,,,30.85,49.56,,143.28,0.0,0.0,159.46,982.68,,2022,5,May,6,Friday,0,Summer,0.4220944481100952,3.17,6.7105263157894735,,7,True,True,311.9,268.6,57.0,9.3,21.1,56.4,24.4,311.9,PM2.5,Very Poor
2022-05-07,116.35,253.34,11.19,33.12,26.69,35.47,19.2,1.04,29.65,0.47,3.03,0.36,,,,31.26,46.17,,60.52,0.0,0.0,200.74,982.7,,2022,5,May,7,Saturday,1,Summer,0.4592642298886871,3.86,6.446808510638298,,7,True,True,288.0,204.3,41.4,8.9,24.0,53.0,29.6,288.0,PM2.5,Poor
2022-05-08,98.2,223.43,2.03,18.43,11.46,31.67,17.72,0.94,36.81,0.3,1.37,0.01,,,,31.1,46.97,,68.87,0.0,0.0,192.34,981.12,,2022,5,May,8,Sunday,1,Summer,0.43951125632189053,1.6800000000000002,4.566666666666667,,7,True,True,228.1,182.5,23.0,7.9,22.1,47.0,36.8,228.1,PM2.5,Poor
2022-05-09,72.04,174.17,2.11,14.12,9.26,31.09,15.96,0.8,32.9,0.21,0.82,0.0,,,,32.59,47.38,,74.19,0.0,0.0,187.44,980.7,,2022,5,May,9,Monday,0,Summer,0.41361887810759607,1.03,3.9047619047619047,,7,True,True,140.7,150.0,17.6,7.8,20.0,40.0,32.9,150.0,PM10,Moderate
2022-05-10,72.79,184.44,2.01,14.03,9.15,31.0,18.19,0.85,36.06,0.38,0.94,0.0,,,,32.82,46.56,,74.49,0.0,0.0,180.75,980.93,,2022,5,May,10,Tuesday,0,Summer,0.3946540880503145,1.3199999999999998,2.4736842105263155,,7,True,True,143.2,156.7,17.5,7.8,22.7,42.5,36.1,156.7,PM10,Moderate
2022-05-11,74.88,188.17,2.1,15.33,9.88,25.13,15.99,0.87,35.04,0.34,0.93,0.01,,,,33.88,45.31,,79.47,0.0,0.0,182.17,978.97,,2022,5,May,11,Wednesday,0,Summer,0.3979380347558059,1.28,2.735294117647059,,7,True,True,150.1,159.2,19.2,6.3,20.0,43.5,35.0,159.2,PM10,Moderate
2022-05-12,65.12,184.13,2.3,17.1,10.97,28.23,14.43,0.8,40.24,0.18,0.94,0.01,,,,35.55,44.01,,95.12,0.0,0.0,191.54,977.37,,2022,5,May,12,Thursday,0,Summer,0.3536631727583773,1.13,5.222222222222222,,7,True,True,117.9,156.5,21.4,7.1,18.0,40.0,40.2,156.5,PM10,Moderate
2022-05-13,73.25,198.97,5.23,17.84,13.8,26.87,14.66,0.86,36.92,0.17,1.13,0.0,,,,33.87,47.42,,138.54,0.0,0.0,194.84,975.02,,2022,5,May,13,Friday,0,Summer,0.36814595165100267,1.2999999999999998,6.64705882352941,,7,True,True,144.7,166.3,22.3,6.7,18.3,43.0,36.9,166.3,PM10,Moderate
2022-05-14,123.54,344.14,34.85,41.08,48.25,25.39,22.91,1.34,23.27,0.65,3.88,0.49,,,,35.45,40.38,,219.28,0.0,0.0,209.52,975.04,,2022,5,May,14,Saturday,1,Summer,0.35898180972859883,5.0200000000000005,5.9692307692307685,,7,True,True,303.7,294.2,52.3,6.3,28.6,67.7,23.3,303.7,PM2.5,Very Poor
2022-05-15,138.79,344.03,12.69,36.37,29.68,23.99,30.12,1.07,20.98,0.89,5.16,0.33,,,,35.82,32.81,,142.36,0.0,0.0,205.05,976.11,,2022,5,May,15,Sunday,1,Summer,0.4034241199895358,6.38,5.797752808988764,,7,True,True,315.3,294.1,45.5,6.0,37.6,54.4,21.0,315.3,PM2.5,Very Poor
2022-05-16,96.08,396.92,3.86,22.15,14.98,18.1,18.75,0.71,20.28,0.52,4.04,0.13,,,,35.13,35.18,,164.8,0.0,0.0,141.91,976.38,,2022,5,May,16,Monday,0,Summer,0.24206389196815478,4.69,7.769230769230769,,7,True,True,221.1,359.1,27.7,4.5,23.4,35.5,20.3,359.1,PM10,Very Poor
2022-05-17,69.52,238.14,1.81,16.4,10.21,20.47,20.53,0.84,41.65,0.44,1.97,0.0,,,,33.2,39.92,,82.09,0.01,1.0,176.76,977.48,,2022,5,May,17,Tuesday,0,Summer,0.29192911732594273,2.41,4.4772727272727275,,7,True,True,132.4,192.2,20.5,5.1,25.7,42.0,41.6,192.2,PM10,Moderate
2022-05-18,86.22,232.67,1.84,16.84,10.46,21.57,20.82,0.86,34.93,0.51,0.99,0.01,,,,33.41,41.28,,70.48,0.0,0.0,176.76,979.41,,2022,5,May,18,Wednesday,0,Summer,0.37056775690892685,1.51,1.9411764705882353,,7,True,True,187.5,188.6,21.1,5.4,26.0,43.0,34.9,188.6,PM10,Moderate
2022-05-19,122.38,298.09,2.42,24.81,15.32,25.07,30.84,1.08,50.78,0.87,1.87,0.01,,,,34.21,42.41,,79.87,0.0,0.0,174.15,978.58,,2022,5,May,19,Thursday,0,Summer,0.4105471501895401,2.75,2.1494252873563218,,7,True,True,302.8,248.6,31.0,6.3,38.5,54.9,51.8,302.8,PM2.5,Very Poor
2022-05-20,112.24,350.34,2.93,28.0,17.19,25.89,20.82,0.94,43.18,0.81,2.29,0.09,,,,35.92,40.02,,94.71,0.01,1.0,160.16,975.66,,2022,5,May,20,Friday,0,Summer,0.32037449334931783,3.19,2.82716049382716,,7,True,True,274.4,301.4,35.0,6.5,26.0,47.0,43.2,301.4,PM10,Very Poor
2022-05-21,60.92,338.89,1.96,14.29,9.2,15.18,8.66,0.58,32.65,0.03,0.73,0.0,,,,34.98,34.35,,160.76,0.01,1.0,156.25,973.78,,2022,5,May,21,Saturday,1,Summer,0.179763345038213,0.76,24.333333333333332,,7,True,True,104.0,289.0,17.9,3.8,10.8,29.0,32.6,289.0,PM10,Poor
2022-05-22,61.33,184.08,5.97,20.8,15.88,16.05,15.01,0.68,44.14,0.04,0.77,0.0,,,,31.63,42.89,,133.75,0.0,0.0,160.76,972.79,,2022,5,May,22,Sunday,1,Summer,0.33317036071273354,0.81,19.25,,7,True,True,105.4,156.5,26.0,4.0,18.8,34.0,44.1,156.5,PM10,Moderate
2022-05-23,27.71,83.07,1.82,9.24,6.4,16.86,8.48,0.53,37.28,0.0,0.34,0.0,,,,24.43,61.38,,103.63,0.45,37.5,110.28,976.45,,2022,5,May,23,Monday,0,Summer,0.33357409413747446,0.34,,,7,True,True,46.2,83.4,11.6,4.2,10.6,26.5,37.3,83.4,PM10,Satisfactory
2022-05-24,38.34,70.98,1.96,12.83,8.42,22.35,9.88,0.7,42.48,0.03,0.53,0.0,,,,25.91,64.35,,71.26,0.1,9.5,218.76,981.8,,2022,5,May,24,Tuesday,0,Summer,0.540152155536771,0.56,17.666666666666668,,7,True,True,64.6,71.6,16.0,5.6,12.4,35.0,42.5,71.6,PM10,Satisfactory
2022-05-25,63.18,131.54,2.87,22.1,14.1,24.23,9.51,0.87,43.26,0.08,4.0,0.0,,,,28.3,56.97,,150.04,0.0,0.0,201.38,982.74,,2022,5,May,25,Wednesday,0,Summer,0.48031017181085606,4.08,50.0,,7,True,True,111.5,121.8,27.6,6.1,11.9,43.5,43.3,121.8,PM10,Moderate
2022-05-26,119.04,216.86,11.4,25.21,22.75,23.36,14.24,0.97,39.93,0.2,3.86,0.05,,,,29.64,52.62,,126.85,0.0,0.0,211.08,980.76,,2022,5,May,26,Thursday,0,Summer,0.5489255741031079,4.109999999999999,19.299999999999997,,7,True,True,296.8,178.1,31.5,5.8,17.8,48.5,39.9,296.8,PM2.5,Poor
2022-05-27,90.84,238.17,3.84,28.71,18.41,25.33,14.31,0.79,30.87,0.14,1.49,0.01,,,,32.73,46.77,,144.39,0.0,0.0,266.38,977.86,,2022,5,May,27,Friday,0,Summer,0.38140823781332667,1.64,10.642857142857142,,7,True,True,203.8,192.2,35.9,6.3,17.9,39.5,30.9,203.8,PM2.5,Poor
2022-05-28,65.13,359.6,2.09,10.88,7.5,27.66,12.76,0.54,26.83,0.01,1.25,0.0,,,,37.09,41.55,,170.9,0.0,0.0,280.86,975.59,,2022,5,May,28,Saturday,1,Summer,0.1811179087875417,1.26,125.0,,7,True,True,117.9,312.9,13.6,6.9,15.9,27.0,26.8,312.9,PM10,Very Poor
2022-05-29,59.29,217.04,2.37,15.44,10.15,21.9,14.52,0.69,29.1,0.06,0.95,0.0,,,,32.06,48.35,,129.98,0.06,5.5,207.17,976.05,,2022,5,May,29,Sunday,1,Summer,0.27317545152967193,1.01,15.833333333333334,,7,True,True,98.8,178.2,19.3,5.5,18.1,34.5,29.1,178.2,PM10,Moderate
2022-05-30,58.95,180.48,12.32,25.2,23.75,16.6,11.17,0.86,24.33,0.19,1.15,0.09,,,,28.5,56.85,,101.84,0.18,11.0,60.25,976.84,,2022,5,May,30,Monday,0,Summer,0.32662898936170215,1.43,6.052631578947368,,7,True,True,98.3,154.1,31.5,4.2,14.0,43.0,24.3,154.1,PM10,Moderate
2022-05-31,89.39,287.25,10.23,27.08,22.74,18.92,9.51,1.0,33.8,0.27,2.62,0.22,,,,30.95,53.21,,106.84,0.0,0.0,202.47,977.47,,2022,5,May,31,Tuesday,0,Summer,0.3111923411662315,3.1100000000000003,9.703703703703704,,7,True,True,198.0,237.9,33.8,4.7,11.9,50.0,33.8,237.9,PM10,Poor
2022-06-01,98.89,316.15,9.54,27.05,22.12,23.5,12.18,0.89,23.68,0.17,3.09,0.08,,,,34.17,41.65,,170.41,0.0,0.0,219.9,977.94,,2022,6,Jun,1,Wednesday,0,Monsoon,0.31279455954452,3.34,18.176470588235293,,7,True,True,230.3,266.5,33.8,5.9,15.2,44.5,23.7,266.5,PM10,Poor
2022-06-02,77.92,272.71,7.18,28.08,20.57,19.04,21.62,0.71,19.65,0.04,3.59,0.02,,,,34.58,37.06,,172.78,0.0,0.0,204.78,977.64,,2022,6,Jun,2,Thursday,0,Monsoon,0.28572476256829604,3.65,89.75,,7,True,True,160.1,223.5,35.1,4.8,27.0,35.5,19.6,223.5,PM10,Poor
2022-06-03,103.53,340.25,31.18,39.63,46.49,15.66,23.65,0.93,22.33,0.33,4.15,0.24,,,,33.99,36.19,,113.24,0.0,0.0,170.06,976.26,,2022,6,Jun,3,Friday,0,Monsoon,0.3042762674504041,4.720000000000001,12.575757575757576,,7,True,True,245.6,290.3,49.5,3.9,29.6,46.5,22.3,290.3,PM10,Poor
2022-06-04,100.87,313.98,32.58,34.39,45.03,12.84,21.04,1.0,24.29,0.23,3.27,0.36,,,,35.12,34.18,,160.73,0.0,0.0,224.63,976.84,,2022,6,Jun,4,Saturday,1,Monsoon,0.32126250079622903,3.86,14.217391304347826,,7,True,True,236.9,264.3,43.0,3.2,26.3,50.0,24.3,264.3,PM10,Poor
2022-06-05,71.01,313.8,19.5,26.08,29.97,11.68,16.94,0.91,17.14,0.2,3.31,0.4,,,,35.92,30.93,,223.44,0.0,0.0,234.57,977.12,,2022,6,Jun,5,Sunday,1,Monsoon,0.2262906309751434,3.91,16.55,,7,True,True,137.3,264.2,32.6,2.9,21.2,45.5,17.1,264.2,PM10,Poor
2022-06-06,54.68,246.95,8.72,22.78,19.45,11.25,16.49,0.79,25.5,0.13,1.77,0.03,,,,35.62,29.71,,176.4,0.0,0.0,232.58,976.18,,2022,6,Jun,6,Monday,0,Monsoon,0.22142134035229805,1.93,13.615384615384615,,7,True,True,91.3,198.0,28.5,2.8,20.6,39.5,25.5,198.0,PM10,Moderate
2022-06-07,87.52,423.53,19.33,35.57,33.46,18.56,21.7,0.82,15.78,0.27,2.91,0.46,,,,36.25,31.11,,245.12,0.0,0.0,203.67,975.64,,2022,6,Jun,7,Tuesday,0,Monsoon,0.20664415743867023,3.64,10.777777777777777,,7,True,True,191.8,392.0,44.5,4.6,27.1,41.0,15.8,392.0,PM10,Very Poor
2022-06-08,70.54,396.04,2.97,20.85,13.51,25.04,15.58,0.53,13.93,0.16,2.29,0.08,,,,36.94,28.23,,257.53,0.0,0.0,209.77,975.71,,2022,6,Jun,8,Wednesday,0,Monsoon,0.1781133218866781,2.5300000000000002,14.3125,,7,True,True,135.8,358.0,26.1,6.3,19.5,26.5,13.9,358.0,PM10,Very Poor
2022-06-09,66.21,309.04,3.6,27.31,17.47,29.36,19.32,0.67,14.89,0.28,1.8,0.07,,,,36.63,31.8,,233.53,0.0,0.0,206.21,974.62,,2022,6,Jun,9,Thursday,0,Monsoon,0.21424411079471908,2.15,6.428571428571428,,7,True,True,121.5,259.4,34.1,7.3,24.1,33.5,14.9,259.4,PM10,Poor
2022-06-10,71.09,380.35,7.97,26.1,20.34,27.11,15.09,0.62,12.32,0.19,2.02,0.05,,,,36.47,32.93,,215.58,0.0,0.0,207.55,975.33,,2022,6,Jun,10,Friday,0,Monsoon,0.18690679637176286,2.26,10.631578947368421,,7,True,True,137.6,338.6,32.6,6.8,18.9,31.0,12.3,338.6,PM10,Very Poor
2022-06-11,76.34,341.96,3.81,20.05,13.77,24.18,17.68,0.76,13.47,0.32,2.64,0.05,,,,37.35,30.01,,241.77,0.0,0.0,216.21,975.7,,2022,6,Jun,11,Saturday,1,Monsoon,0.22324248450111125,3.01,8.25,,7,True,True,154.9,292.0,25.1,6.0,22.1,38.0,13.5,292.0,PM10,Poor
2022-06-12,72.13,314.38,7.19,24.89,19.35,23.88,18.22,0.64,15.03,0.21,1.79,0.0,,,,36.88,31.48,,272.14,0.0,0.0,213.86,976.89,,2022,6,Jun,12,Sunday,1,Monsoon,0.22943571474012342,2.0,8.523809523809524,,7,True,True,141.0,264.7,31.1,6.0,22.8,32.0,15.0,264.7,PM10,Poor
2022-06-13,43.51,262.07,1.91,14.09,9.06,23.5,11.47,0.47,18.7,0.02,3.73,0.0,,,,38.42,32.03,,254.72,0.0,0.0,194.08,978.53,,2022,6,Jun,13,Monday,0,Monsoon,0.16602434464074484,3.75,186.5,,7,True,True,73.1,212.9,17.6,5.9,14.3,23.5,18.7,212.9,PM10,Poor
2022-06-14,49.15,292.46,1.85,11.71,7.74,27.18,11.9,0.45,16.51,0.09,2.22,0.11,,,,35.2,38.6,,254.81,0.0,0.0,129.49,978.29,,2022,6,Jun,14,Tuesday,0,Monsoon,0.16805717021131095,2.42,24.66666666666667,,7,True,True,82.3,243.0,14.6,6.8,14.9,22.5,16.5,243.0,PM10,Poor
2022-06-15,28.15,154.18,1.9,11.28,7.55,30.57,9.17,0.46,18.4,0.02,1.11,0.0,,,,36.6,38.39,,240.64,0.0,0.0,219.88,976.35,,2022,6,Jun,15,Wednesday,0,Monsoon,0.1825788039953301,1.1300000000000001,55.50000000000001,,7,True,True,46.9,136.8,14.1,7.6,11.5,23.0,18.4,136.8,PM10,Moderate
2022-06-16,26.34,110.3,2.87,17.17,11.48,33.64,7.25,0.36,21.04,0.0,0.83,0.01,,,,32.49,48.26,,135.15,0.14,13.5,227.44,977.39,,2022,6,Jun,16,Thursday,0,Monsoon,0.23880326382592929,0.84,,,7,True,True,43.9,107.8,21.5,8.4,9.1,18.0,21.0,107.8,PM10,Moderate
2022-06-17,22.65,75.2,3.84,19.56,13.65,36.02,6.95,0.42,14.81,0.04,1.25,0.05,,,,27.89,60.63,,132.06,0.11,10.0,148.25,978.7,,2022,6,Jun,17,Friday,0,Monsoon,0.3011968085106383,1.34,31.25,,7,True,True,37.8,75.7,24.4,9.0,8.7,21.0,14.8,75.7,PM10,Satisfactory
2022-06-18,24.4,55.46,2.31,11.67,8.1,46.45,6.01,0.38,11.73,0.01,0.93,0.04,,,,27.67,63.39,,82.42,0.11,11.0,142.11,979.53,,2022,6,Jun,18,Saturday,1,Monsoon,0.4399567255679769,0.9800000000000001,93.0,,7,True,True,40.7,56.4,14.6,11.6,7.5,19.0,11.7,56.4,PM10,Satisfactory
2022-06-19,41.54,100.67,2.77,16.69,11.17,,10.3,0.47,11.12,0.01,1.15,0.0,,,,27.98,60.02,,199.17,0.0,0.0,103.73,979.04,,2022,6,Jun,19,Sunday,1,Monsoon,0.4126353432005563,1.16,114.99999999999999,,6,True,True,69.8,101.4,20.9,,12.9,23.5,11.1,101.4,PM10,Moderate
2022-06-20,67.5,156.19,2.85,17.61,11.69,37.11,12.55,0.49,16.86,0.01,1.09,0.0,,,,29.31,57.21,,185.06,0.0,0.0,165.48,977.17,,2022,6,Jun,20,Monday,0,Monsoon,0.43216595172546257,1.1,109.0,,7,True,True,125.8,138.1,22.0,9.3,15.7,24.5,16.9,138.1,PM10,Moderate
2022-06-21,61.4,155.33,6.16,27.9,20.08,35.36,10.33,0.68,20.57,0.06,1.66,0.15,,,,29.75,55.02,,109.02,0.0,0.0,161.57,976.51,,2022,6,Jun,21,Tuesday,0,Monsoon,0.3952874525204403,1.8699999999999999,27.666666666666668,,7,True,True,105.6,137.5,34.9,8.8,12.9,34.0,20.6,137.5,PM10,Moderate
2022-06-22,55.56,142.63,2.32,13.58,9.14,34.46,10.73,0.49,21.23,0.1,1.12,0.02,,,,30.44,52.98,,144.94,0.0,0.0,206.38,981.14,,2022,6,Jun,22,Wednesday,0,Monsoon,0.3895393675944752,1.2400000000000002,11.200000000000001,,7,True,True,92.7,129.1,17.0,8.6,13.4,24.5,21.2,129.1,PM10,Moderate
2022-06-23,47.59,164.92,2.05,15.89,10.13,29.75,10.36,0.51,24.21,0.0,1.63,0.01,,,,32.22,45.28,,258.08,0.0,0.0,237.54,981.68,,2022,6,Jun,23,Thursday,0,Monsoon,0.2885641523162746,1.64,,,7,True,True,79.7,143.8,19.9,7.4,12.9,25.5,24.2,143.8,PM10,Moderate
2022-06-24,58.12,200.71,2.43,19.31,12.25,24.43,14.04,0.81,25.81,0.03,1.41,0.0,,,,31.89,41.39,,261.95,0.0,0.0,246.35,979.06,,2022,6,Jun,24,Friday,0,Monsoon,0.2895720193313736,1.44,47.0,,7,True,True,96.9,167.5,24.1,6.1,17.5,40.5,25.8,167.5,PM10,Moderate
2022-06-25,83.32,263.04,14.58,28.32,27.2,28.14,18.74,0.68,36.66,0.24,2.69,0.14,,,,32.33,42.9,,131.73,0.0,0.0,231.33,976.59,,2022,6,Jun,25,Saturday,1,Monsoon,0.31675790754257904,3.07,11.208333333333334,,7,True,True,178.0,213.9,35.4,7.0,23.4,34.0,36.7,213.9,PM10,Poor
2022-06-26,76.48,173.46,2.08,12.86,8.53,36.55,14.34,0.57,27.06,0.07,0.65,0.0,,,,33.4,50.32,,74.21,0.0,0.0,202.61,977.68,,2022,6,Jun,26,Sunday,1,Monsoon,0.44090856681655716,0.72,9.285714285714285,,7,True,True,155.4,149.5,16.1,9.1,17.9,28.5,27.1,155.4,PM2.5,Moderate
2022-06-27,61.0,125.0,,,,,,1.35,2.8,0.15,0.65,0.0,,,,31.15,57.6,,88.75,0.0,0.0,4.6,979.3,,2022,6,Jun,27,Monday,0,Monsoon,0.488,0.8,4.333333333333334,,4,True,True,104.3,117.5,,,,68.2,2.8,117.5,PM10,Moderate
2022-06-28,100.52,204.82,1.88,11.02,7.34,,8.26,1.06,15.73,0.12,0.57,0.04,,,,34.55,55.23,,75.3,0.0,0.0,56.96,973.21,,2022,6,Jun,28,Tuesday,0,Monsoon,0.49077238550922764,0.73,4.75,,6,True,True,235.7,170.2,13.8,,10.3,53.9,15.7,235.7,PM2.5,Poor
2022-06-29,57.73,162.57,2.91,12.93,9.25,17.58,6.45,0.57,17.77,0.05,0.6,0.03,,,,33.91,53.4,,87.95,0.0,0.0,159.57,973.36,,2022,6,Jun,29,Wednesday,0,Monsoon,0.3551085686165959,0.68,11.999999999999998,,7,True,True,96.3,142.3,16.2,4.4,8.1,28.5,17.8,142.3,PM10,Moderate
2022-06-30,31.89,63.96,2.67,11.84,8.47,45.83,6.5,0.77,6.46,0.0,0.75,0.0,,,,27.0,72.36,,85.7,0.39,37.5,20.43,976.79,,2022,6,Jun,30,Thursday,0,Monsoon,0.49859287054409007,0.75,,,7,True,True,54.1,64.7,14.8,11.5,8.1,38.5,6.5,64.7,PM10,Satisfactory
2022-07-01,35.36,61.88,2.45,12.29,8.58,39.23,8.24,0.73,8.02,0.01,0.93,0.0,,,,27.89,70.82,,131.72,0.0,0.0,109.17,976.7,,2022,7,Jul,1,Friday,0,Monsoon,0.5714285714285714,0.9400000000000001,93.0,,7,True,True,59.8,62.6,15.4,9.8,10.3,36.5,8.0,62.6,PM10,Satisfactory
2022-07-02,48.91,98.42,3.01,14.3,10.08,32.93,8.92,0.76,13.6,0.04,1.39,0.08,,,,30.68,63.26,,93.27,0.0,0.0,176.22,975.17,,2022,7,Jul,2,Saturday,1,Monsoon,0.49695183905710216,1.51,34.75,,7,True,True,81.9,98.5,17.9,8.2,11.2,38.0,13.6,98.5,PM10,Satisfactory
2022-07-03,26.36,51.19,2.21,11.19,7.75,29.56,7.48,0.64,12.22,0.0,0.52,0.0,,,,30.03,64.85,,87.52,0.14,13.5,158.79,976.45,,2022,7,Jul,3,Sunday,1,Monsoon,0.514944325063489,0.52,,,7,True,True,43.9,52.2,14.0,7.4,9.4,32.0,12.2,52.2,PM10,Satisfactory
2022-07-04,67.03,125.77,3.64,16.06,11.5,33.12,5.02,0.86,35.07,0.0,0.91,0.02,,,,32.5,62.1,,78.66,0.0,0.0,174.03,976.01,,2022,7,Jul,4,Monday,0,Monsoon,0.532956984972569,0.93,,,7,True,True,124.2,118.0,20.1,8.3,6.3,43.0,35.1,124.2,PM2.5,Moderate
2022-07-05,76.41,153.07,3.11,13.87,9.94,36.18,6.18,0.7,30.62,0.01,1.85,0.08,,,,33.33,60.3,,73.42,0.0,0.0,191.61,975.87,,2022,7,Jul,5,Tuesday,0,Monsoon,0.4991833801528712,1.9400000000000002,185.0,,7,True,True,155.2,136.0,17.3,9.0,7.7,35.0,30.6,155.2,PM2.5,Moderate
2022-07-06,50.83,97.99,2.43,7.92,6.19,31.38,5.8,0.59,29.99,0.0,0.43,0.01,,,,32.82,61.47,,58.46,0.01,0.5,169.91,978.48,,2022,7,Jul,6,Wednesday,0,Monsoon,0.5187264006531279,0.44,,,7,True,True,85.0,98.0,9.9,7.8,7.2,29.5,30.0,98.0,PM10,Satisfactory
2022-07-07,27.14,85.38,2.46,8.39,6.45,35.11,5.11,0.59,28.39,0.0,0.31,0.0,,,,34.02,55.54,,68.62,0.0,0.0,215.11,980.09,,2022,7,Jul,7,Thursday,0,Monsoon,0.3178730381822441,0.31,,,7,True,True,45.2,85.7,10.5,8.8,6.4,29.5,28.4,85.7,PM10,Satisfactory
2022-07-08,42.97,110.18,2.5,11.69,8.28,33.33,5.44,0.98,34.58,0.01,0.55,0.0,,,,34.3,53.15,,69.92,0.0,0.0,209.04,977.48,,2022,7,Jul,8,Friday,0,Monsoon,0.3899981847885278,0.56,55.0,,7,True,True,72.2,107.7,14.6,8.3,6.8,49.0,34.6,107.7,PM10,Moderate
2022-07-09,41.15,100.45,2.63,11.75,8.43,29.41,6.81,0.52,19.7,0.0,0.55,0.0,,,,30.44,62.16,,77.34,0.0,0.0,95.72,976.15,,2022,7,Jul,9,Saturday,1,Monsoon,0.40965654554504727,0.55,,,7,True,True,69.2,101.3,14.7,7.4,8.5,26.0,19.7,101.3,PM10,Moderate
2022-07-10,27.45,60.74,2.35,8.81,6.6,28.16,6.64,0.43,21.14,0.0,0.52,0.0,,,,29.56,63.34,,76.66,0.0,0.0,128.13,977.55,,2022,7,Jul,10,Sunday,1,Monsoon,0.4519262430029634,0.52,,,7,True,True,45.8,61.5,11.0,7.0,8.3,21.5,21.1,61.5,PM10,Satisfactory
2022-07-11,42.92,98.57,5.23,14.55,12.01,27.29,9.22,0.5,30.11,0.0,1.95,0.03,,,,31.6,60.65,,144.47,0.0,0.0,183.06,977.93,,2022,7,Jul,11,Monday,0,Monsoon,0.4354266003855129,1.98,,,7,True,True,72.1,98.6,18.2,6.8,11.5,25.0,30.1,98.6,PM10,Satisfactory
2022-07-12,31.87,67.65,4.78,12.62,10.62,26.32,5.22,0.54,23.87,0.0,1.78,0.21,,,,29.48,66.93,,114.12,0.11,10.0,112.74,977.61,,2022,7,Jul,12,Tuesday,0,Monsoon,0.4711012564671101,1.99,,,7,True,True,54.1,68.3,15.8,6.6,6.5,27.0,23.9,68.3,PM10,Satisfactory
2022-07-13,27.05,60.5,2.62,9.87,7.42,28.21,5.38,0.62,29.18,0.0,0.37,0.0,,,,30.88,62.54,,59.37,0.01,1.0,184.56,975.72,,2022,7,Jul,13,Wednesday,0,Monsoon,0.4471074380165289,0.37,,,7,True,True,45.1,61.3,12.3,7.1,6.7,31.0,29.2,61.3,PM10,Satisfactory
2022-07-14,32.01,85.89,2.53,10.47,7.61,33.34,7.29,0.65,20.57,2.9,23.16,1.84,,,,31.71,59.03,,105.82,0.0,0.0,160.2,975.07,,2022,7,Jul,14,Thursday,0,Monsoon,0.3726859937128886,27.9,7.9862068965517246,,7,True,True,54.3,86.2,13.1,8.3,9.1,32.5,20.6,86.2,PM10,Satisfactory
2022-07-15,20.17,62.84,2.4,8.91,6.66,25.36,8.36,0.61,22.92,6.16,6.89,1.29,,,,32.45,55.83,,68.3,0.0,0.0,220.42,977.01,,2022,7,Jul,15,Friday,0,Monsoon,0.3209739019732654,14.34,1.1185064935064934,,7,True,True,33.6,63.6,11.1,6.3,10.4,30.5,22.9,63.6,PM10,Satisfactory
2022-07-16,21.17,54.17,2.71,12.85,9.06,18.94,5.83,0.62,19.77,1.67,9.15,0.61,,,,29.6,64.92,,93.73,0.12,12.0,106.13,978.16,,2022,7,Jul,16,Saturday,1,Monsoon,0.390806719586487,11.43,5.479041916167665,,7,True,True,35.3,55.1,16.1,4.7,7.3,31.0,19.8,55.1,PM10,Satisfactory
2022-07-17,21.04,41.54,2.36,8.26,6.37,19.11,6.24,0.56,22.08,1.49,3.44,0.22,,,,29.58,66.63,,72.02,0.08,7.5,162.17,980.07,,2022,7,Jul,17,Sunday,1,Monsoon,0.5064997592681753,5.1499999999999995,2.308724832214765,,7,True,True,35.1,41.5,10.3,4.8,7.8,28.0,22.1,41.5,PM10,Good
2022-07-18,34.83,75.46,2.5,8.0,6.29,19.15,6.38,0.56,28.0,2.17,3.26,0.21,,,,32.53,60.66,,59.16,0.0,0.0,206.11,978.47,,2022,7,Jul,18,Monday,0,Monsoon,0.4615690432016963,5.64,1.5023041474654377,,7,True,True,58.9,76.0,10.0,4.8,8.0,28.0,28.0,76.0,PM10,Satisfactory
2022-07-19,39.52,99.94,2.39,14.66,9.78,21.23,4.05,0.64,38.67,3.13,13.36,1.03,,,,32.25,62.8,,113.55,0.14,9.0,162.03,976.48,,2022,7,Jul,19,Tuesday,0,Monsoon,0.3954372623574145,17.52,4.268370607028754,,7,True,True,66.5,99.9,18.3,5.3,5.1,32.0,38.7,99.9,PM10,Satisfactory
2022-07-20,34.42,75.03,3.98,16.86,12.22,25.29,6.52,0.63,10.4,2.93,25.6,2.5,,,,29.03,71.48,,149.08,0.23,22.5,106.2,977.08,,2022,7,Jul,20,Wednesday,0,Monsoon,0.4587498333999734,31.03,8.737201365187714,,7,True,True,58.2,75.5,21.1,6.3,8.1,31.5,10.4,75.5,PM10,Satisfactory
2022-07-21,39.0,72.17,2.47,12.11,8.45,28.15,5.03,0.6,23.4,2.28,21.06,1.14,,,,28.74,67.89,,109.67,0.01,1.0,106.42,979.68,,2022,7,Jul,21,Thursday,0,Monsoon,0.540390744076486,24.48,9.236842105263158,,7,True,True,65.7,72.7,15.1,7.0,6.3,30.0,23.4,72.7,PM10,Satisfactory
2022-07-22,44.5,79.54,2.32,9.83,7.16,22.65,7.14,0.62,17.8,2.7,11.21,0.87,,,,29.67,67.72,,70.99,0.0,0.0,148.04,980.84,,2022,7,Jul,22,Friday,0,Monsoon,0.5594669348755342,14.78,4.151851851851852,,7,True,True,74.7,79.9,12.3,5.7,8.9,31.0,17.8,79.9,PM10,Satisfactory
2022-07-23,25.75,48.42,2.22,7.73,5.93,22.75,5.32,0.55,19.75,1.64,6.92,0.38,,,,29.67,66.27,,76.68,0.01,0.5,134.33,979.46,,2022,7,Jul,23,Saturday,1,Monsoon,0.5318050392399835,8.940000000000001,4.219512195121951,,7,True,True,42.9,48.4,9.7,5.7,6.7,27.5,19.8,48.4,PM10,Good
2022-07-24,21.29,44.58,2.19,6.83,5.42,19.82,5.05,0.49,20.46,1.44,3.03,0.23,,,,30.49,64.29,,70.62,0.03,2.5,190.54,979.15,,2022,7,Jul,24,Sunday,1,Monsoon,0.4775684163301929,4.7,2.1041666666666665,,7,True,True,35.5,44.6,8.5,5.0,6.3,24.5,20.5,44.6,PM10,Good
2022-07-25,21.07,48.44,2.14,6.73,5.33,19.37,4.29,0.49,21.06,1.13,2.83,0.19,,,,30.59,61.95,,73.98,0.0,0.0,177.93,981.41,,2022,7,Jul,25,Monday,0,Monsoon,0.434971098265896,4.15,2.504424778761062,,7,True,True,35.1,48.4,8.4,4.8,5.4,24.5,21.1,48.4,PM10,Good
2022-07-26,27.0,56.54,2.15,7.91,5.97,20.14,5.34,0.5,21.34,1.64,5.49,0.23,,,,30.26,62.29,,84.24,0.0,0.0,171.74,982.35,,2022,7,Jul,26,Tuesday,0,Monsoon,0.4775380261761585,7.36,3.3475609756097566,,7,True,True,45.0,57.4,9.9,5.0,6.7,25.0,21.3,57.4,PM10,Satisfactory
2022-07-27,38.08,76.08,2.25,11.05,7.75,19.5,5.84,0.56,22.85,2.32,9.79,0.51,,,,30.29,63.46,,83.64,0.0,0.0,140.51,981.94,,2022,7,Jul,27,Wednesday,0,Monsoon,0.5005257623554153,12.62,4.219827586206897,,7,True,True,64.2,76.6,13.8,4.9,7.3,28.0,22.9,76.6,PM10,Satisfactory
2022-07-28,25.89,66.62,2.91,15.01,10.36,20.39,5.21,0.58,16.93,2.29,17.17,1.39,,,,29.24,64.92,,156.68,0.0,0.0,131.6,982.89,,2022,7,Jul,28,Thursday,0,Monsoon,0.38862203542479734,20.85,7.497816593886464,,7,True,True,43.2,67.3,18.8,5.1,6.5,29.0,16.9,67.3,PM10,Satisfactory
2022-07-29,16.11,51.08,3.74,14.95,11.01,19.27,5.69,0.58,10.65,1.95,22.31,2.35,,,,28.67,69.92,,198.58,0.56,53.5,122.75,982.22,,2022,7,Jul,29,Friday,0,Monsoon,0.3153876272513704,26.61,11.441025641025641,,7,True,True,26.9,52.1,18.7,4.8,7.1,29.0,10.7,52.1,PM10,Satisfactory
2022-07-30,16.67,55.54,5.05,14.62,11.9,17.88,4.39,0.59,9.19,1.78,23.44,1.68,,,,27.81,72.74,,213.94,0.03,2.5,109.74,980.5,,2022,7,Jul,30,Saturday,1,Monsoon,0.30014404033129277,26.900000000000002,13.168539325842698,,7,True,True,27.8,56.4,18.3,4.5,5.5,29.5,9.2,56.4,PM10,Satisfactory
2022-07-31,16.67,50.75,3.8,10.68,8.78,17.38,3.81,0.55,12.49,2.09,15.98,1.38,,,,28.47,68.75,,152.88,0.04,4.0,130.42,978.26,,2022,7,Jul,31,Sunday,1,Monsoon,0.32847290640394095,19.45,7.645933014354068,,7,True,True,27.8,51.7,13.3,4.3,4.8,27.5,12.5,51.7,PM10,Satisfactory
2022-08-01,18.83,73.54,3.39,11.77,9.04,17.9,4.76,0.55,13.25,1.92,12.94,1.19,,,,29.85,64.47,,216.11,0.01,0.5,164.75,978.33,,2022,8,Aug,1,Monday,0,Monsoon,0.25605112863747614,16.05,6.739583333333333,,7,True,True,31.4,74.1,14.7,4.5,5.9,27.5,13.2,74.1,PM10,Satisfactory
2022-08-02,33.5,94.33,3.9,14.31,10.79,19.15,4.49,0.58,20.18,1.81,17.25,0.85,,,,31.32,62.37,,248.17,0.0,0.0,214.21,977.86,,2022,8,Aug,2,Tuesday,0,Monsoon,0.3551362238948373,19.91,9.530386740331492,,7,True,True,56.7,94.4,17.9,4.8,5.6,29.0,20.2,94.4,PM10,Satisfactory
2022-08-03,56.75,130.22,5.58,20.13,15.25,25.08,4.03,0.72,18.77,3.26,23.58,3.0,,,,29.66,68.28,,193.6,0.32,30.5,90.43,979.39,,2022,8,Aug,3,Wednesday,0,Monsoon,0.4358009522346798,29.839999999999996,7.233128834355828,,7,True,True,94.7,120.9,25.2,6.3,5.0,36.0,18.8,120.9,PM10,Moderate
2022-08-04,51.17,94.42,2.56,14.87,10.0,29.07,3.9,0.64,17.22,3.13,13.4,1.99,,,,29.52,67.45,,90.38,0.02,1.5,128.68,979.94,,2022,8,Aug,4,Thursday,0,Monsoon,0.5419402668926075,18.52,4.281150159744409,,7,True,True,85.6,94.5,18.6,7.3,4.9,32.0,17.2,94.5,PM10,Satisfactory
2022-08-05,39.08,64.07,2.3,13.65,9.14,26.84,3.62,0.65,15.44,3.01,24.51,1.72,,,,28.23,72.06,,122.68,0.97,93.0,84.98,978.71,,2022,8,Aug,5,Friday,0,Monsoon,0.6099578585921649,29.240000000000002,8.142857142857144,,7,True,True,65.8,64.8,17.1,6.7,4.5,32.5,15.4,65.8,PM2.5,Satisfactory
2022-08-06,43.73,75.19,2.19,11.59,7.94,22.75,3.39,0.61,23.6,3.27,26.91,1.0,,,,29.98,68.11,,130.74,0.34,33.0,151.98,976.87,,2022,8,Aug,6,Saturday,1,Monsoon,0.5815932969809815,31.18,8.229357798165138,,7,True,True,73.4,75.7,14.5,5.7,4.2,30.5,23.6,75.7,PM10,Satisfactory
2022-08-07,40.83,74.92,2.59,13.03,9.07,21.13,3.7,0.67,12.62,3.36,16.03,1.07,,,,27.7,74.28,,68.34,0.01,1.0,50.93,977.04,,2022,8,Aug,7,Sunday,1,Monsoon,0.544981313400961,20.46,4.770833333333334,,7,True,True,68.7,75.4,16.3,5.3,4.6,33.5,12.6,75.4,PM10,Satisfactory
2022-08-08,40.94,73.6,4.87,11.84,10.27,23.0,4.42,0.75,26.4,3.34,11.49,1.57,,,,30.62,65.08,,75.96,0.0,0.0,198.89,976.67,,2022,8,Aug,8,Monday,0,Monsoon,0.55625,16.4,3.440119760479042,,7,True,True,68.9,74.1,14.8,5.8,5.5,37.5,26.4,74.1,PM10,Satisfactory
2022-08-09,35.2,70.43,2.32,10.57,7.51,22.44,5.7,0.6,19.83,3.21,9.07,0.51,,,,32.14,61.64,,64.25,0.0,0.0,200.14,976.38,,2022,8,Aug,9,Tuesday,0,Monsoon,0.499787022575607,12.790000000000001,2.825545171339564,,7,True,True,59.5,71.0,13.2,5.6,7.1,30.0,19.8,71.0,PM10,Satisfactory
2022-08-10,25.51,71.48,2.4,10.41,7.57,20.82,4.42,0.6,21.23,2.61,5.96,0.3,,,,32.28,59.79,,55.06,0.0,0.0,205.47,975.07,,2022,8,Aug,10,Wednesday,0,Monsoon,0.35688304420817013,8.870000000000001,2.2835249042145596,,7,True,True,42.5,72.1,13.0,5.2,5.5,30.0,21.2,72.1,PM10,Satisfactory
2022-08-11,15.43,46.11,1.98,6.71,5.19,20.37,3.88,0.53,15.56,1.68,4.23,0.17,,,,28.92,63.52,,61.13,0.0,0.0,68.57,977.2,,2022,8,Aug,11,Thursday,0,Monsoon,0.334634569507699,6.08,2.5178571428571432,,7,True,True,25.7,46.1,8.4,5.1,4.8,26.5,15.6,46.1,PM10,Good
2022-08-12,16.49,62.47,1.97,6.95,5.31,19.24,4.73,0.54,22.39,2.03,1.89,0.12,,,,31.4,58.44,,69.35,0.0,0.0,258.36,977.14,,2022,8,Aug,12,Friday,0,Monsoon,0.2639667040179286,4.04,0.9310344827586208,,7,True,True,27.5,63.2,8.7,4.8,5.9,27.0,22.4,63.2,PM10,Satisfactory
2022-08-13,31.12,90.81,2.78,17.74,11.69,21.19,4.87,1.81,7.47,3.76,16.01,1.63,,,,31.83,59.85,,99.76,0.0,0.0,139.21,976.01,,2022,8,Aug,13,Saturday,1,Monsoon,0.34269353595419005,21.400000000000002,4.257978723404256,,7,True,True,52.8,91.0,22.2,5.3,6.1,90.7,7.5,91.0,PM10,Satisfactory
2022-08-14,29.9,54.77,2.45,10.72,7.7,22.66,4.46,0.45,12.57,3.02,11.91,1.15,,,,28.86,71.56,,140.9,0.51,49.0,120.47,979.24,,2022,8,Aug,14,Sunday,1,Monsoon,0.5459192988862516,16.08,3.943708609271523,,7,True,True,49.8,55.7,13.4,5.7,5.6,22.5,12.6,55.7,PM10,Satisfactory
2022-08-15,10.86,30.72,1.94,5.16,4.33,21.33,5.01,0.61,10.95,1.61,3.43,0.13,,,,29.06,67.42,,54.89,0.0,0.0,155.63,980.69,,2022,8,Aug,15,Monday,0,Monsoon,0.353515625,5.17,2.130434782608696,,7,True,True,18.1,30.7,6.5,5.3,6.3,30.5,10.9,30.7,PM10,Good
2022-08-16,12.42,40.3,1.98,5.7,4.65,18.18,4.78,0.66,15.31,1.53,2.96,0.12,,,,29.16,63.03,,77.26,0.01,0.5,146.94,979.2,,2022,8,Aug,16,Tuesday,0,Monsoon,0.3081885856079405,4.61,1.934640522875817,,7,True,True,20.7,40.3,7.1,4.5,6.0,33.0,15.3,40.3,PM10,Good
2022-08-17,13.84,46.79,2.29,10.92,7.67,16.98,5.69,0.62,17.7,1.94,7.8,0.52,,,,29.71,60.51,,116.05,0.0,0.0,190.46,980.05,,2022,8,Aug,17,Wednesday,0,Monsoon,0.2957896986535585,10.26,4.020618556701031,,7,True,True,23.1,46.8,13.7,4.2,7.1,31.0,17.7,46.8,PM10,Good
2022-08-18,19.44,68.62,3.37,14.86,10.69,16.12,4.94,0.66,17.17,2.76,14.56,1.23,,,,30.07,61.13,,186.32,0.0,0.0,200.4,979.11,,2022,8,Aug,18,Thursday,0,Monsoon,0.28329932964150395,18.55,5.27536231884058,,7,True,True,32.4,69.2,18.6,4.0,6.2,33.0,17.2,69.2,PM10,Satisfactory
2022-08-19,19.06,62.09,2.42,10.15,7.38,16.28,4.81,0.58,15.86,1.78,22.04,0.64,,,,31.09,59.45,,243.63,0.0,0.0,196.54,979.01,,2022,8,Aug,19,Friday,0,Monsoon,0.30697374778547265,24.46,12.382022471910112,,7,True,True,31.8,62.8,12.7,4.1,6.0,29.0,15.9,62.8,PM10,Satisfactory
2022-08-20,31.54,82.02,2.62,10.69,7.83,17.57,3.91,0.59,13.14,2.19,13.24,0.42,,,,29.52,63.66,,227.7,0.01,0.5,135.87,980.45,,2022,8,Aug,20,Saturday,1,Monsoon,0.3845403560107291,15.85,6.045662100456621,,7,True,True,53.5,82.4,13.4,4.4,4.9,29.5,13.1,82.4,PM10,Satisfactory
2022-08-21,45.42,111.98,3.15,12.35,9.15,18.77,4.79,0.57,17.87,3.05,15.29,0.65,,,,31.33,61.74,,251.04,0.0,0.0,187.23,978.51,,2022,8,Aug,21,Sunday,1,Monsoon,0.4056081443114842,18.99,5.0131147540983605,,7,True,True,76.2,108.9,15.4,4.7,6.0,28.5,17.9,108.9,PM10,Moderate
2022-08-22,28.53,79.71,1.74,7.47,5.23,31.94,3.24,0.48,15.87,2.76,4.93,0.28,,,,33.03,53.93,,63.69,0.04,2.0,217.08,976.55,,2022,8,Aug,22,Monday,0,Monsoon,0.35792246894994356,7.97,1.786231884057971,,7,True,True,47.6,80.1,9.3,8.0,4.1,24.0,15.9,80.1,PM10,Satisfactory
2022-08-23,21.1,53.01,1.85,5.63,4.51,14.11,3.92,0.46,17.95,1.58,3.38,0.16,,,,30.38,61.08,,91.74,0.04,3.5,171.08,978.32,,2022,8,Aug,23,Tuesday,0,Monsoon,0.39803810601773254,5.12,2.1392405063291138,,7,True,True,35.2,53.9,7.0,3.5,4.9,23.0,17.9,53.9,PM10,Satisfactory
2022-08-24,25.99,63.43,2.42,10.83,7.72,17.14,3.93,0.8,15.05,2.57,10.67,0.84,,,,29.1,63.47,,88.18,0.0,0.0,127.66,982.21,,2022,8,Aug,24,Wednesday,0,Monsoon,0.4097430238057701,14.08,4.151750972762646,,7,True,True,43.3,64.2,13.5,4.3,4.9,40.0,15.1,64.2,PM10,Satisfactory
2022-08-25,39.28,100.36,3.15,13.94,9.98,19.87,4.67,0.7,21.13,3.73,19.54,1.58,,,,29.2,61.8,,176.27,0.0,0.0,165.34,981.6,,2022,8,Aug,25,Thursday,0,Monsoon,0.3913909924272619,24.85,5.238605898123324,,7,True,True,66.2,101.2,17.4,5.0,5.8,35.0,21.1,101.2,PM10,Moderate
2022-08-26,33.08,95.58,2.51,10.26,7.47,18.68,4.6,0.56,13.61,2.41,27.79,0.76,,,,31.08,59.99,,238.97,0.0,0.0,192.19,980.86,,2022,8,Aug,26,Friday,0,Monsoon,0.3460975099393178,30.96,11.531120331950206,,7,True,True,56.0,95.7,12.8,4.7,5.8,28.0,13.6,95.7,PM10,Satisfactory
2022-08-27,30.42,103.39,2.49,10.84,7.8,18.05,4.87,0.53,13.9,1.64,18.93,0.23,,,,30.72,59.82,,246.32,0.0,0.0,181.31,980.1,,2022,8,Aug,27,Saturday,1,Monsoon,0.29422574717090627,20.8,11.542682926829269,,7,True,True,51.7,103.2,13.6,4.5,6.1,26.5,13.9,103.2,PM10,Moderate
2022-08-28,36.62,132.03,3.59,11.57,9.15,17.48,4.14,0.59,12.67,2.0,18.97,0.39,,,,30.45,57.82,,240.19,0.0,0.0,182.21,980.54,,2022,8,Aug,28,Sunday,1,Monsoon,0.27736120578656365,21.36,9.485,,7,True,True,61.8,122.1,14.5,4.4,5.2,29.5,12.7,122.1,PM10,Moderate
2022-08-29,38.98,137.78,3.61,12.52,9.6,17.14,4.66,0.57,15.93,2.4,12.87,0.78,,,,30.47,56.76,,180.8,0.0,0.0,157.44,984.28,,2022,8,Aug,29,Monday,0,Monsoon,0.2829147916969081,16.05,5.3625,,7,True,True,65.7,125.9,15.6,4.3,5.8,28.5,15.9,125.9,PM10,Moderate
2022-08-30,49.28,131.74,3.64,20.48,13.86,17.64,5.53,0.67,17.71,5.18,23.88,2.49,,,,30.23,61.53,,147.34,0.03,2.5,135.71,984.78,,2022,8,Aug,30,Tuesday,0,Monsoon,0.3740701381509033,31.549999999999997,4.61003861003861,,7,True,True,82.5,121.9,25.6,4.4,6.9,33.5,17.7,121.9,PM10,Moderate
2022-08-31,42.12,115.02,4.34,14.38,11.18,18.21,5.0,0.53,15.09,2.63,21.77,1.28,,,,30.74,58.44,,237.15,0.0,0.0,197.46,982.18,,2022,8,Aug,31,Wednesday,0,Monsoon,0.36619718309859156,25.68,8.277566539923955,,7,True,True,70.8,110.9,18.0,4.6,6.2,26.5,15.1,110.9,PM10,Moderate
2022-09-01,44.16,119.09,3.06,15.37,10.69,19.25,5.04,0.58,19.72,3.03,18.79,1.15,,,,31.62,58.26,,246.23,0.0,0.0,165.63,982.07,,2022,9,Sep,1,Thursday,0,Monsoon,0.37081199093122846,22.97,6.201320132013201,,7,True,True,74.1,113.6,19.2,4.8,6.3,29.0,19.7,113.6,PM10,Moderate
2022-09-02,42.89,118.45,3.38,16.08,11.31,18.98,7.05,0.59,16.86,3.27,26.39,1.05,,,,31.7,58.48,,206.78,0.0,0.0,148.97,983.45,,2022,9,Sep,2,Friday,0,Monsoon,0.3620937104263402,30.71,8.070336391437309,,7,True,True,72.1,113.2,20.1,4.7,8.8,29.5,16.9,113.2,PM10,Moderate
2022-09-03,32.77,106.54,3.99,14.45,10.98,18.03,6.23,0.57,11.42,2.82,17.34,1.55,,,,31.79,55.65,,255.21,0.0,0.0,207.4,980.97,,2022,9,Sep,3,Saturday,1,Monsoon,0.3075840060071335,21.71,6.1489361702127665,,7,True,True,55.5,105.3,18.1,4.5,7.8,28.5,11.4,105.3,PM10,Moderate
2022-09-04,21.84,82.27,3.56,10.33,7.5,17.56,4.66,0.49,14.91,1.95,21.15,0.83,,,,31.73,55.28,,220.0,0.0,0.0,217.7,979.89,,2022,9,Sep,4,Sunday,1,Monsoon,0.265467363559013,23.929999999999996,10.846153846153845,,7,True,True,36.4,82.6,12.9,4.4,5.8,24.5,14.9,82.6,PM10,Satisfactory
2022-09-05,24.55,92.21,2.65,13.26,9.23,16.89,5.57,0.54,14.55,2.23,24.62,1.15,,,,31.33,55.13,,260.6,0.0,0.0,196.96,982.11,,2022,9,Sep,5,Monday,0,Monsoon,0.2662401041101833,28.0,11.04035874439462,,7,True,True,40.9,92.4,16.6,4.2,7.0,27.0,14.6,92.4,PM10,Satisfactory
2022-09-06,36.56,108.87,6.37,13.29,12.43,17.05,5.47,0.57,17.01,3.36,18.99,2.2,,,,31.3,58.11,,289.41,0.0,0.0,184.36,983.69,,2022,9,Sep,6,Tuesday,0,Monsoon,0.33581335537797374,24.549999999999997,5.651785714285714,,7,True,True,61.7,106.9,16.6,4.3,6.8,28.5,17.0,106.9,PM10,Moderate
2022-09-07,44.21,119.91,3.82,13.57,10.34,16.68,8.56,0.63,18.78,4.23,26.54,2.33,,,,30.78,59.58,,265.69,0.0,0.0,182.23,985.2,,2022,9,Sep,7,Wednesday,0,Monsoon,0.3686931865565841,33.1,6.274231678486997,,7,True,True,74.2,114.1,17.0,4.2,10.7,31.5,18.8,114.1,PM10,Moderate
2022-09-08,60.64,137.51,3.59,13.2,9.95,17.81,6.29,0.7,16.61,4.26,17.94,2.1,,,,31.08,59.6,,210.25,0.0,0.0,176.18,985.86,,2022,9,Sep,8,Thursday,0,Monsoon,0.4409861101010836,24.300000000000004,4.211267605633803,,7,True,True,103.1,125.8,16.5,4.5,7.9,35.0,16.6,125.8,PM10,Moderate
2022-09-09,64.49,134.07,2.14,12.23,8.25,18.39,4.33,0.68,6.05,4.61,14.52,0.92,,,,31.65,58.95,,73.66,0.0,0.0,166.87,985.02,,2022,9,Sep,9,Friday,0,Monsoon,0.48101737898112923,20.05,3.149674620390455,,7,True,True,115.8,123.5,15.3,4.6,5.4,34.0,6.0,123.5,PM10,Moderate
2022-09-10,56.62,106.04,2.2,10.57,7.42,18.42,2.42,0.9,8.42,3.72,10.8,0.54,,,,31.33,60.9,,74.66,0.0,0.0,157.38,984.06,,2022,9,Sep,10,Saturday,1,Monsoon,0.5339494530365899,15.060000000000002,2.903225806451613,,7,True,True,94.5,105.0,13.2,4.6,3.0,45.0,8.4,105.0,PM10,Moderate
2022-09-11,34.35,82.64,2.17,10.57,7.34,16.69,5.17,1.1,7.35,3.04,7.85,0.37,,,,31.26,58.03,,63.3,0.0,0.0,174.13,981.94,,2022,9,Sep,11,Sunday,1,Monsoon,0.4156582768635044,11.26,2.582236842105263,,7,True,True,58.1,83.0,13.2,4.2,6.5,55.9,7.3,83.0,PM10,Satisfactory
2022-09-12,27.86,75.75,2.19,9.88,7.03,16.39,5.47,0.6,5.7,2.71,3.73,0.27,,,,30.73,58.19,,62.47,0.0,0.0,169.56,980.24,,2022,9,Sep,12,Monday,0,Monsoon,0.3677887788778878,6.709999999999999,1.3763837638376384,,7,True,True,46.4,76.2,12.4,4.1,6.8,30.0,5.7,76.2,PM10,Satisfactory
2022-09-13,14.35,42.63,2.24,8.34,6.27,15.68,3.34,0.51,6.21,2.12,2.42,0.12,,,,29.52,61.88,,71.81,0.08,7.5,178.32,981.13,,2022,9,Sep,13,Tuesday,0,Monsoon,0.3366174055829228,4.66,1.141509433962264,,7,True,True,23.9,42.6,10.4,3.9,4.2,25.5,6.2,42.6,PM10,Good
2022-09-14,12.0,39.12,1.96,6.24,4.92,14.76,3.38,0.4,5.79,1.67,2.15,0.07,,,,29.24,60.2,,60.74,0.0,0.0,131.13,981.53,,2022,9,Sep,14,Wednesday,0,Monsoon,0.3067484662576687,3.8899999999999997,1.2874251497005988,,7,True,True,20.0,39.1,7.8,3.7,4.2,20.0,5.8,39.1,PM10,Good
2022-09-15,8.94,23.71,1.8,4.21,3.71,14.25,3.86,0.47,6.68,1.17,0.94,0.01,,,,26.28,70.24,,65.13,0.1,9.5,69.73,979.74,,2022,9,Sep,15,Thursday,0,Monsoon,0.37705609447490507,2.1199999999999997,0.8034188034188035,,7,True,True,14.9,23.7,5.3,3.6,4.8,23.5,6.7,23.7,PM10,Good
2022-09-16,8.4,17.24,2.87,6.54,5.8,13.71,3.48,0.51,4.66,1.26,8.27,0.31,,,,24.99,75.41,,156.78,0.16,15.5,55.98,977.39,,2022,9,Sep,16,Friday,0,Monsoon,0.48723897911832953,9.84,6.563492063492063,,7,True,True,14.0,17.2,8.2,3.4,4.3,25.5,4.7,25.5,CO,Good
2022-09-17,28.65,71.43,5.52,13.35,11.6,13.67,4.84,0.49,5.0,4.04,19.83,2.95,,,,27.81,67.47,,160.46,0.0,0.0,163.16,979.53,,2022,9,Sep,17,Saturday,1,Monsoon,0.40109197816043674,26.819999999999997,4.908415841584158,,7,True,True,47.8,72.0,16.7,3.4,6.0,24.5,5.0,72.0,PM10,Satisfactory
2022-09-18,40.75,101.9,4.96,9.87,9.3,9.87,4.7,0.51,5.15,3.42,12.21,0.78,,,,28.82,65.47,,149.6,0.0,0.0,165.34,982.57,,2022,9,Sep,18,Sunday,1,Monsoon,0.3999018645731109,16.41,3.5701754385964914,,7,True,True,68.6,102.3,12.3,2.5,5.9,25.5,5.2,102.3,PM10,Moderate
2022-09-19,74.0,181.69,25.04,14.29,27.89,10.63,4.99,0.72,4.73,5.33,16.83,2.0,,,,27.84,69.14,,192.94,0.0,0.0,77.61,982.86,,2022,9,Sep,19,Monday,0,Monsoon,0.4072871374318895,24.159999999999997,3.1575984990619133,,7,True,True,147.2,154.9,17.9,2.7,6.2,36.0,4.7,154.9,PM10,Moderate
2022-09-20,36.96,86.66,10.43,9.18,13.39,12.91,4.41,0.63,4.37,4.19,25.1,1.99,,,,27.77,67.69,,156.81,0.01,0.5,147.33,982.78,,2022,9,Sep,20,Tuesday,0,Monsoon,0.4264943457189015,31.28,5.990453460620524,,7,True,True,62.4,86.9,11.5,3.2,5.5,31.5,4.4,86.9,PM10,Satisfactory
2022-09-21,30.43,66.71,4.98,11.82,10.39,13.15,4.56,0.54,3.58,4.18,21.2,1.47,,,,26.77,71.81,,141.33,0.07,7.0,88.56,982.78,,2022,9,Sep,21,Wednesday,0,Monsoon,0.4561535002248539,26.849999999999998,5.07177033492823,,7,True,True,51.7,67.4,14.8,3.3,5.7,27.0,3.6,67.4,PM10,Satisfactory
2022-09-22,14.56,31.47,2.16,5.98,4.96,13.02,4.49,0.42,3.42,1.88,3.4,0.11,,,,25.55,74.5,,146.51,0.07,6.5,52.31,982.13,,2022,9,Sep,22,Thursday,0,Monsoon,0.4626628535112806,5.39,1.8085106382978724,,7,True,True,24.3,31.5,7.5,3.3,5.6,21.0,3.4,31.5,PM10,Good
2022-09-23,14.7,27.19,1.88,4.62,3.99,12.02,4.92,0.43,3.07,1.31,2.46,0.02,,,,24.92,78.72,,96.92,0.74,71.0,28.83,980.83,,2022,9,Sep,23,Friday,0,Monsoon,0.5406399411548363,3.79,1.8778625954198471,,7,True,True,24.5,27.2,5.8,3.0,6.2,21.5,3.1,27.2,PM10,Good
2022-09-24,17.17,32.64,1.97,6.96,5.32,11.65,4.48,0.46,3.63,2.11,9.11,0.73,,,,25.32,78.43,,81.08,0.34,33.0,31.02,978.98,,2022,9,Sep,24,Saturday,1,Monsoon,0.5260416666666667,11.95,4.317535545023697,,7,True,True,28.6,32.6,8.7,2.9,5.6,23.0,3.6,32.6,PM10,Good
2022-09-25,14.81,33.45,2.18,7.18,5.57,11.09,3.41,0.5,4.5,1.87,12.34,0.41,,,,26.95,70.33,,244.22,0.01,0.5,115.14,981.86,,2022,9,Sep,25,Sunday,1,Monsoon,0.4427503736920777,14.620000000000001,6.598930481283422,,7,True,True,24.7,33.5,9.0,2.8,4.3,25.0,4.5,33.5,PM10,Good
2022-09-26,33.03,75.46,3.18,8.89,7.37,10.33,4.83,0.59,2.91,3.04,13.86,0.69,,,,27.55,69.42,,260.56,0.0,0.0,153.24,985.49,,2022,9,Sep,26,Monday,0,Monsoon,0.4377153458786112,17.59,4.559210526315789,,7,True,True,55.9,76.0,11.1,2.6,6.0,29.5,2.9,76.0,PM10,Satisfactory
2022-09-27,34.09,97.06,5.35,13.62,11.58,11.05,3.29,0.57,2.94,2.36,20.15,1.51,,,,27.86,67.66,,279.64,0.0,0.0,181.59,984.42,,2022,9,Sep,27,Tuesday,0,Monsoon,0.3512260457449001,24.02,8.538135593220339,,7,True,True,57.7,97.1,17.0,2.8,4.1,28.5,2.9,97.1,PM10,Satisfactory
2022-09-28,57.5,156.65,18.44,12.58,21.81,8.74,4.8,0.69,2.79,3.55,29.12,2.77,,,,28.11,66.74,,307.51,0.0,0.0,167.15,983.32,,2022,9,Sep,28,Wednesday,0,Monsoon,0.3670603255665496,35.440000000000005,8.202816901408452,,7,True,True,95.9,138.4,15.7,2.2,6.0,34.5,2.8,138.4,PM10,Moderate
2022-09-29,70.75,167.66,10.34,15.82,17.32,9.24,3.82,0.66,2.45,4.28,25.1,2.37,,,,27.99,65.44,,303.94,0.0,0.0,175.77,983.23,,2022,9,Sep,29,Thursday,0,Monsoon,0.4219849695812955,31.750000000000004,5.864485981308412,,7,True,True,136.5,145.7,19.8,2.3,4.8,33.0,2.5,145.7,PM10,Moderate
2022-09-30,86.62,185.04,7.86,18.02,16.0,10.65,4.78,0.58,2.32,4.8,27.56,2.6,,,,27.54,66.71,,264.5,0.0,0.0,157.33,983.52,,2022,9,Sep,30,Friday,0,Monsoon,0.4681150021616948,34.96,5.741666666666666,,7,True,True,188.8,157.1,22.5,2.7,6.0,29.0,2.3,188.8,PM2.5,Moderate
2022-10-01,89.46,185.92,16.14,22.64,25.2,12.21,3.74,0.75,2.62,5.29,38.57,3.64,,,,28.38,65.12,,272.01,0.0,0.0,164.48,982.63,,2022,10,Oct,1,Saturday,1,Post-Monsoon,0.4811746987951807,47.5,7.291115311909262,,7,True,True,198.2,157.7,28.3,3.1,4.7,37.5,2.6,198.2,PM2.5,Moderate
2022-10-02,71.96,145.62,9.03,15.76,15.76,12.18,5.11,0.48,3.1,5.22,27.95,3.12,,,,28.61,62.13,,260.52,0.0,0.0,168.68,982.95,,2022,10,Oct,2,Sunday,1,Post-Monsoon,0.49416288971295147,36.29,5.3544061302682,,7,True,True,140.5,131.1,19.7,3.0,6.4,24.0,3.1,140.5,PM2.5,Moderate
2022-10-03,42.88,108.67,2.37,14.13,9.5,12.04,4.09,0.5,3.75,2.78,22.99,0.61,,,,28.33,57.4,,255.2,0.0,0.0,173.71,984.11,,2022,10,Oct,3,Monday,0,Post-Monsoon,0.39458912303303584,26.38,8.26978417266187,,7,True,True,72.0,106.7,17.7,3.0,5.1,25.0,3.8,106.7,PM10,Moderate
2022-10-04,63.79,144.75,4.86,23.06,16.23,13.31,5.04,0.66,6.59,3.61,26.0,1.39,,,,28.1,61.69,,253.26,0.0,0.0,154.51,985.51,,2022,10,Oct,4,Tuesday,0,Post-Monsoon,0.4406908462867012,31.0,7.202216066481995,,7,True,True,113.5,130.5,28.8,3.3,6.3,33.0,6.6,130.5,PM10,Moderate
2022-10-05,95.38,169.08,8.36,22.72,18.75,13.87,4.02,0.81,42.53,7.19,26.36,4.25,,,,28.37,61.83,,196.16,0.0,0.0,147.14,984.9,,2022,10,Oct,5,Wednesday,0,Post-Monsoon,0.5641116631180506,37.8,3.666203059805285,,7,True,True,218.8,146.6,28.4,3.5,5.0,40.5,42.5,218.8,PM2.5,Poor
2022-10-06,17.74,55.04,2.68,9.28,7.1,12.21,5.68,0.56,22.95,2.1,7.22,0.68,,,,26.09,62.57,,87.54,0.0,0.0,140.78,986.25,,2022,10,Oct,6,Thursday,0,Post-Monsoon,0.3223110465116279,10.0,3.438095238095238,,7,True,True,29.6,55.9,11.6,3.1,7.1,28.0,22.9,55.9,PM10,Satisfactory
2022-10-07,12.38,40.74,2.5,7.07,5.8,10.99,5.53,0.76,22.7,1.22,3.56,0.17,,,,24.35,71.09,,64.51,0.01,0.5,77.79,987.08,,2022,10,Oct,7,Friday,0,Post-Monsoon,0.3038782523318606,4.95,2.918032786885246,,7,True,True,20.6,40.7,8.8,2.7,6.9,38.0,22.7,40.7,PM10,Good
2022-10-08,12.26,33.54,2.17,6.3,5.13,10.67,5.83,0.51,22.35,1.2,4.44,0.11,,,,22.54,78.22,,65.81,0.42,40.5,33.01,987.52,,2022,10,Oct,8,Saturday,1,Post-Monsoon,0.3655336911150865,5.750000000000001,3.7000000000000006,,7,True,True,20.4,33.5,7.9,2.7,7.3,25.5,22.4,33.5,PM10,Good
2022-10-09,4.81,18.17,1.9,3.45,3.39,9.67,4.07,0.28,27.58,0.61,1.93,0.02,,,,22.33,77.12,,67.32,0.19,18.5,80.7,986.86,,2022,10,Oct,9,Sunday,1,Post-Monsoon,0.26472206934507425,2.56,3.1639344262295084,,7,True,True,8.0,18.2,4.3,2.4,5.1,14.0,27.6,27.6,Ozone,Good
2022-10-10,9.23,26.58,2.03,5.24,4.44,8.72,5.28,0.28,28.1,0.78,3.27,0.14,,,,22.38,75.77,,69.51,0.02,1.5,45.34,988.36,,2022,10,Oct,10,Monday,0,Post-Monsoon,0.34725357411587665,4.1899999999999995,4.1923076923076925,,7,True,True,15.4,26.6,6.6,2.2,6.6,14.0,28.1,28.1,Ozone,Good
2022-10-11,38.83,78.02,3.65,16.58,11.8,11.7,6.18,0.47,36.2,3.67,25.07,2.47,,,,25.1,70.44,,124.62,0.0,0.0,133.1,986.59,,2022,10,Oct,11,Tuesday,0,Post-Monsoon,0.4976928992566009,31.21,6.831062670299728,,7,True,True,65.4,78.5,20.7,2.9,7.7,23.5,36.2,78.5,PM10,Satisfactory
2022-10-12,62.53,152.21,14.97,16.1,20.78,8.8,4.59,0.43,42.02,4.67,48.63,3.99,,,,25.04,68.82,,254.81,0.0,0.0,148.0,987.86,,2022,10,Oct,12,Wednesday,0,Post-Monsoon,0.4108140069640628,57.290000000000006,10.413276231263383,,7,True,True,109.3,135.5,20.1,2.2,5.7,21.5,42.0,135.5,PM10,Moderate
2022-10-13,53.81,134.15,3.74,18.27,12.82,7.92,4.84,0.33,43.35,3.02,40.9,1.21,,,,24.39,63.01,,253.35,0.0,0.0,198.0,989.01,,2022,10,Oct,13,Thursday,0,Post-Monsoon,0.4011181513231457,45.13,13.543046357615893,,7,True,True,89.9,123.5,22.8,2.0,6.0,16.5,43.4,123.5,PM10,Moderate
2022-10-14,69.39,174.85,2.67,19.95,12.79,10.82,6.54,0.39,55.52,3.37,33.95,1.07,,,,25.07,62.09,,246.84,0.0,0.0,193.39,988.89,,2022,10,Oct,14,Friday,0,Post-Monsoon,0.39685444666857306,38.39,10.074183976261128,,7,True,True,132.0,150.4,24.9,2.7,8.2,19.5,56.4,150.4,PM10,Moderate
2022-10-15,89.62,224.38,6.72,27.1,20.02,12.72,8.34,0.46,57.66,4.39,23.13,1.56,,,,22.53,61.07,,250.59,0.0,0.0,188.39,986.27,,2022,10,Oct,15,Saturday,1,Post-Monsoon,0.3994117122738212,29.08,5.26879271070615,,7,True,True,198.7,183.1,33.9,3.2,10.4,23.0,58.5,198.7,PM2.5,Moderate
2022-10-16,115.79,269.54,26.22,31.85,38.29,13.67,7.06,0.66,49.85,6.13,32.64,3.66,,,,24.84,61.29,,249.25,0.0,0.0,184.15,990.43,,2022,10,Oct,16,Sunday,1,Post-Monsoon,0.42958373525265264,42.43000000000001,5.3246329526916805,,7,True,True,286.1,220.3,39.8,3.4,8.8,33.0,49.9,286.1,PM2.5,Poor
2022-10-17,130.38,304.16,25.67,39.75,41.64,16.1,8.52,0.85,38.35,6.91,39.61,4.38,,,,24.59,59.38,,223.8,0.0,0.0,165.01,990.68,,2022,10,Oct,17,Monday,0,Post-Monsoon,0.42865597054182003,50.9,5.732272069464544,,7,True,True,308.9,254.6,49.7,4.0,10.6,42.5,38.4,308.9,PM2.5,Very Poor
2022-10-18,117.41,275.11,11.62,40.41,30.93,17.66,11.39,0.64,55.5,5.76,32.15,5.26,,,,24.26,58.37,,215.67,0.0,0.0,175.06,989.4,,2022,10,Oct,18,Tuesday,0,Post-Monsoon,0.42677474464759546,43.169999999999995,5.581597222222222,,7,True,True,291.5,225.9,51.5,4.4,14.2,32.0,56.4,291.5,PM2.5,Poor
2022-10-19,134.22,270.18,16.29,39.31,34.2,18.78,8.19,1.22,55.16,7.14,35.54,7.22,,,,24.41,59.49,,117.25,0.0,0.0,171.83,989.47,,2022,10,Oct,19,Wednesday,0,Post-Monsoon,0.49677992449478126,49.9,4.977591036414566,,7,True,True,311.8,221.0,49.1,4.7,10.2,61.8,56.1,311.8,PM2.5,Very Poor
2022-10-20,132.28,237.65,2.64,25.0,15.39,20.81,9.54,0.85,69.55,6.16,17.18,1.9,,,,24.7,59.72,,56.74,0.0,0.0,160.05,991.11,,2022,10,Oct,20,Thursday,0,Post-Monsoon,0.5566168735535452,25.24,2.788961038961039,,7,True,True,310.4,191.8,31.2,5.2,11.9,42.5,70.2,310.4,PM2.5,Very Poor
2022-10-21,126.96,257.26,25.63,34.72,39.33,19.65,9.8,1.01,54.04,6.55,28.65,4.08,,,,24.59,58.62,,189.14,0.0,0.0,165.69,993.0,,2022,10,Oct,21,Friday,0,Post-Monsoon,0.4935085127886185,39.279999999999994,4.374045801526718,,7,True,True,306.3,208.2,43.4,4.9,12.2,51.5,55.0,306.3,PM2.5,Very Poor
2022-10-22,128.77,260.95,7.43,32.26,23.21,21.58,8.38,0.76,53.92,5.66,55.15,4.11,,,,22.09,56.66,,239.97,0.0,0.0,169.15,993.73,,2022,10,Oct,22,Saturday,1,Post-Monsoon,0.493466181260778,64.92,9.743816254416961,,7,True,True,307.7,211.8,40.3,5.4,10.5,38.0,54.8,307.7,PM2.5,Very Poor
2022-10-23,139.74,264.64,9.04,41.99,29.78,20.48,12.17,0.81,56.38,6.17,42.52,3.32,,,,22.11,54.72,,257.27,0.0,0.0,158.45,992.56,,2022,10,Oct,23,Sunday,1,Post-Monsoon,0.5280380894800484,52.010000000000005,6.891410048622367,,7,True,True,316.0,215.5,53.4,5.1,15.2,40.5,57.3,316.0,PM2.5,Very Poor
2022-10-24,142.82,229.17,2.81,23.25,14.66,21.85,15.9,0.76,67.59,5.21,21.0,1.82,,,,22.94,55.3,,255.36,0.0,0.0,161.66,988.04,,2022,10,Oct,24,Monday,0,Post-Monsoon,0.6232054806475542,28.03,4.030710172744722,,7,True,True,318.4,186.3,29.1,5.5,19.9,38.0,68.2,318.4,PM2.5,Very Poor
2022-10-25,133.85,223.04,1.78,18.63,11.4,19.81,14.5,0.68,71.09,4.29,18.49,0.95,,,,22.38,53.69,,252.91,0.0,0.0,160.14,986.38,,2022,10,Oct,25,Tuesday,0,Post-Monsoon,0.6001165710186513,23.729999999999997,4.310023310023309,,7,True,True,311.5,182.2,23.3,5.0,18.1,34.0,71.7,311.5,PM2.5,Very Poor
2022-10-26,145.09,244.88,4.54,30.2,19.64,20.71,,0.91,58.36,5.4,23.04,2.57,,,,22.51,59.07,,242.72,0.0,0.0,142.01,990.12,,2022,10,Oct,26,Wednesday,0,Post-Monsoon,0.5924942829140804,31.009999999999998,4.266666666666667,,6,True,True,320.1,196.6,37.8,5.2,,45.5,59.2,320.1,PM2.5,Very Poor
2022-10-27,208.09,342.21,29.28,42.11,46.41,22.76,,1.22,50.12,8.52,54.45,7.34,,,,22.49,62.22,,186.91,0.0,0.0,136.43,990.35,,2022,10,Oct,27,Thursday,0,Post-Monsoon,0.6080769118377605,70.31,6.390845070422536,,6,True,True,368.1,292.3,53.6,5.7,,61.8,51.1,368.1,PM2.5,Very Poor
2022-10-28,243.24,375.33,40.19,37.74,51.89,23.6,,1.39,56.21,9.17,57.79,9.63,,,,22.5,63.99,,90.34,0.0,0.0,119.3,990.49,,2022,10,Oct,28,Friday,0,Post-Monsoon,0.6480696986651747,76.58999999999999,6.302071973827699,,6,True,True,394.9,332.3,47.2,5.9,,70.1,57.1,394.9,PM2.5,Very Poor
2022-10-29,246.63,399.21,37.97,43.21,54.66,25.75,,1.37,45.47,8.38,47.26,8.64,,,,22.26,63.25,,230.45,0.0,0.0,123.74,991.27,,2022,10,Oct,29,Saturday,1,Post-Monsoon,0.617795145412189,64.28,5.6396181384248205,,6,True,True,397.4,361.9,54.9,6.4,,69.1,45.5,397.4,PM2.5,Very Poor
2022-10-30,255.9,428.6,51.56,44.73,65.27,25.41,,1.54,44.33,9.46,56.42,9.97,,,,22.24,62.38,,168.55,0.0,0.0,121.06,991.46,,2022,10,Oct,30,Sunday,1,Post-Monsoon,0.5970601959869342,75.85,5.9640591966173355,,6,True,True,403.3,398.3,56.8,6.4,,77.5,44.3,403.3,PM2.5,Severe
2022-10-31,314.9,488.2,25.42,49.79,47.2,28.7,,1.56,42.87,9.88,51.97,8.35,,,,22.21,65.78,,251.73,0.0,0.0,101.53,991.15,,2022,10,Oct,31,Monday,0,Post-Monsoon,0.645022531749283,70.2,5.260121457489878,,6,True,True,426.7,434.9,63.0,7.2,,78.4,42.9,434.9,PM10,Severe
2022-11-01,280.9,433.53,28.32,48.3,48.05,24.43,,1.66,64.84,10.3,46.0,9.48,,,,23.23,62.47,,144.04,0.0,0.0,118.64,991.18,,2022,11,Nov,1,Tuesday,0,Post-Monsoon,0.6479367056489747,65.78,4.466019417475728,,6,True,True,413.2,403.1,61.2,6.1,,83.3,65.5,413.2,PM2.5,Severe
2022-11-02,261.13,402.99,4.09,37.83,23.44,11.3,,1.22,45.3,7.98,38.92,4.74,,,,23.02,61.99,,168.69,0.0,0.0,120.76,989.65,,2022,11,Nov,2,Wednesday,0,Post-Monsoon,0.6479813394873322,51.64000000000001,4.87719298245614,,6,True,True,405.4,366.6,47.3,2.8,,61.8,45.3,405.4,PM2.5,Severe
2022-11-03,529.87,640.19,10.65,48.81,34.67,2.34,,1.79,44.45,9.35,54.27,5.41,,,,22.76,59.73,,247.81,0.0,0.0,107.59,989.28,,2022,11,Nov,3,Thursday,0,Post-Monsoon,0.8276761586404036,69.03,5.8042780748663105,,6,True,True,511.8,523.4,61.8,0.6,,89.7,44.5,523.4,PM10,Severe
2022-11-04,416.34,571.61,34.82,52.34,56.31,1.99,,1.83,58.53,11.19,59.04,11.29,,,,22.76,64.56,,61.42,0.0,0.0,83.96,990.81,,2022,11,Nov,4,Friday,0,Post-Monsoon,0.7283637445111176,81.52000000000001,5.2761394101876675,,6,True,True,466.9,483.5,66.1,0.5,,91.7,59.4,483.5,PM10,Severe
2022-11-05,220.05,345.56,2.47,28.63,17.25,21.17,,1.09,43.12,3.89,21.86,2.59,,,,23.3,68.02,,76.33,0.0,0.0,99.23,992.75,,2022,11,Nov,5,Saturday,1,Post-Monsoon,0.6367924528301887,28.34,5.619537275064267,,6,True,True,377.2,295.6,35.8,5.3,,55.4,43.1,377.2,PM2.5,Very Poor
2022-11-06,192.58,302.04,2.65,31.65,18.99,26.77,,1.08,48.26,5.05,17.62,2.88,,,,23.63,66.52,,82.21,0.0,0.0,105.28,992.89,,2022,11,Nov,6,Sunday,1,Post-Monsoon,0.6375976691828897,25.55,3.4891089108910895,,6,True,True,356.3,252.5,39.6,6.7,,54.9,48.3,356.3,PM2.5,Very Poor
2022-11-07,204.08,302.5,2.8,27.03,16.66,26.68,,1.1,49.28,6.0,12.15,2.04,,,,23.78,65.0,,65.85,0.0,0.0,117.27,991.64,,2022,11,Nov,7,Monday,0,Post-Monsoon,0.6746446280991736,20.189999999999998,2.025,,6,True,True,365.0,253.0,33.8,6.7,,55.9,49.3,365.0,PM2.5,Very Poor
2022-11-08,254.96,340.83,3.99,26.34,17.2,26.48,10.21,1.07,48.29,6.89,27.63,3.36,,,,22.38,65.87,,134.01,0.0,0.0,72.12,992.47,,2022,11,Nov,8,Tuesday,0,Post-Monsoon,0.7480562157087112,37.879999999999995,4.010159651669086,,7,True,True,403.0,290.9,32.9,6.6,12.8,54.4,48.3,403.0,PM2.5,Severe
2022-11-09,122.79,223.54,5.08,30.39,20.31,16.6,11.11,0.69,51.1,5.82,30.65,2.84,,,,22.35,57.49,,96.81,0.0,0.0,112.13,992.44,,2022,11,Nov,9,Wednesday,0,Post-Monsoon,0.5492976648474547,39.31,5.266323024054983,,7,True,True,303.1,182.5,38.0,4.2,13.9,34.5,52.1,303.1,PM2.5,Very Poor
2022-11-10,218.42,338.46,17.52,41.22,36.2,4.96,11.05,1.13,59.63,7.09,33.57,4.25,,,,22.11,62.12,,198.09,0.0,0.0,99.15,993.77,,2022,11,Nov,10,Thursday,0,Post-Monsoon,0.6453347515215978,44.91,4.734837799717913,,7,True,True,376.0,288.6,52.5,1.2,13.8,57.4,60.4,376.0,PM2.5,Very Poor
2022-11-11,219.59,323.48,5.59,29.07,20.01,13.16,9.85,0.88,71.56,5.56,35.79,2.83,,,,21.21,56.63,,254.27,0.0,0.0,125.75,993.99,,2022,11,Nov,11,Friday,0,Post-Monsoon,0.6788364041053543,44.18,6.437050359712231,,7,True,True,376.8,273.7,36.3,3.3,12.3,44.0,72.1,376.8,PM2.5,Very Poor
2022-11-12,206.82,286.08,1.76,29.6,17.18,27.16,13.08,0.94,87.16,5.08,22.62,1.35,,,,20.47,50.46,,253.05,0.0,0.0,128.69,993.29,,2022,11,Nov,12,Saturday,1,Post-Monsoon,0.7229446308724833,29.050000000000004,4.452755905511811,,7,True,True,367.1,236.7,37.0,6.8,16.4,47.0,87.4,367.1,PM2.5,Very Poor
2022-11-13,190.47,295.32,13.68,41.08,33.0,26.14,17.78,1.12,60.86,6.09,26.95,2.9,,,,20.08,51.59,,251.29,0.0,0.0,119.62,991.95,,2022,11,Nov,13,Sunday,1,Post-Monsoon,0.64496139780577,35.94,4.425287356321839,,7,True,True,354.7,245.9,52.3,6.5,22.2,56.9,61.6,354.7,PM2.5,Very Poor
2022-11-14,199.9,328.19,37.9,52.13,58.57,27.83,14.35,1.49,73.88,8.88,28.85,6.53,,,,20.72,58.06,,101.77,0.0,0.0,102.95,993.01,,2022,11,Nov,14,Monday,0,Post-Monsoon,0.6090983881288279,44.260000000000005,3.248873873873874,,7,True,True,361.8,278.4,65.9,7.0,17.9,75.0,74.4,361.8,PM2.5,Very Poor
2022-11-15,123.71,290.92,27.99,49.07,48.91,22.59,16.68,0.98,49.23,6.5,43.51,4.56,,,,21.4,54.93,,281.09,0.0,0.0,98.14,992.84,,2022,11,Nov,15,Tuesday,0,Post-Monsoon,0.42523717860580224,54.57,6.693846153846153,,7,True,True,303.8,241.5,62.1,5.6,20.9,49.0,49.2,303.8,PM2.5,Very Poor
2022-11-16,131.82,225.77,3.77,33.58,20.82,22.97,12.82,0.78,72.72,4.57,41.01,2.5,,,,20.27,51.21,,266.5,0.0,0.0,122.57,992.05,,2022,11,Nov,16,Wednesday,0,Post-Monsoon,0.5838685387784027,48.08,8.97374179431072,,7,True,True,310.0,184.0,42.0,5.7,16.0,39.0,73.3,310.0,PM2.5,Very Poor
2022-11-17,161.29,256.02,7.47,33.24,23.78,24.72,12.24,0.92,77.88,4.86,29.18,2.4,,,,18.5,54.55,,255.49,0.0,0.0,113.98,991.9,,2022,11,Nov,17,Thursday,0,Post-Monsoon,0.629989844543395,36.44,6.004115226337448,,7,True,True,332.4,207.0,41.6,6.2,15.3,46.0,78.3,332.4,PM2.5,Very Poor
2022-11-18,194.91,333.78,16.13,46.95,38.13,24.72,14.95,1.02,50.89,6.05,47.77,3.16,,,,17.78,53.01,,251.83,0.0,0.0,112.19,993.35,,2022,11,Nov,18,Friday,0,Post-Monsoon,0.5839475103361496,56.980000000000004,7.895867768595042,,7,True,True,358.0,283.9,59.5,6.2,18.7,52.0,51.9,358.0,PM2.5,Very Poor
2022-11-19,181.88,354.33,37.56,56.1,60.52,24.0,15.61,1.13,36.57,7.87,55.55,5.4,,,,17.49,55.13,,242.35,0.0,0.0,106.52,993.73,,2022,11,Nov,19,Saturday,1,Post-Monsoon,0.5133068043913865,68.82,7.058449809402795,,7,True,True,348.1,306.4,70.7,6.0,19.5,57.4,36.6,348.1,PM2.5,Very Poor
2022-11-20,184.86,309.72,10.87,52.58,37.21,27.11,12.96,0.99,41.39,6.43,34.17,3.66,,,,17.95,54.3,,252.84,0.0,0.0,109.97,992.19,,2022,11,Nov,20,Sunday,1,Post-Monsoon,0.5968616815187912,44.260000000000005,5.314152410575428,,7,True,True,350.4,260.1,66.4,6.8,16.2,49.5,41.4,350.4,PM2.5,Very Poor
2022-11-21,141.94,241.07,3.4,37.74,23.33,23.48,11.92,0.85,72.08,4.95,29.47,1.8,,,,18.36,52.88,,254.43,0.0,0.0,114.25,991.24,,2022,11,Nov,21,Monday,0,Post-Monsoon,0.5887916372837765,36.22,5.9535353535353535,,7,True,True,317.7,194.1,47.2,5.9,14.9,42.5,72.6,317.7,PM2.5,Very Poor
2022-11-22,115.34,218.36,2.43,35.07,20.32,20.38,14.06,0.8,80.83,4.7,34.98,2.02,,,,18.85,48.37,,262.04,0.0,0.0,113.98,991.15,,2022,11,Nov,22,Tuesday,0,Post-Monsoon,0.5282102949258106,41.7,7.442553191489361,,7,True,True,284.6,179.1,43.8,5.1,17.6,40.0,81.2,284.6,PM2.5,Poor
2022-11-23,108.93,221.45,5.64,37.14,24.35,18.74,13.23,0.78,74.54,5.42,36.47,2.39,,,,18.29,47.15,,251.66,0.0,0.0,115.13,991.5,,2022,11,Nov,23,Wednesday,0,Post-Monsoon,0.49189433280650263,44.28,6.728782287822878,,7,True,True,263.5,181.2,46.4,4.7,16.5,39.0,75.0,263.5,PM2.5,Poor
2022-11-24,119.96,277.32,29.84,42.74,46.92,20.76,12.6,1.04,66.69,5.48,44.92,3.08,,,,18.31,49.15,,253.06,0.0,0.0,113.66,991.23,,2022,11,Nov,24,Thursday,0,Post-Monsoon,0.4325688735035338,53.480000000000004,8.197080291970803,,7,True,True,299.9,228.0,54.4,5.2,15.8,53.0,67.4,299.9,PM2.5,Poor
2022-11-25,207.33,474.76,76.77,65.2,98.26,27.56,19.18,1.5,36.85,9.41,45.98,6.79,,,,16.97,57.16,,269.5,0.0,0.0,102.83,993.43,,2022,11,Nov,25,Friday,0,Post-Monsoon,0.4367048614036566,62.18,4.886291179596174,,7,True,True,367.5,427.1,81.9,6.9,24.0,75.5,36.9,427.1,PM10,Severe
2022-11-26,216.17,370.04,14.78,50.12,39.06,51.18,13.25,1.45,41.88,6.72,30.51,3.83,,,,17.46,54.33,,258.53,0.0,0.0,109.21,990.43,,2022,11,Nov,26,Saturday,1,Post-Monsoon,0.584180088639066,41.06,4.540178571428572,,7,True,True,374.2,325.8,63.4,12.8,16.6,73.0,41.9,374.2,PM2.5,Very Poor
2022-11-27,185.5,325.52,18.6,53.1,44.09,43.63,13.28,1.09,38.12,6.73,23.01,2.92,,,,16.92,58.09,,186.31,0.0,0.0,107.95,988.72,,2022,11,Nov,27,Sunday,1,Post-Monsoon,0.5698574588350946,32.660000000000004,3.4190193164933134,,7,True,True,350.9,275.8,67.0,10.9,16.6,55.4,38.1,350.9,PM2.5,Very Poor
2022-11-28,223.82,422.41,71.52,54.84,87.21,31.35,16.19,1.4,41.5,9.91,37.47,7.49,,,,16.21,61.69,,87.24,0.0,0.0,100.4,990.33,,2022,11,Nov,28,Monday,0,Post-Monsoon,0.5298643498023247,54.87,3.781029263370333,,7,True,True,380.1,390.6,69.2,7.8,20.2,70.6,41.5,390.6,PM10,Very Poor
2022-11-29,260.21,471.99,80.35,64.44,99.77,34.92,11.99,1.71,35.58,10.52,49.77,10.22,,,,16.22,64.51,,128.78,0.0,0.0,91.2,992.41,,2022,11,Nov,29,Tuesday,0,Post-Monsoon,0.5513040530519714,70.51,4.730988593155894,,7,True,True,405.0,425.5,80.9,8.7,15.0,85.8,35.6,425.5,PM10,Severe
2022-11-30,267.42,467.0,73.82,58.37,91.95,36.71,11.52,1.64,32.34,8.76,54.21,6.33,,,,16.41,65.57,,277.9,0.0,0.0,87.86,993.47,,2022,11,Nov,30,Wednesday,0,Post-Monsoon,0.5726338329764454,69.3,6.188356164383562,,7,True,True,407.9,422.5,73.5,9.2,14.4,82.4,32.3,422.5,PM10,Severe
2022-12-01,222.79,385.54,30.71,54.2,53.16,34.7,10.63,1.35,40.14,8.96,44.91,7.12,,,,16.35,63.77,,256.04,0.0,0.0,92.92,992.28,,2022,12,Dec,1,Thursday,0,Winter,0.577864812989573,60.989999999999995,5.012276785714285,,7,True,True,379.3,345.0,68.4,8.7,13.3,68.2,40.1,379.3,PM2.5,Very Poor
2022-12-02,226.29,389.53,38.1,55.52,59.75,33.64,10.32,1.33,44.55,9.07,36.46,5.99,,,,16.68,65.74,,209.94,0.0,0.0,88.44,991.34,,2022,12,Dec,2,Friday,0,Winter,0.5809308654018946,51.52,4.019845644983462,,7,True,True,381.9,349.9,70.0,8.4,12.9,67.2,44.5,381.9,PM2.5,Very Poor
2022-12-03,281.79,442.72,31.04,58.14,56.07,40.26,9.93,1.64,42.81,10.44,32.69,5.15,,,,16.11,69.86,,98.61,0.0,0.0,72.31,992.16,,2022,12,Dec,3,Saturday,1,Winter,0.6364971087820744,48.279999999999994,3.1312260536398466,,7,True,True,413.6,408.4,73.2,10.1,12.4,82.4,42.8,413.6,PM2.5,Severe
2022-12-04,265.76,395.6,46.27,49.16,64.18,37.26,9.27,1.47,33.22,9.53,35.94,6.53,,,,16.39,66.96,,265.52,0.0,0.0,89.86,992.6,,2022,12,Dec,4,Sunday,1,Winter,0.6717896865520727,52.0,3.771248688352571,,7,True,True,407.2,357.4,62.2,9.3,11.6,74.0,33.2,407.2,PM2.5,Severe
2022-12-05,187.22,336.05,32.32,48.0,51.98,29.9,15.31,1.2,32.09,7.67,40.17,5.07,,,,15.51,63.72,,239.74,0.0,0.0,92.0,994.22,,2022,12,Dec,5,Monday,0,Winter,0.5571194762684124,52.910000000000004,5.237288135593221,,7,True,True,352.2,286.2,60.8,7.5,19.1,60.8,32.1,352.2,PM2.5,Very Poor
2022-12-06,173.46,259.3,3.24,30.23,18.72,31.4,9.26,0.92,45.84,5.59,34.87,2.04,,,,16.82,58.92,,260.87,0.0,0.0,92.07,993.11,,2022,12,Dec,6,Tuesday,0,Winter,0.6689548785190899,42.49999999999999,6.237924865831842,,7,True,True,341.7,210.2,37.8,7.8,11.6,46.0,45.8,341.7,PM2.5,Very Poor
2022-12-07,141.4,214.73,1.75,23.41,13.88,26.74,9.84,0.86,48.64,5.21,27.33,0.98,,,,17.04,57.2,,256.67,0.0,0.0,95.78,992.26,,2022,12,Dec,7,Wednesday,0,Winter,0.6585013738182834,33.519999999999996,5.245681381957773,,7,True,True,317.3,176.7,29.3,6.7,12.3,43.0,48.6,317.3,PM2.5,Very Poor
2022-12-08,148.07,249.18,8.75,37.11,26.86,27.26,10.01,1.04,36.06,5.94,22.15,1.94,,,,15.98,63.64,,255.68,0.0,0.0,94.62,993.03,,2022,12,Dec,8,Thursday,0,Winter,0.5942290713540412,30.03,3.7289562289562284,,7,True,True,322.4,199.5,46.4,6.8,12.5,53.0,36.1,322.4,PM2.5,Very Poor
2022-12-09,211.64,343.07,34.21,48.1,54.07,34.6,13.03,1.3,41.65,7.73,27.05,4.2,,,,16.37,64.22,,162.93,0.0,0.0,95.49,992.09,,2022,12,Dec,9,Friday,0,Winter,0.6169003410382721,38.980000000000004,3.499353169469599,,7,True,True,370.8,293.1,60.9,8.7,16.3,65.7,41.6,370.8,PM2.5,Very Poor
2022-12-10,246.67,422.79,62.68,52.92,79.22,41.27,12.27,1.36,29.39,8.33,41.41,7.93,,,,16.83,67.31,,224.92,0.0,0.0,90.0,992.28,,2022,12,Dec,10,Saturday,1,Winter,0.5834338560514676,57.669999999999995,4.971188475390155,,7,True,True,397.5,391.1,66.8,10.3,15.3,68.6,29.4,397.5,PM2.5,Very Poor
2022-12-11,129.54,227.04,17.59,36.02,33.77,35.78,12.26,0.86,23.77,4.98,25.23,3.71,,,,17.68,63.42,,262.72,0.0,0.0,100.36,992.48,,2022,12,Dec,11,Sunday,1,Winter,0.5705602536997886,33.92,5.066265060240964,,7,True,True,308.3,184.8,45.0,8.9,15.3,43.0,23.8,308.3,PM2.5,Very Poor
2022-12-12,89.62,196.54,6.35,33.96,23.22,32.12,9.9,0.71,25.45,3.63,35.86,1.72,,,,17.51,55.3,,264.13,0.0,0.0,103.18,991.66,,2022,12,Dec,12,Monday,0,Winter,0.4559886028289407,41.21,9.878787878787879,,7,True,True,198.7,164.7,42.5,8.0,12.4,35.5,25.4,198.7,PM2.5,Moderate
2022-12-13,66.04,150.71,1.86,23.08,13.8,31.71,9.34,0.61,43.45,2.58,27.9,0.78,,,,18.82,47.95,,273.95,0.0,0.0,100.5,993.06,,2022,12,Dec,13,Tuesday,0,Winter,0.4381925552385376,31.259999999999998,10.813953488372093,,7,True,True,120.9,134.5,28.8,7.9,11.7,30.5,43.5,134.5,PM10,Moderate
2022-12-14,92.12,173.43,2.62,26.82,16.2,31.34,10.22,0.78,37.79,3.8,24.69,1.3,,,,16.03,54.0,,279.15,0.0,0.0,98.54,993.05,,2022,12,Dec,14,Wednesday,0,Winter,0.5311653116531165,29.790000000000003,6.497368421052633,,7,True,True,208.0,149.5,33.5,7.8,12.8,39.0,37.8,208.0,PM2.5,Poor
2022-12-15,95.68,198.2,5.09,34.37,22.28,24.61,10.86,0.7,36.92,4.27,39.53,1.8,,,,14.72,54.05,,266.12,0.0,0.0,97.13,991.97,,2022,12,Dec,15,Thursday,0,Winter,0.48274470232088806,45.599999999999994,9.2576112412178,,7,True,True,219.7,165.8,43.0,6.2,13.6,35.0,36.9,219.7,PM2.5,Poor
2022-12-16,146.33,274.29,20.09,44.81,40.14,29.96,12.15,1.09,38.26,6.14,39.85,2.56,,,,14.09,60.25,,258.55,0.0,0.0,88.81,991.09,,2022,12,Dec,16,Friday,0,Winter,0.5334864559407926,48.550000000000004,6.490228013029316,,7,True,True,321.1,225.0,56.9,7.5,15.2,55.4,38.3,321.1,PM2.5,Very Poor
2022-12-17,194.58,329.83,47.42,46.07,62.47,34.67,9.46,1.19,31.72,7.44,35.67,5.3,,,,14.09,65.32,,271.64,0.0,0.0,92.13,992.83,,2022,12,Dec,17,Saturday,1,Winter,0.5899402722614681,48.41,4.794354838709677,,7,True,True,357.8,280.0,58.4,8.7,11.8,60.3,31.7,357.8,PM2.5,Very Poor
2022-12-18,312.54,430.78,53.27,40.47,64.99,50.93,12.8,1.49,30.83,10.13,33.74,5.21,,,,14.01,72.36,,285.42,0.0,0.0,78.85,993.16,,2022,12,Dec,18,Sunday,1,Winter,0.7255211476855936,49.080000000000005,3.330700888450148,,7,True,True,425.8,401.5,51.6,12.7,16.0,75.0,30.8,425.8,PM2.5,Severe
2022-12-19,252.39,346.54,23.23,43.72,42.21,49.05,8.86,1.47,21.51,10.02,42.38,5.03,,,,12.99,78.26,,239.61,0.0,0.0,71.44,991.71,,2022,12,Dec,19,Monday,0,Winter,0.728314191723899,57.43000000000001,4.229540918163673,,7,True,True,401.9,296.6,55.6,12.3,11.1,74.0,21.5,401.9,PM2.5,Severe
2022-12-20,168.17,239.5,12.42,28.56,25.25,42.28,6.98,1.07,24.07,7.04,22.44,2.45,,,,12.51,74.13,,254.25,0.0,0.0,80.5,991.01,,2022,12,Dec,20,Tuesday,0,Winter,0.7021711899791231,31.93,3.1875,,7,True,True,337.7,193.1,35.7,10.6,8.7,54.4,24.1,337.7,PM2.5,Very Poor
2022-12-21,172.08,263.67,9.88,26.48,22.22,43.74,7.23,1.02,17.88,6.96,21.49,3.06,,,,11.8,76.69,,88.05,0.0,0.0,81.21,992.61,,2022,12,Dec,21,Wednesday,0,Winter,0.6526339742860394,31.509999999999998,3.0876436781609193,,7,True,True,340.7,214.5,33.1,10.9,9.0,52.0,17.9,340.7,PM2.5,Very Poor
2022-12-22,196.54,333.4,23.72,39.79,40.32,43.42,7.56,1.09,6.28,7.92,30.16,3.61,,,,11.08,78.46,,263.36,0.0,0.0,20.47,991.57,,2022,12,Dec,22,Thursday,0,Winter,0.589502099580084,41.69,3.808080808080808,,7,True,True,359.3,283.6,49.7,10.9,9.4,55.4,6.3,359.3,PM2.5,Very Poor
2022-12-23,169.02,224.0,9.63,31.02,24.18,43.63,7.49,1.01,19.78,7.62,17.94,3.51,,,,10.85,76.88,,197.93,0.0,0.0,71.24,991.26,,2022,12,Dec,23,Friday,0,Winter,0.7545535714285715,29.07,2.3543307086614176,,7,True,True,338.3,182.8,38.8,10.9,9.4,51.5,19.8,338.3,PM2.5,Very Poor
2022-12-24,152.5,222.81,12.06,31.06,26.36,44.36,7.77,1.01,19.45,7.09,27.15,2.43,,,,11.26,72.05,,270.42,0.0,0.0,92.41,992.77,,2022,12,Dec,24,Saturday,1,Winter,0.6844396571069521,36.669999999999995,3.829337094499295,,7,True,True,325.8,182.1,38.8,11.1,9.7,51.5,19.4,325.8,PM2.5,Very Poor
2022-12-25,148.45,229.48,4.76,23.42,16.24,46.39,6.44,0.94,21.58,5.68,13.61,1.0,,,,9.64,75.93,,275.17,0.0,0.0,76.28,993.85,,2022,12,Dec,25,Sunday,1,Winter,0.6468973331009238,20.29,2.3961267605633805,,7,True,True,322.7,186.5,29.3,11.6,8.1,47.0,21.6,322.7,PM2.5,Very Poor
2022-12-26,185.88,280.28,17.37,35.16,32.9,41.84,7.83,1.18,8.53,7.7,26.05,1.9,,,,9.11,80.5,,229.5,0.0,0.0,47.63,995.79,,2022,12,Dec,26,Monday,0,Winter,0.6631939489082347,35.65,3.383116883116883,,7,True,True,351.2,231.0,43.9,10.5,9.8,59.8,8.5,351.2,PM2.5,Very Poor
2022-12-27,158.45,198.93,5.02,25.19,17.5,47.37,7.1,1.13,29.93,7.56,27.62,1.17,,,,11.13,72.28,,254.67,0.0,0.0,75.35,995.06,,2022,12,Dec,27,Tuesday,0,Winter,0.7965113356457044,36.35,3.653439153439154,,7,True,True,330.3,166.3,31.5,11.8,8.9,57.4,29.9,330.3,PM2.5,Very Poor
2022-12-28,165.64,220.97,2.2,26.59,15.59,42.74,9.23,0.97,46.16,6.86,34.11,1.0,,,,14.03,62.69,,255.58,0.0,0.0,92.87,994.07,,2022,12,Dec,28,Wednesday,0,Winter,0.7496040186450649,41.97,4.9723032069970845,,7,True,True,335.8,180.8,33.2,10.7,11.5,48.5,46.2,335.8,PM2.5,Very Poor
2022-12-29,220.57,295.74,4.07,34.86,21.86,50.34,13.56,1.12,46.26,7.23,20.9,1.25,,,,14.95,59.84,,164.15,0.0,0.0,73.74,994.94,,2022,12,Dec,29,Thursday,0,Winter,0.7458240346250085,29.38,2.89073305670816,,7,True,True,377.6,246.3,43.6,12.6,16.9,56.9,46.3,377.6,PM2.5,Very Poor
2022-12-30,283.67,374.02,5.84,33.25,22.45,53.0,11.21,1.45,34.87,9.94,14.93,1.74,,,,14.61,68.89,,93.02,0.0,0.0,61.2,995.74,,2022,12,Dec,30,Friday,0,Winter,0.7584353777872842,26.609999999999996,1.5020120724346078,,7,True,True,414.3,330.7,41.6,13.2,14.0,73.0,34.9,414.3,PM2.5,Severe
2022-12-31,149.79,202.38,4.51,23.7,16.24,43.56,7.22,0.86,26.15,5.25,26.46,1.12,,,,13.72,73.96,,259.57,0.0,0.0,84.31,996.53,,2022,12,Dec,31,Saturday,1,Winter,0.7401423065520308,32.83,5.04,,7,True,True,323.7,168.6,29.6,10.9,9.0,43.0,26.1,323.7,PM2.5,Very Poor
2023-01-01,130.5,166.3181818,6.186363636,23.64431818,17.62840909,32.67159091,7.959848485,0.86780303,33.11780303,5.344318182,14.95340909,0.970454545,,,,13.14393939,70.63181818,,198.0496212,0.0,0.0,93.80833333,997.155303,,2023,1,Jan,1,Sunday,1,Winter,0.7846406122748992,21.268181817,2.798001275516121,,7,True,True,309.0,144.8,29.6,8.2,9.9,43.4,33.1,309.0,PM2.5,Very Poor
2023-01-02,193.3333333,233.8333333,4.159615385,19.31153846,13.7,45.99583333,5.406944444,0.926515152,22.50454545,6.439583333,6.426041667,0.641666667,,,,12.08269231,76.08846154,,67.77307692,0.0,0.0,76.06346154,998.825,,2023,1,Jan,2,Monday,0,Winter,0.82679971487196,13.507291667,0.9978971207763389,,7,True,True,356.8,189.3,24.1,11.5,6.8,46.3,22.5,356.8,PM2.5,Very Poor
2023-01-03,211.1770833,299.125,5.610416667,23.80520833,17.24409722,33.52708333,12.35208333,1.688541667,25.3625,6.151041667,15.43333333,1.384375,,,,10.196875,76.690625,,180.0385417,0.0,0.0,42.56458333,999.0114583,,2023,1,Jan,3,Tuesday,0,Winter,0.7059827272879231,22.968749997,2.509060117865724,,7,True,True,370.4,249.6,29.8,8.4,15.4,84.7,25.4,370.4,PM2.5,Very Poor
2023-01-04,146.75,208.0,4.488541667,23.86527778,16.36354167,31.7307971,6.928819444,3.602708333,24.565625,4.985416667,17.41145833,0.885416667,,,,8.839583333,76.84791667,,222.6083333,0.0,0.0,58.65625,993.1822917,,2023,1,Jan,4,Wednesday,0,Winter,0.7055288461538461,23.282291664,3.492478060109153,,7,True,True,321.4,172.3,29.8,7.9,8.7,120.8,24.6,321.4,PM2.5,Very Poor
2023-01-05,154.8804348,246.2608696,6.789930556,31.72604167,22.41111111,32.4442029,12.96493056,2.287430556,11.65486111,6.483333333,24.284375,1.339583333,,,,8.317708333,78.24166667,,248.63125,0.0,0.0,55.93854167,989.3291667,,2023,1,Jan,5,Thursday,0,Winter,0.6289283191908293,32.107291666,3.7456619539200857,,7,True,True,327.6,197.5,39.7,8.1,16.2,104.6,11.7,327.6,PM2.5,Very Poor
2023-01-06,188.3333333,305.9583333,4.821875,31.34479167,20.59791667,32.79791667,9.173611111,1.230902778,16.21041667,7.2375,18.24479167,1.170833333,,,,7.782291667,76.70833333,,211.2760417,0.0,0.0,63.73229167,989.8760417,,2023,1,Jan,6,Friday,0,Winter,0.6155522265684926,26.653125003000003,2.52086931537133,,7,True,True,353.0,256.4,39.2,8.2,11.5,62.3,16.2,353.0,PM2.5,Very Poor
2023-01-07,185.3333333,279.0,21.73854167,31.99270833,34.63804348,32.76180556,10.26423611,1.276388889,15.09305556,7.53125,20.63229167,2.121875,,,,7.782291667,76.065625,,245.4052083,0.0,0.0,73.44166667,987.6489583,,2023,1,Jan,7,Saturday,1,Winter,0.6642771802867383,30.28541667,2.739557400165975,,7,True,True,350.8,229.7,40.0,8.2,12.8,64.5,15.1,350.8,PM2.5,Very Poor
2023-01-08,182.78125,235.0833333,10.73645833,26.07604167,22.62604167,39.16041667,7.198263889,1.216666667,13.7,7.805208333,25.309375,1.886458333,,,,8.442708333,78.21770833,,279.5833333,0.0,0.0,60.58541667,984.9895833,,2023,1,Jan,8,Sunday,1,Winter,0.777516838110956,35.001041666,3.2426264514930785,,7,True,True,348.8,190.2,32.6,9.8,9.0,61.6,13.7,348.8,PM2.5,Very Poor
2023-01-09,226.2631579,246.0526316,15.64548611,29.12083333,28.34375,38.40912698,8.296527778,1.510763889,12.11145833,11.76376812,19.54528986,2.251811594,,,,8.985416667,81.28020833,,121.5822917,0.0,0.0,39.3,986.0,,2023,1,Jan,9,Monday,0,Winter,0.9195721924560794,33.560869574,1.6614820745038623,,7,True,True,381.9,197.4,36.4,9.6,10.4,76.0,12.1,381.9,PM2.5,Very Poor
2023-01-10,180.7916667,224.625,11.43020833,26.71458333,23.56493056,37.98412698,8.065972222,1.182986111,21.11041667,8.530434783,34.24673913,2.322826087,,,,10.79895833,77.54895833,,270.8833333,0.0,0.0,63.496875,984.8916667,,2023,1,Jan,10,Tuesday,0,Winter,0.8048599519198665,45.1,4.014653414647646,,7,True,True,347.3,183.3,33.4,9.5,10.1,60.0,21.1,347.3,PM2.5,Very Poor
2023-01-11,146.5416667,206.0833333,2.709375,26.290625,16.19166667,36.37166667,7.728125,1.00625,24.50657895,6.4,14.915625,0.809375,,,,10.678125,77.64479167,,150.6864583,0.0,0.0,51.8875,980.684375,,2023,1,Jan,11,Wednesday,0,Winter,0.7110796606083429,22.125,2.33056640625,,7,True,True,321.2,171.0,32.9,9.1,9.7,51.3,24.5,321.2,PM2.5,Very Poor
2023-01-12,204.5416667,271.1666667,3.6875,26.51979167,17.11354167,37.4625,9.597916667,1.202430556,10.16287879,8.827083333,16.17395833,1.458333333,,,,13.29583333,75.684375,,71.63854167,0.0,0.0,66.00833333,978.18125,,2023,1,Jan,12,Thursday,0,Winter,0.7543023970799875,26.459374996,1.8323105968121716,,7,True,True,365.4,222.0,33.1,9.4,12.0,60.9,10.2,365.4,PM2.5,Very Poor
2023-01-13,221.0833333,280.9583333,3.517708333,30.8375,19.26770833,,13.03888889,1.097222222,22.94375,9.015625,21.64270833,1.655208333,,,,14.80104167,74.40416667,,124.0770833,0.0,0.0,52.91041667,979.1510417,,2023,1,Jan,13,Friday,0,Winter,0.7868901082351345,32.313541663,2.4005777003812825,,6,True,True,378.0,231.6,38.5,,16.3,55.8,22.9,378.0,PM2.5,Very Poor
2023-01-14,154.2083333,196.3333333,1.778125,20.63541667,12.43020833,,7.129513889,0.93125,32.42673611,4.792708333,13.95416667,0.421875,,,,13.07708333,67.67916667,,260.26875,0.0,0.0,80.3125,982.1875,,2023,1,Jan,14,Saturday,1,Winter,0.7854414261095826,19.168750003,2.911540970252487,,6,True,True,327.1,164.6,25.8,,8.9,46.6,32.4,327.1,PM2.5,Very Poor
2023-01-15,92.875,172.3333333,7.580208333,30.22916667,22.25625,,8.744444444,0.852430556,38.41631944,4.333333333,26.359375,0.947916667,,,,9.940625,56.65416667,,253.76875,0.0,0.0,104.4604167,981.071875,,2023,1,Jan,15,Sunday,1,Winter,0.5389264991371231,31.640625,6.082932692775611,,6,True,True,210.5,148.7,37.8,,10.9,42.6,38.4,210.5,PM2.5,Poor
2023-01-16,145.0416667,236.4166667,15.57013889,41.33125,34.68958333,23.74444444,9.320486111,1.211111111,4.738888889,5.80625,18.90416667,1.783333333,,,,9.667708333,61.759375,,245.1520833,0.0,0.0,92.09895833,982.1333333,,2023,1,Jan,16,Monday,0,Winter,0.6135001762970038,26.493750003000002,3.2558306428417647,,7,True,True,320.1,191.0,52.6,5.9,11.7,61.3,4.7,320.1,PM2.5,Very Poor
2023-01-17,126.5,217.7916667,19.3125,39.38645833,36.69479167,25.57536232,8.046180556,0.847222222,19.20625,5.090625,22.69270833,2.073958333,,,,9.84375,57.47708333,,252.31875,0.0,0.0,101.6854167,982.6958333,,2023,1,Jan,17,Tuesday,0,Winter,0.5808303041008869,29.857291662999998,4.457745037200736,,7,True,True,305.9,178.7,49.2,6.4,10.1,42.4,19.2,305.9,PM2.5,Very Poor
2023-01-18,173.9166667,287.125,34.0625,47.2,53.015625,30.63958333,9.792708333,1.110763889,27.75520833,7.266666667,36.63125,4.134375,,,,10.08854167,58.63958333,,236.3104167,0.0,0.0,94.86770833,984.5729167,,2023,1,Jan,18,Wednesday,0,Winter,0.605717602786243,48.032291667,5.0409977061907805,,7,True,True,342.1,237.8,59.8,7.7,12.2,56.4,27.8,342.1,PM2.5,Very Poor
2023-01-19,179.0416667,280.0416667,9.327083333,44.46319444,31.30416667,38.10104167,15.675,0.7375,36.803125,6.2125,31.825,3.407291667,,,,14.196875,54.0375,,186.9489583,0.0,0.0,82.62291667,984.7552083,,2023,1,Jan,19,Thursday,0,Winter,0.6393393840631645,41.444791667000004,5.122736418511066,,7,True,True,346.0,230.7,56.5,9.5,19.6,36.9,36.8,346.0,PM2.5,Very Poor
2023-01-20,94.29166667,133.375,1.896875,21.60347222,13.040625,33.68541667,12.43472222,0.557291667,35.53506944,4.00625,17.02604167,1.564583333,,,,15.1625,61.296875,,140.1520833,0.0,0.0,89.70729167,983.146875,,2023,1,Jan,20,Friday,0,Winter,0.7069665729709466,22.596875003,4.249869995631826,,7,True,True,215.2,123.0,27.0,8.4,15.5,27.9,35.5,215.2,PM2.5,Poor
2023-01-21,214.7083333,268.375,5.515625,39.50729167,25.51041667,39.815625,10.78402778,0.857638889,31.54791667,8.855208333,21.915625,2.769791667,,,,13.278125,72.98333333,,116.0104167,0.0,0.0,67.27083333,982.584375,,2023,1,Jan,21,Saturday,1,Winter,0.8000310509548206,33.540625,2.4748853077040303,,7,True,True,373.1,219.2,49.4,10.0,13.5,42.9,31.5,373.1,PM2.5,Very Poor
2023-01-22,227.9166667,277.875,16.23958333,28.18229167,28.22916667,41.690625,8.53125,0.752430556,31.39166667,8.361458333,24.76666667,3.157291667,,,,13.77291667,71.88125,,180.996875,0.0,0.0,73.71770833,981.875,,2023,1,Jan,22,Sunday,1,Winter,0.8202129255960414,36.285416670000004,2.962003239584881,,7,True,True,383.2,228.6,35.2,10.4,10.7,37.6,31.4,383.2,PM2.5,Very Poor
2023-01-23,162.2916667,219.5416667,5.778125,28.46875,19.86666667,34.45625,8.790625,0.615972222,31.46458333,7.144791667,14.39270833,2.039583333,,,,14.975,67.47604167,,119.0041667,0.0,0.0,84.584375,981.2052083,,2023,1,Jan,23,Monday,0,Winter,0.739229455344205,23.577083329999997,2.0144335903419424,,7,True,True,333.2,179.9,35.6,8.6,11.0,30.8,31.5,333.2,PM2.5,Very Poor
2023-01-24,98.29166667,161.8333333,3.233333333,27.93958333,17.5,34.83229167,11.41909722,0.469791667,21.48333333,4.809375,12.94479167,1.835416667,,,,16.88125,67.89270833,,82.98854167,0.0,0.0,48.91145833,980.1052083,,2023,1,Jan,24,Tuesday,0,Winter,0.6073635428851418,19.589583337,2.6915746162443144,,7,True,True,228.4,141.8,34.9,8.7,14.3,23.5,21.5,228.4,PM2.5,Poor
2023-01-25,100.0,138.125,5.9625,24.38333333,17.82604167,35.52291667,7.926388889,0.513194444,15.65208333,5.367708333,22.33854167,1.292708333,,,,15.45833333,75.87291667,,183.0479167,0.0,0.0,36.00208333,981.671875,,2023,1,Jan,25,Wednesday,0,Winter,0.7239819004524887,28.998958336,4.161653406662474,,7,True,True,234.0,126.2,30.5,8.9,9.9,25.7,15.7,234.0,PM2.5,Poor
2023-01-26,135.7083333,163.7916667,2.183333333,19.30416667,12.05069444,36.475,6.869791667,0.589930556,19.81354167,3.594791667,10.42916667,0.575,,,,13.7625,77.20729167,,276.3458333,0.0,0.0,35.09166667,984.0989583,,2023,1,Jan,26,Thursday,0,Winter,0.8285423552625708,14.598958337,2.901188062089719,,7,True,True,313.0,143.1,24.1,9.1,8.6,29.5,19.8,313.0,PM2.5,Very Poor
2023-01-27,84.66666667,137.5833333,1.746875,22.84895833,13.57569444,25.36284722,7.946527778,0.55,47.41875,2.8125,23.35,0.407291667,,,,12.85520833,59.82395833,,265.1864583,0.0,0.0,104.6520833,983.85,,2023,1,Jan,27,Friday,0,Winter,0.6153846155579369,26.569791667,8.302222222222223,,7,True,True,182.4,125.8,28.6,6.3,9.9,27.5,47.4,182.4,PM2.5,Moderate
2023-01-28,113.6666667,178.7916667,9.355208333,31.01527778,24.11354167,30.06458333,9.290972222,0.743055556,45.24479167,4.395138889,37.0125,1.11875,,,,13.31875,60.97604167,,256.696875,0.0,0.0,107.3739583,980.6375,,2023,1,Jan,28,Saturday,1,Winter,0.635749242668702,42.526388889,8.421235582027588,,7,True,True,279.1,153.0,38.8,7.5,11.6,37.2,45.2,279.1,PM2.5,Poor
2023-01-29,214.65,279.1,44.16136364,40.07159091,57.31477273,38.89886364,6.382954545,0.974242424,9.978409091,10.52462121,38.12765152,5.242424242,,,,11.76931818,82.45,,98.63522727,0.045454545,0.041666667,22.74772727,980.4818182,,2023,1,Jan,29,Sunday,1,Winter,0.7690791830884987,53.894696972,3.6227100965660313,,7,True,True,373.1,229.8,51.1,9.7,8.0,48.7,10.0,373.1,PM2.5,Very Poor
2023-01-30,72.54545455,94.0,20.75769231,20.01346154,27.56346154,38.73269231,12.03012821,1.069230769,23.77878788,6.178125,21.059375,3.83125,,,,16.36923077,72.72692308,,104.125,0.0,0.0,102.1730769,984.1903846,,2023,1,Jan,30,Monday,0,Winter,0.771760154787234,31.068749999999998,3.4087000505816896,,7,True,True,142.4,94.1,25.0,9.7,15.0,54.4,23.8,142.4,PM2.5,Moderate
2023-01-31,62.0,83.33333333,5.954166667,17.31770833,14.07291667,28.325,6.373958333,0.973263889,24.59166667,2.9625,33.68125,1.252083333,,,,14.88333333,75.26041667,,262.1145833,0.0,0.0,112.2572917,984.4,,2023,1,Jan,31,Tuesday,0,Winter,0.74400000002976,37.895833333,11.369198312236287,,7,True,True,107.6,83.7,21.6,7.1,8.0,48.7,24.6,107.6,PM2.5,Moderate
2023-02-01,74.25,104.0,1.804166667,16.653125,10.33194444,23.90034722,6.925347222,3.166319444,39.9125,2.705208333,22.46458333,0.386458333,,,,14.60833333,67.24166667,,262.303125,0.0,0.0,150.1979167,983.209375,,2023,2,Feb,1,Wednesday,0,Winter,0.7139423076923077,25.556249996,8.304197150349381,,7,True,True,148.0,103.6,20.8,6.0,8.7,115.4,39.9,148.0,PM2.5,Moderate
2023-02-02,78.20833333,135.0,2.011458333,22.39375,13.55347222,24.27083333,9.238541667,2.837534722,43.87048611,3.283333333,42.35520833,0.635416667,,,,15.97604167,58.471875,,263.2697917,0.0,0.0,157.1666667,981.85625,,2023,2,Feb,2,Thursday,0,Winter,0.5793209876296297,46.273958330000006,12.900063452071073,,7,True,True,161.1,124.1,28.0,6.1,11.5,111.4,43.9,161.1,PM2.5,Moderate
2023-02-03,110.125,187.875,5.5375,33.48576389,22.32291667,29.06458333,10.14722222,2.3875,37.12847222,4.165625,34.090625,1.103125,,,,15.525,61.87395833,,251.1635417,0.0,0.0,150.1645833,981.984375,,2023,2,Feb,3,Friday,0,Winter,0.5861610113107119,39.359375,8.183795948987246,,7,True,True,267.4,159.0,41.9,7.3,12.7,105.8,37.1,267.4,PM2.5,Poor
2023-02-04,128.4166667,199.9166667,3.866666667,29.57708333,18.88229167,31.315625,14.03611111,1.750694444,46.7375,4.463541667,27.39583333,1.167708333,,,,16.48854167,61.575,,252.5572917,0.0,0.0,146.0833333,979.453125,,2023,2,Feb,4,Saturday,1,Winter,0.6423509796344559,33.027083329999996,6.137689613730673,,7,True,True,307.4,166.9,37.0,7.8,17.5,87.8,46.7,307.4,PM2.5,Very Poor
2023-02-05,104.7083333,173.0416667,21.71145833,30.86145833,34.12083333,26.82708333,9.904861111,1.060069444,39.890625,4.140625,32.2,1.329166667,,,,16.82708333,60.89375,,256.2927083,0.0,0.0,157.7822917,978.1958333,,2023,2,Feb,5,Sunday,1,Winter,0.6051047432496789,37.669791667000005,7.776603773584906,,7,True,True,249.5,149.2,38.6,6.7,12.4,53.9,39.9,249.5,PM2.5,Poor
2023-02-06,188.8333333,305.625,64.975,42.98541667,75.85104167,33.31631944,11.48680556,1.347569444,43.890625,9.418478261,33.88695652,6.39673913,,,,17.55833333,66.83958333,,86.04583333,0.0,0.0,130.8239583,977.7302083,,2023,2,Feb,6,Monday,0,Winter,0.6178595772597136,49.702173911,3.5979226772034907,,7,True,True,353.4,256.1,54.7,8.3,14.4,68.0,43.9,353.4,PM2.5,Very Poor
2023-02-07,116.5,197.0833333,12.26979167,29.09895833,25.46145833,31.31458333,8.338888889,0.803819444,29.34166667,4.801041667,26.31666667,2.48125,,,,17.63125,63.38541667,,215.3729167,0.0,0.0,148.915625,977.64375,,2023,2,Feb,7,Tuesday,0,Winter,0.5911205074995552,33.598958337,5.481449338564968,,7,True,True,288.4,165.1,36.4,7.8,10.4,40.2,29.3,288.4,PM2.5,Poor
2023-02-08,73.29166667,153.0,3.960416667,32.25208333,20.39513889,23.62534722,10.23923611,0.754166667,42.52708333,3.115625,34.58541667,1.171875,,,,16.41458333,57.02395833,,268.1427083,0.0,0.0,152.5802083,979.8010417,,2023,2,Feb,8,Wednesday,0,Winter,0.4790305011111111,38.87291667,11.100635240120361,,7,True,True,144.9,136.0,40.3,5.9,12.8,37.7,42.5,144.9,PM2.5,Moderate
2023-02-09,106.9166667,201.25,6.785416667,38.65902778,26.09027778,25.65381944,12.315625,0.769791667,45.734375,4.861458333,22.80416667,2.298958333,,,,18.328125,57.65520833,,185.8354167,0.0,0.0,146.4864583,978.2760417,,2023,2,Feb,9,Thursday,0,Winter,0.5312629401242236,29.964583336000004,4.6908078004501945,,7,True,True,256.8,167.8,48.3,6.4,15.4,38.5,45.7,256.8,PM2.5,Poor
2023-02-10,124.75,220.0416667,4.322916667,35.56875,22.44895833,32.53125,15.740625,0.707291667,41.834375,5.1125,18.16041667,1.866666667,,,,19.38229167,61.83333333,,85.28645833,0.0,0.0,133.88125,977.3416667,,2023,2,Feb,10,Friday,0,Winter,0.5669380798232246,25.139583337,3.552159739853301,,7,True,True,304.6,180.2,44.5,8.1,19.7,35.4,41.8,304.6,PM2.5,Very Poor
2023-02-11,147.5454545,208.1363636,6.319791667,31.09895833,21.69756944,35.81041667,11.73506944,0.779513889,39.540625,5.71875,16.596875,1.3375,,,,19.35104167,68.09479167,,215.2666667,0.0,0.0,134.0177083,979.8291667,,2023,2,Feb,11,Saturday,1,Winter,0.7088884034870301,23.653125,2.902185792349727,,7,True,True,322.0,172.4,38.9,9.0,14.7,39.0,39.5,322.0,PM2.5,Very Poor
2023-02-12,48.32291667,125.9895833,1.894791667,19.96354167,12.165625,18.05625,9.929513889,0.840277778,48.37395833,1.941666667,7.013541667,0.40625,,,,16.34270833,50.80729167,,265.0229167,0.0,0.0,162.4416667,983.65,,2023,2,Feb,12,Sunday,1,Winter,0.3835469203428979,9.361458334,3.61212446307088,,7,True,True,80.9,118.2,25.0,4.5,12.4,42.0,48.4,118.2,PM10,Moderate
2023-02-13,39.60069444,145.9270833,1.69375,16.73229167,10.30625,14.73958333,9.545833333,0.569791667,62.71770833,1.979166667,33.56145833,0.251041667,,,,15.25833333,44.84791667,,278.9239583,0.0,0.0,162.9572917,981.665625,,2023,2,Feb,13,Monday,0,Winter,0.2713731649017342,35.791666664000005,16.95736841651244,,7,True,True,66.7,131.3,20.9,3.7,11.9,28.5,63.5,131.3,PM10,Moderate
2023-02-14,52.84375,127.4270833,1.9375,21.521875,13.02534722,17.96458333,11.07638889,0.716319444,65.38333333,2.188541667,23.09270833,0.4,,,,17.24895833,45.34583333,,282.01875,0.0,0.0,157.6760417,981.8197917,,2023,2,Feb,14,Tuesday,0,Winter,0.4146979482814545,25.681249997,10.551642072072097,,7,True,True,88.3,119.1,26.9,4.5,13.8,35.8,66.1,119.1,PM10,Moderate
2023-02-15,89.29166667,181.5833333,1.888541667,26.48020833,15.63020833,23.62797619,13.64965278,0.586458333,58.47291667,3.135416667,35.02395833,0.785416667,,,,18.40729167,53.06145833,,254.75625,0.0,0.0,154.515625,979.3520833,,2023,2,Feb,15,Wednesday,0,Winter,0.49173933007650106,38.944791664,11.170431891437032,,7,True,True,197.7,154.8,33.1,5.9,17.1,29.3,59.3,197.7,PM2.5,Moderate
2023-02-16,172.0833333,273.875,24.58333333,37.18333333,39.83125,32.28277778,10.86354167,0.825347222,43.5125,6.053125,28.14791667,3.126041667,,,,18.07291667,68.89375,,150.3979167,0.0,0.0,129.209375,981.140625,,2023,2,Feb,16,Thursday,0,Winter,0.6283280083979917,37.327083337000005,4.650146274858028,,7,True,True,340.7,224.6,46.5,8.1,13.6,41.3,43.5,340.7,PM2.5,Very Poor
2023-02-17,253.3636364,363.1363636,16.9125,43.309375,36.80104167,39.16759259,10.54861111,1.175694444,55.971875,8.330208333,25.953125,3.701041667,,,,19.24270833,69.89166667,,174.9583333,0.0,0.0,112.4270833,982.3520833,,2023,2,Feb,17,Friday,0,Winter,0.6977093505267452,37.984375,3.115543328872949,,7,True,True,402.3,317.3,55.1,9.8,13.2,59.6,56.9,402.3,PM2.5,Severe
2023-02-18,203.8333333,324.9166667,38.43854167,41.15659722,53.25833333,37.20909091,10.97777778,0.971527778,45.265625,6.725,44.528125,4.540625,,,,19.35520833,67.87395833,,273.1666667,0.0,0.0,130.5979167,981.546875,,2023,2,Feb,18,Saturday,1,Winter,0.6273403435109166,55.79375,6.621282527881042,,7,True,True,364.8,275.2,52.4,9.3,13.7,48.6,45.3,364.8,PM2.5,Very Poor
2023-02-19,187.4347826,243.9565217,8.385416667,32.47708333,24.115625,35.91481481,11.94826389,0.948958333,56.30208333,6.5,23.07708333,2.726041667,,,,19.05208333,70.759375,,152.3104167,0.0,0.0,120.7364583,980.5166667,,2023,2,Feb,19,Sunday,1,Winter,0.7683122438944004,32.303124997,3.5503205123076924,,7,True,True,352.4,196.0,40.6,9.0,14.9,47.4,57.2,352.4,PM2.5,Very Poor
2023-02-20,170.875,251.8333333,5.85,39.73194444,25.89375,35.82731481,12.37534722,0.838888889,52.26770833,6.989583333,16.540625,2.559375,,,,21.98229167,64.30625,,93.75625,0.0,0.0,141.253125,977.6979167,,2023,2,Feb,20,Monday,0,Winter,0.6785241562777663,26.089583332999997,2.366467958384094,,7,True,True,339.7,202.8,49.7,9.0,15.5,41.9,53.2,339.7,PM2.5,Very Poor
2023-02-21,145.4673913,222.2137681,3.696875,32.165625,20.12291667,35.74342105,12.19930556,1.169927536,51.62708333,5.514583333,34.55833333,2.25625,,,,22.23333333,63.25416667,,186.8625,0.0,0.0,147.1791667,977.1541667,,2023,2,Feb,21,Tuesday,0,Winter,0.6546281652293353,42.329166663,6.266717037930743,,7,True,True,320.4,181.7,40.2,8.9,15.2,59.3,52.6,320.4,PM2.5,Very Poor
2023-02-22,138.6704545,193.5243056,10.19479167,31.46666667,25.06736111,33.00833333,11.92604167,0.877083333,36.871875,5.385416667,38.9625,3.176041667,,,,19.928125,68.6625,,253.7677083,0.0,0.0,121.6604167,979.2729167,,2023,2,Feb,22,Wednesday,0,Winter,0.7165531692263053,47.523958334,7.234816247134401,,7,True,True,315.2,162.7,39.3,8.3,14.9,43.9,36.9,315.2,PM2.5,Very Poor
2023-02-23,81.90625,139.2083333,4.952083333,24.91944444,17.30416667,21.88804348,8.575694444,1.033730159,42.04270833,2.983333333,27.45520833,1.725,,,,19.72604167,60.75833333,,264.7572917,0.0,0.0,168.4145833,979.3708333,,2023,2,Feb,23,Thursday,0,Winter,0.5883717451274162,32.163541663000004,9.202863128402555,,7,True,True,173.3,126.9,31.1,5.5,10.7,52.7,42.0,173.3,PM2.5,Moderate
2023-02-24,82.8125,159.2395833,4.215625,29.57708333,19.12638889,18.67916667,11.12361111,0.947569444,51.79791667,2.457291667,36.78020833,1.109375,,,,20.203125,55.925,,264.8604167,0.0,0.0,154.771875,981.0291667,,2023,2,Feb,24,Friday,0,Winter,0.5200497155533564,40.346874997,14.967782955493986,,7,True,True,176.3,140.1,37.0,4.7,13.9,47.4,52.8,176.3,PM2.5,Moderate
2023-02-25,119.0208333,185.7708333,5.205208333,32.14479167,21.32638889,21.73020833,14.08888889,1.162152778,51.059375,2.944791667,19.45208333,1.310416667,,,,20.334375,61.33854167,,238.9666667,0.0,0.0,146.4770833,982.7677083,,2023,2,Feb,25,Saturday,1,Winter,0.6406863294185374,23.707291664,6.605588961685961,,7,True,True,296.8,157.6,40.2,5.4,17.6,58.9,52.0,296.8,PM2.5,Poor
2023-02-26,141.4270833,202.5625,20.88333333,33.028125,34.5875,23.57326389,22.76423611,1.036805556,59.909375,4.425,16.39791667,1.5875,,,,20.828125,63.56041667,,81.93541667,0.0,0.0,129.5010417,984.3114583,,2023,2,Feb,26,Sunday,1,Winter,0.6981898589324282,22.41041667,3.705743880225989,,7,True,True,317.3,168.7,41.3,5.9,28.5,52.8,60.7,317.3,PM2.5,Very Poor
2023-02-27,128.1041667,222.21875,27.059375,32.54965278,39.39375,22.97048611,13.92673611,1.244444444,44.5375,4.034375,22.56145833,2.165625,,,,21.71979167,60.54895833,,222.0072917,0.0,0.0,143.8020833,983.8541667,,2023,2,Feb,27,Monday,0,Winter,0.5764777576149628,28.76145833,5.592305705344694,,7,True,True,307.2,181.7,40.7,5.7,17.4,63.0,44.5,307.2,PM2.5,Very Poor
2023-02-28,104.6666667,196.0,14.60416667,27.98854167,26.80520833,22.70972222,13.68472222,0.859375,41.17916667,3.785416667,21.821875,2.617708333,,,,21.18854167,59.21666667,,230.2177083,0.0,0.0,137.9770833,983.909375,,2023,2,Feb,28,Tuesday,0,Winter,0.5340136056122449,28.224999999999998,5.7647220688374485,,7,True,True,249.4,164.4,35.0,5.7,17.1,43.0,41.2,249.4,PM2.5,Poor
2023-03-01,66.70833333,157.5416667,8.301041667,22.378125,18.68020833,20.12395833,14.97291667,1.059469697,37.125,3.415625,19.44895833,2.276041667,,,,21.62083333,52.48020833,,169.3895833,0.0,0.0,129.1697917,985.2989583,,2023,3,Mar,1,Wednesday,0,Summer,0.4234329541341586,25.140624997,5.694114058188473,,7,True,True,123.1,139.0,28.0,5.0,18.7,53.9,37.1,139.0,PM10,Moderate
2023-03-02,101.6666667,195.2083333,14.12395833,31.51979167,28.3125,21.69340278,16.89861111,1.110763889,36.1,4.180208333,29.06458333,2.733333333,,,,21.77395833,56.17291667,,258.253125,0.0,0.0,152.9229167,985.1625,,2023,3,Mar,2,Thursday,0,Summer,0.5208110995126252,35.978124996,6.952903064795646,,7,True,True,239.5,163.8,39.4,5.4,21.1,56.4,36.1,239.5,PM2.5,Poor
2023-03-03,56.29166667,118.625,2.777083333,20.33125,13.07708333,22.38854167,11.00104167,0.821527778,37.18958333,2.191666667,14.01666667,0.460416667,,,,23.12083333,55.64270833,,271.525,0.0,0.0,156.6572917,985.33125,,2023,3,Mar,3,Friday,0,Summer,0.4745345978503688,16.668750004,6.395437262905637,,7,True,True,93.9,113.3,25.4,5.6,13.8,41.1,37.2,113.3,PM10,Moderate
2023-03-04,51.58333333,126.625,2.069791667,17.82743056,11.18645833,22.38194444,14.63194444,1.044444444,42.29583333,2.413541667,20.01666667,0.441666667,,,,21.38854167,56.315625,,260.21875,0.0,0.0,111.428125,985.6541667,,2023,3,Mar,4,Saturday,1,Summer,0.4073708456465943,22.871875004,8.29348295232891,,7,True,True,86.3,118.6,22.3,5.6,18.3,53.2,42.3,118.6,PM10,Moderate
2023-03-05,59.08680556,105.3854167,2.092708333,16.19270833,10.31458333,19.87083333,13.93541667,1.029513889,46.40208333,2.586458333,13.13229167,0.515625,,,,23.00833333,54.35729167,,273.9520833,0.0,0.0,167.015625,984.521875,,2023,3,Mar,5,Sunday,1,Summer,0.5606734537872734,16.234375003,5.0773258174888225,,7,True,True,98.5,104.6,20.2,5.0,17.4,52.4,46.4,104.6,PM10,Moderate
2023-03-06,63.16666667,129.21875,2.327083333,19.821875,12.453125,19.21979167,14.90972222,0.914930556,52.434375,2.46875,6.398958333,0.403125,,,,22.30520833,55.725,,273.8260417,0.0,0.0,169.9385417,982.346875,,2023,3,Mar,6,Monday,0,Summer,0.4888351471438936,9.270833332999999,2.591983122227848,,7,True,True,111.5,120.3,24.8,4.8,18.6,45.7,53.4,120.3,PM10,Moderate
2023-03-07,104.6875,163.25,8.46875,30.43854167,23.10208333,18.52083333,15.49479167,1.160069444,46.06354167,4.84375,21.86979167,1.532291667,,,,21.90729167,54.01458333,,268.409375,0.0,0.0,164.590625,981.9739583,,2023,3,Mar,7,Tuesday,0,Summer,0.641271056661562,28.245833337,4.515053764129033,,7,True,True,249.5,142.7,38.0,4.6,19.4,58.8,46.1,249.5,PM2.5,Poor
2023-03-08,114.3888889,162.84375,16.478125,22.11354167,25.19791667,18.86076389,16.27256944,0.894444444,49.20902778,5.3125,13.19895833,2.05625,,,,21.94375,55.85104167,,212.8791667,0.0,0.0,152.0979167,982.9958333,,2023,3,Mar,8,Wednesday,0,Summer,0.702445681212819,20.56770833,2.4845098032941175,,7,True,True,281.5,142.5,27.6,4.7,20.3,44.7,49.2,281.5,PM2.5,Poor
2023-03-09,56.21153846,106.9210526,3.45,14.575,10.57465278,17.28854167,13.02638889,0.692083333,52.18020833,2.354166667,3.967708333,0.347916667,,,,22.56041667,54.76979167,,192.9947917,0.0,0.0,125.4760417,982.9104167,,2023,3,Mar,9,Thursday,0,Summer,0.5257293778269445,6.669791667,1.6853982297082624,,7,True,True,93.8,105.6,18.2,4.3,16.3,34.6,53.1,105.6,PM10,Moderate
2023-03-10,95.59722222,204.1354167,6.989583333,27.740625,20.47395833,19.66875,15.78125,1.364930556,42.18541667,3.15625,17.32291667,1.113541667,,,,22.4625,60.10416667,,256.3895833,0.0,0.0,155.7052083,981.9385417,,2023,3,Mar,10,Friday,0,Summer,0.4683029714559081,21.592708337,5.488448845940595,,7,True,True,219.5,169.7,34.7,4.9,19.7,68.9,42.2,219.5,PM2.5,Poor
2023-03-11,110.625,212.0520833,15.04375,25.51041667,25.828125,22.65486111,15.69826389,1.518402778,49.6125,3.98125,14.23333333,1.922916667,,,,22.78229167,56.83541667,,264.7520833,0.0,0.0,160.3114583,981.5791667,,2023,3,Mar,11,Saturday,1,Summer,0.5216878715758413,20.137499997,3.575091574254317,,7,True,True,269.1,175.0,31.9,5.7,19.6,76.4,49.6,269.1,PM2.5,Poor
2023-03-12,106.9090909,185.4772727,24.44583333,26.20625,33.87291667,21.24791667,16.02708333,1.379861111,46.8719697,3.664583333,15.375,2.483333333,,,,21.50208333,57.3125,,291.2895833,0.0,0.0,23.20833333,980.2958333,,2023,3,Mar,12,Sunday,1,Summer,0.5763999510221395,21.522916666,4.195565662689762,,7,True,True,256.8,157.4,32.8,5.3,20.0,69.6,46.9,256.8,PM2.5,Poor
2023-03-13,123.2395833,241.6041667,24.48263889,28.28645833,35.009375,22.11666667,19.20729167,1.421180556,43.14270833,3.072916667,16.59791667,2.386458333,,,,24.14583333,55.8,,278.5510417,0.0,0.0,153.5770833,979.48125,,2023,3,Mar,13,Monday,0,Summer,0.5100888158647804,22.05729167,5.401355932702226,,7,True,True,303.5,194.5,35.4,5.5,24.0,71.6,43.1,303.5,PM2.5,Very Poor
2023-03-14,133.03125,245.53125,15.74270833,28.31770833,27.91458333,26.31180556,21.09131944,1.246875,42.95208333,2.166666667,26.740625,2.770833333,,,,24.16666667,56.79270833,,210.0041667,0.0,0.0,157.0322917,976.7041667,,2023,3,Mar,14,Tuesday,0,Summer,0.5418098510882016,31.678125,12.341826921178182,,7,True,True,310.9,197.1,35.4,6.6,26.4,63.1,43.0,310.9,PM2.5,Very Poor
2023-03-15,116.0416667,242.8229167,40.646875,27.1375,47.56979167,23.55520833,19.32534722,1.003472222,56.78333333,2.963541667,24.71875,3.682291667,,,,23.965625,57.028125,,131.3895833,0.0,0.0,143.3177083,975.6697917,,2023,3,Mar,15,Wednesday,0,Summer,0.47788597664925414,31.364583334000002,8.340949032453743,,7,True,True,286.9,195.3,33.9,5.9,24.2,51.2,57.6,286.9,PM2.5,Poor
2023-03-16,132.0833333,237.7395833,2.40625,25.24479167,15.40208333,21.71180556,24.89930556,0.857291667,62.99895833,4.685416667,9.328125,0.966666667,,,,25.08020833,49.78958333,,106.2510417,0.0,0.0,113.3,976.5510417,,2023,3,Mar,16,Thursday,0,Summer,0.5555798974095366,14.980208334,1.9908848375640098,,7,True,True,310.2,191.9,31.6,5.4,31.1,42.9,63.7,310.2,PM2.5,Very Poor
2023-03-17,89.23958333,209.6666667,2.897916667,28.38784722,17.44479167,19.16319444,18.14930556,0.902430556,53.6875,3.952083333,16.43229167,1.582291667,,,,23.30625,50.74270833,,130.7770833,0.0,0.0,105.6802083,978.1604167,,2023,3,Mar,17,Friday,0,Summer,0.42562599355713415,21.966666670000002,4.157880865717059,,7,True,True,197.5,173.4,35.5,4.8,22.7,45.1,54.6,197.5,PM2.5,Moderate
2023-03-18,65.34722222,93.125,1.935526316,15.42083333,9.734210526,20.03289474,9.192916667,0.538596491,30.34125,1.522368421,4.632894737,0.709210526,,,,19.29625,69.97,,87.63625,0.61875,0.515625,56.75875,977.84125,,2023,3,Mar,18,Saturday,1,Summer,0.701715137932886,6.864473684,3.043215211963465,,7,True,True,118.6,93.3,19.3,5.0,11.5,26.9,30.3,118.6,PM2.5,Moderate
2023-03-19,52.2,128.65,6.79,25.415,18.99,26.39375,10.00333333,1.765,,0.945,8.09,2.51,,,,20.20833333,66.55,,182.2666667,0.0,0.0,4.533333333,973.7958333,,2023,3,Mar,19,Sunday,1,Summer,0.4057520404197435,11.545,8.560846560846562,,6,True,True,87.3,119.9,31.8,6.6,12.5,88.5,,119.9,PM10,Moderate
2023-03-20,62.79166667,136.6770833,10.134375,20.78020833,19.31666667,26.31041667,11.4625,0.777777778,,1.467708333,16.87916667,2.111458333,,,,19.47916667,71.40520833,,121.7614583,0.307291667,0.307291667,93.33229167,974.1395833,,2023,3,Mar,20,Monday,0,Summer,0.45941620316973797,20.458333336000003,11.500354866486951,,6,True,True,110.2,125.2,26.0,6.6,14.3,38.9,,125.2,PM10,Moderate
2023-03-21,32.30208333,48.61458333,1.827083333,8.0625,5.782291667,22.321875,10.24861111,1.129166667,22.74642857,0.976041667,4.948958333,0.30625,,,,19.00833333,72.41145833,,115.1239583,0.0,0.0,145.571875,975.325,,2023,3,Mar,21,Tuesday,0,Summer,0.6644525390813424,6.23125,5.070437564629093,,7,True,True,54.8,48.6,10.1,5.6,12.8,57.3,22.7,57.3,CO,Satisfactory
2023-03-22,66.55208333,109.3854167,2.744791667,16.79270833,11.17291667,18.56666667,12.33055556,3.616388889,48.23125,2.271875,14.59895833,0.552083333,,,,20.6875,65.48229167,,137.0135417,0.0,0.0,181.3645833,976.6479167,,2023,3,Mar,22,Wednesday,0,Summer,0.6084182456654663,17.422916663,6.425951396973865,,7,True,True,122.6,107.2,21.0,4.6,15.4,121.0,48.2,122.6,PM2.5,Moderate
2023-03-23,89.8125,199.0208333,8.5875,21.24895833,18.3125,12.29201389,17.10868056,4.015362319,36.72916667,2.448958333,15.53854167,0.853125,,,,22.26770833,61.48645833,,256.2520833,0.0,0.0,202.0208333,975.3385417,,2023,3,Mar,23,Thursday,0,Summer,0.45127185184989377,18.840625003,6.344959593887872,,7,True,True,199.4,166.4,26.6,3.1,21.4,125.9,36.7,199.4,PM2.5,Moderate
2023-03-24,97.98958333,182.3333333,9.170833333,22.50729167,19.43784722,16.559375,13.8875,1.780208333,28.86354167,1.826041667,23.57916667,2.270833333,,,,21.2875,65.28229167,,110.4958333,0.09375,0.09375,96.65208333,975.2895833,,2023,3,Mar,24,Friday,0,Summer,0.5374200183615028,27.676041669999996,12.912721049097508,,7,True,True,227.4,155.3,28.1,4.1,17.4,89.2,28.9,227.4,PM2.5,Poor
2023-03-25,36.0,75.70833333,2.873958333,14.34479167,9.973958333,15.54375,13.25347222,1.402430556,53.51979167,0.760416667,5.3,0.496875,,,,22.28229167,62.3375,,119.2114583,0.010416667,0.010416667,164.6697917,977.9614583,,2023,3,Mar,25,Saturday,1,Summer,0.4755090809235227,6.557291667,6.969863010643348,,7,True,True,60.8,76.2,17.9,3.9,16.6,70.7,54.4,76.2,PM10,Satisfactory
2023-03-26,57.15625,151.8333333,1.997916667,12.215625,8.123958333,14.69895833,14.75763889,1.368055556,47.54895833,1.503125,7.071875,0.713541667,,,,22.88541667,55.146875,,202.5666667,0.0,0.0,200.6427083,977.53125,,2023,3,Mar,26,Sunday,1,Summer,0.3764407245612384,9.288541667,4.704781704781705,,7,True,True,95.4,135.2,15.3,3.7,18.4,69.0,47.5,135.2,PM10,Moderate
2023-03-27,55.16666667,134.125,2.230208333,14.403125,9.489583333,14.16145833,15.22881944,1.100347222,51.73125,1.432291667,12.11354167,0.463541667,,,,21.94479167,57.32604167,,279.3666667,0.0,0.0,215.0125,976.8875,,2023,3,Mar,27,Monday,0,Summer,0.4113078596085741,14.009375003999999,8.457454545813537,,7,True,True,92.1,123.5,18.0,3.5,19.0,55.9,52.7,123.5,PM10,Moderate
2023-03-28,75.55208333,163.7916667,6.205208333,17.71145833,14.49479167,14.11875,16.71145833,1.085763889,50.7375,1.846875,11.39479167,1.373958333,,,,22.72291667,55.715625,,164.8333333,0.0,0.0,213.315625,976.7864583,,2023,3,Mar,28,Tuesday,0,Summer,0.4612693969857503,14.615625003000002,6.169768755329949,,7,True,True,152.3,143.1,22.1,3.5,20.9,55.2,51.7,152.3,PM2.5,Moderate
2023-03-29,100.5833333,200.5833333,3.467708333,22.475,14.78541667,15.57708333,25.81111111,1.689236111,73.69791667,2.99375,8.203125,0.646875,,,,24.41875,53.28854167,,97.11354167,0.0,0.0,169.9645833,977.2583333,,2023,3,Mar,29,Wednesday,0,Summer,0.5014540921481436,11.84375,2.7400835073068897,,7,True,True,235.9,167.4,28.1,3.9,32.3,84.8,74.2,235.9,PM2.5,Poor
2023-03-30,64.66666667,138.5833333,2.145833333,16.14375,10.32986111,15.47395833,15.95972222,1.01625,61.96145833,1.698958333,8.469791667,0.797916667,,,,23.25833333,58.17083333,,148.9177083,0.385416667,0.385416667,172.0458333,975.6885417,,2023,3,Mar,30,Thursday,0,Summer,0.46662657860893003,10.966666667000002,4.985285102339235,,7,True,True,116.4,126.5,20.2,3.9,19.9,51.8,62.7,126.5,PM10,Moderate
2023-03-31,23.79166667,42.91666667,1.860416667,13.390625,8.650694444,16.67083333,11.03645833,0.914027778,51.296875,0.596875,9.055208333,0.409375,,,,20.00555556,68.3625,,128.721875,0.057291667,0.057291667,153.3885417,975.3625,,2023,3,Mar,31,Friday,0,Summer,0.5543689320734472,10.061458333000001,15.171029667853402,,7,True,True,39.7,42.9,16.7,4.2,13.8,45.7,52.3,52.3,Ozone,Satisfactory
2023-04-01,49.58333333,86.58333333,2.026041667,13.19791667,8.671875,16.75104167,12.71076389,1.039930556,62.25,1.291666667,7.571875,0.434375,,,,20.346875,68.82083333,,107.6333333,0.005208333,0.005208333,168.5385417,975.971875,,2023,4,Apr,1,Saturday,1,Summer,0.5726660250076099,9.297916666999999,5.862096772680749,,7,True,True,83.0,86.9,16.5,4.2,15.9,53.0,63.0,86.9,PM10,Satisfactory
2023-04-02,59.66666667,110.7083333,3.240625,16.97291667,11.671875,15.98125,11.81284722,1.196527778,47.415625,1.346875,8.885416667,0.516666667,,,,22.60416667,63.38125,,138.190625,0.0,0.0,189.403125,974.7760417,,2023,4,Apr,2,Sunday,1,Summer,0.538953707380942,10.748958334000001,6.597061098468677,,7,True,True,99.5,108.1,21.2,4.0,14.8,60.6,47.4,108.1,PM10,Moderate
2023-04-03,73.83333333,140.8333333,2.891666667,13.121875,9.351041667,15.86770833,12.34340278,1.064236111,42.81041667,0.870833333,5.473958333,0.38125,,,,23.56354167,59.73854167,,96.47083333,0.005208333,0.005208333,206.353125,973.5135417,,2023,4,Apr,3,Monday,0,Summer,0.5242603551300025,6.7260416659999995,6.28588516948742,,7,True,True,146.6,127.9,16.4,4.0,15.4,54.1,42.8,146.6,PM2.5,Moderate
2023-04-04,42.41666667,111.3333333,2.426041667,13.28888889,9.044791667,14.67083333,14.02048611,0.814930556,54.80347222,1.0125,4.48125,0.319791667,,,,24.36354167,51.62395833,,197.6572917,0.0,0.0,206.775,975.8552083,,2023,4,Apr,4,Tuesday,0,Summer,0.38098802409610416,5.813541667,4.4259259259259265,,7,True,True,71.3,108.5,16.6,3.7,17.5,40.7,55.7,108.5,PM10,Moderate
2023-04-05,51.04166667,178.7083333,7.094791667,23.79479167,18.44166667,13.28645833,16.36944444,1.161805556,42.76354167,1.361458333,14.56770833,0.865625,,,,24.16458333,49.40729167,,269.1447917,0.0,0.0,223.5520833,976.575,,2023,4,Apr,5,Wednesday,0,Summer,0.28561436239414584,16.794791663,10.700076511265513,,7,True,True,85.4,152.9,29.7,3.3,20.5,58.9,42.8,152.9,PM10,Moderate
2023-04-06,36.45833333,145.0,2.16875,16.16145833,10.38680556,11.290625,13.03368056,0.919097222,54.70416667,1.170833333,9.833333333,0.832291667,,,,25.25208333,42.81666667,,220.684375,0.0,0.0,211.3333333,978.925,,2023,4,Apr,6,Thursday,0,Summer,0.2514367815862069,11.836458333,8.398576514561872,,7,True,True,61.5,130.7,20.2,2.8,16.3,46.0,55.6,130.7,PM10,Moderate
2023-04-07,49.79166667,170.4583333,3.192708333,23.3625,15.02916667,11.56458333,17.80625,1.075694444,51.05208333,1.788541667,21.71041667,1.115625,,,,25.06875,41.85833333,,260.3802083,0.0,0.0,231.6791667,980.1541667,,2023,4,Apr,7,Friday,0,Summer,0.29210461997401216,24.614583337000003,12.138613860987562,,7,True,True,83.3,147.5,29.2,2.9,22.3,54.7,52.0,147.5,PM10,Moderate
2023-04-08,48.83333333,162.375,4.321875,24.4875,16.54895833,12.07916667,14.61458333,0.839236111,59.471875,1.703125,22.64270833,0.6375,,,,25.246875,38.43854167,,244.89375,0.0,0.0,232.771875,980.4791667,,2023,4,Apr,8,Saturday,1,Summer,0.30074416215550426,24.98333333,13.294801221284404,,7,True,True,81.8,142.2,30.6,3.0,18.3,42.0,60.3,142.2,PM10,Moderate
2023-04-09,109.7083333,259.5,16.17708333,31.16354167,29.76875,15.75625,20.77291667,0.661805556,57.62862319,3.689583333,29.33958333,1.698958333,,,,25.64270833,40.215625,,227.6635417,0.0,0.0,217.0854167,980.28125,,2023,4,Apr,9,Sunday,1,Summer,0.4227681437379576,34.728124996,7.952004517036884,,7,True,True,266.0,210.4,39.0,3.9,26.0,33.1,58.5,266.0,PM2.5,Poor
2023-04-10,112.0,294.9583333,22.090625,38.47708333,38.49166667,16.37534722,23.69618056,0.827777778,56.70625,3.764583333,24.09375,2.3125,,,,25.909375,39.71666667,,248.4635417,0.0,0.0,198.584375,978.5364583,,2023,4,Apr,10,Monday,0,Summer,0.3797146490046294,30.170833333,6.400110681252915,,7,True,True,273.6,245.5,48.1,4.1,29.6,41.4,57.6,273.6,PM2.5,Poor
2023-04-11,148.9583333,345.5416667,7.223958333,34.63229167,24.31666667,18.44305556,31.86875,0.645138889,57.13876812,3.728125,27.246875,1.785416667,,,,27.9125,37.40416667,,265.35,0.0,0.0,212.1395833,977.70625,,2023,4,Apr,11,Tuesday,0,Summer,0.43108645832088877,32.760416667,7.308466051969824,,7,True,True,323.1,295.6,43.3,4.6,39.8,32.3,58.0,323.1,PM2.5,Very Poor
2023-04-12,74.91666667,248.5,3.36875,27.65381944,17.47708333,17.88888889,24.21111111,0.519791667,55.8375,2.525,20.19166667,1.542708333,,,,29.07604167,37.38541667,,258.55,0.0,0.0,177.6572917,977.2552083,,2023,4,Apr,12,Wednesday,0,Summer,0.3014755197987927,24.259375003,7.996699671287129,,7,True,True,150.2,199.0,34.6,4.5,30.3,26.0,56.7,199.0,PM10,Moderate
2023-04-13,90.20833333,281.9270833,9.541319444,31.98055556,24.71076389,17.78560606,20.41180556,0.707638889,48.70451389,2.932291667,20.08958333,1.415625,,,,29.73333333,36.74479167,,258.0052083,0.0,0.0,208.8520833,975.4822917,,2023,4,Apr,13,Thursday,0,Summer,0.3199704415556588,24.437499997,6.8511545273916985,,7,True,True,201.7,232.6,40.0,4.4,25.5,35.4,48.7,232.6,PM10,Poor
2023-04-14,116.6770833,317.6875,11.9625,41.96631944,32.08298611,16.815625,26.36631944,1.146180556,50.06076389,3.746875,23.02395833,2.152083333,,,,30.040625,34.90520833,,243.478125,0.0,0.0,202.1020833,974.6677083,,2023,4,Apr,14,Friday,0,Summer,0.36726998481211887,28.922916663,6.144842923769808,,7,True,True,289.0,268.0,53.4,4.2,33.0,58.2,51.1,289.0,PM2.5,Poor
2023-04-15,154.9479167,352.625,14.95416667,47.76805556,37.77916667,17.83541667,34.48020833,0.969097222,63.42604167,4.30625,20.87708333,2.564583333,,,,30.32708333,35.18020833,,177.409375,0.0,0.0,192.9447917,974.1041667,,2023,4,Apr,15,Saturday,1,Summer,0.43941273789436375,27.747916663000005,4.84808901712627,,7,True,True,327.6,304.2,60.5,4.5,43.1,48.5,64.2,327.6,PM2.5,Very Poor
2023-04-16,74.75,227.8923611,6.523958333,35.04375,23.96666667,17.428125,21.021875,0.980555556,29.21145833,3.540625,13.58645833,1.497916667,,,,31.09166667,35.92708333,,210.2083333,0.0,0.0,193.6708333,973.3614583,,2023,4,Apr,16,Sunday,1,Summer,0.3280057288414307,18.624999996999996,3.8373050887908207,,7,True,True,149.7,185.4,43.8,4.4,26.3,49.0,29.2,185.4,PM10,Moderate
2023-04-17,74.75,304.125,32.24166667,42.59583333,49.02430556,18.54201389,19.89618056,1.012083333,63.5921875,2.516666667,15.9942029,2.236956522,,,,31.45833333,37.25520833,,231.553125,0.0,0.0,203.9166667,973.171875,,2023,4,Apr,17,Monday,0,Summer,0.24578709412248254,20.747826089,6.355312409754263,,7,True,True,149.7,254.6,54.2,4.6,24.9,51.6,64.3,254.6,PM10,Poor
2023-04-18,119.1666667,383.8333333,37.30520833,40.02083333,51.671875,21.84513889,23.53923611,0.908680556,34.91979167,3.123958333,27.99166667,3.426041667,,,,31.925,37.484375,,255.4833333,0.0,0.0,193.8104167,974.2614583,,2023,4,Apr,18,Tuesday,0,Summer,0.3104646114902705,34.54166667,8.960320108725343,,7,True,True,297.3,342.9,51.0,5.5,29.4,45.4,34.9,342.9,PM10,Very Poor
2023-04-19,58.33333333,263.2727273,2.026041667,17.82916667,11.14583333,20.01770833,14.81041667,0.645289855,57.10833333,0.95,9.910416667,0.566666667,,,,30.25104167,39.78125,,168.4447917,0.0,0.0,181.540625,972.3104167,,2023,4,Apr,19,Wednesday,0,Summer,0.22156998154817992,11.427083333999999,10.432017544210527,,7,True,True,97.3,214.1,22.3,5.0,18.5,32.3,58.0,214.1,PM10,Poor
2023-04-20,40.11458333,155.7916667,3.3875,23.06736111,15.05729167,20.43090278,14.26701389,0.684375,48.096875,1.3,11.334375,0.811458333,,,,29.025,41.22916667,,233.2822917,0.0,0.0,192.3510417,969.4447917,,2023,4,Apr,20,Thursday,0,Summer,0.2574886332479297,13.445833333,8.71875,,7,True,True,67.5,137.8,28.8,5.1,17.8,34.2,48.1,137.8,PM10,Moderate
2023-04-21,39.75,161.4583333,1.833333333,15.1375,9.557291667,18.29166667,13.77638889,0.738194444,73.91041667,1.345833333,4.651041667,0.241666667,,,,28.49895833,40.30625,,132.8354167,0.0,0.0,186.259375,970.55625,,2023,4,Apr,21,Friday,0,Summer,0.24619354843792385,6.238541667,3.4558823540448005,,7,True,True,66.9,141.6,18.9,4.6,17.2,36.9,74.4,141.6,PM10,Moderate
2023-04-22,41.125,167.4166667,1.828125,12.825,8.31875,15.45416667,15.98506944,0.648958333,87.621875,1.720833333,2.629166667,0.104166667,,,,28.521875,36.42083333,,111.446875,0.0,0.0,186.090625,971.80625,,2023,4,Apr,22,Saturday,1,Summer,0.24564459925422705,4.454166667,1.5278450368092675,,7,True,True,69.2,145.5,16.0,3.9,20.0,32.4,87.9,145.5,PM10,Moderate
2023-04-23,23.625,121.3333333,2.16,20.15079365,12.29603175,12.75714286,9.568055556,0.60625,67.96777778,1.038541667,5.698958333,0.236458333,,,,25.92916667,36.71666667,,217.9479167,0.005208333,0.005208333,113.8260417,973.6625,,2023,4,Apr,23,Sunday,1,Summer,0.19471153851503062,6.973958333000001,5.48746238507925,,7,True,True,39.4,115.1,25.2,3.2,12.0,30.3,68.6,115.1,PM10,Moderate
2023-04-24,79.0,207.75,6.584375,29.58194444,21.12326389,16.803125,21.55798611,0.515277778,75.73421053,2.892708333,9.172916667,0.688541667,,,,25.23645833,42.41875,,129.4114583,0.0,0.0,166.8583333,976.675,,2023,4,Apr,24,Monday,0,Summer,0.3802647412755716,12.754166667,3.1710478938907944,,7,True,True,163.7,172.1,37.0,4.2,26.9,25.8,76.2,172.1,PM10,Moderate
2023-04-25,74.89583333,200.2916667,2.190625,23.68854167,14.38541667,20.99583333,13.95208333,0.834027778,80.04270833,3.503125,4.496875,0.472916667,,,,26.21458333,43.68645833,,91.85,0.0,0.0,198.31875,977.8989583,,2023,4,Apr,25,Tuesday,0,Summer,0.3739338463950183,8.472916667,1.2836752899197146,,7,True,True,150.2,167.2,29.6,5.2,17.4,41.7,80.4,167.2,PM10,Moderate
2023-04-26,108.9166667,262.375,3.058333333,32.84583333,19.96180556,23.93472222,19.10659722,0.838541667,89.94166667,3.497916667,5.43125,0.5125,,,,27.98125,43.55625,,87.90625,0.0,0.0,170.8552083,974.5822917,,2023,4,Apr,26,Wednesday,0,Summer,0.41511831043353975,9.441666667,1.5527099462486995,,7,True,True,263.4,213.3,41.1,6.0,23.9,41.9,90.1,263.4,PM2.5,Poor
2023-04-27,108.125,257.0434783,4.05,35.94444444,22.42222222,24.23159722,14.18055556,0.693402778,87.05729167,3.772916667,12.134375,1.3875,,,,29.096875,41.49479167,,129.275,0.0,0.0,162.2739583,974.0614583,,2023,4,Apr,27,Thursday,0,Summer,0.4206486805854899,17.294791667000002,3.2161789063972455,,7,True,True,260.8,208.0,44.9,6.1,17.7,34.7,87.3,260.8,PM2.5,Poor
2023-04-28,82.375,191.125,5.547916667,34.95,23.12708333,26.74895833,17.49826389,0.733680556,68.12951389,2.73125,10.690625,1.011458333,,,,26.96145833,45.26354167,,187.8083333,0.0,0.0,109.00625,975.3791667,,2023,4,Apr,28,Friday,0,Summer,0.43100065402223675,14.433333333,3.914187643020595,,7,True,True,174.8,161.1,43.7,6.7,21.9,36.7,68.8,174.8,PM2.5,Moderate
2023-04-29,102.0833333,282.7916667,18.75104167,41.16145833,37.05034722,27.67847222,18.31527778,0.869791667,42.95208333,2.866666667,17.5125,2.884375,,,,27.01875,46.30625,,219.103125,0.0,0.0,114.24375,974.184375,,2023,4,Apr,29,Saturday,1,Summer,0.36098423440565974,23.263541667,6.109011627196626,,7,True,True,240.9,233.5,52.4,6.9,22.9,43.5,43.0,240.9,PM2.5,Poor
2023-04-30,54.79166667,119.75,2.854166667,23.528125,14.84270833,24.92881944,11.00972222,0.423611111,57.278125,1.219791667,4.56875,0.573958333,,,,25.01770833,52.23645833,,104.9520833,0.0,0.0,72.821875,973.7541667,,2023,4,Apr,30,Sunday,1,Summer,0.4575504523590814,6.3625,3.745516651410277,,7,True,True,91.5,114.0,29.4,6.2,13.8,21.2,58.1,114.0,PM10,Moderate
2023-05-01,38.375,52.95833333,2.0875,14.60625,9.469097222,27.43576389,4.930555556,0.364130435,30.615625,0.529166667,1.948958333,0.09375,,,,20.01666667,78.10416667,,65.74479167,0.59375,0.59375,29.51875,974.034375,,2023,5,May,1,Monday,0,Summer,0.7246262785664596,2.571875,3.683070863191766,,7,True,True,64.7,53.9,18.3,6.9,6.2,18.2,30.6,64.7,PM2.5,Satisfactory
2023-05-02,37.41666667,59.70833333,2.047916667,13.76354167,8.992708333,37.621875,5.829513889,0.367708333,35.62291667,0.472916667,1.44375,0.067708333,,,,22.03333333,72.49270833,,60.76458333,0.0,0.0,105.3875,975.503125,,2023,5,May,2,Tuesday,0,Summer,0.6266573622680618,1.984375,3.05286343397155,,7,True,True,63.1,60.5,17.2,9.4,7.3,18.4,35.6,63.1,PM2.5,Satisfactory
2023-05-03,47.625,81.33333333,2.663541667,21.14340278,13.42395833,47.63541667,9.392361111,0.526736111,34.09409722,0.716666667,4.396875,0.608333333,,,,22.31145833,72.70520833,,91.74479167,0.385416667,0.385416667,139.8697917,976.6291667,,2023,5,May,3,Wednesday,0,Summer,0.5855532787125226,5.721875,6.135174415751081,,7,True,True,79.8,81.7,26.4,11.9,11.7,26.3,34.1,81.7,PM10,Satisfactory
2023-05-04,45.70833333,93.83333333,3.165625,22.403125,14.49791667,39.18020833,5.994444444,0.484469697,55.4125,0.698958333,5.844791667,0.398958333,,,,24.30104167,65.06041667,,95.07291667,0.005208333,0.005208333,230.5697917,976.68125,,2023,5,May,4,Thursday,0,Summer,0.4871225577082459,6.942708333000001,8.36214605513545,,7,True,True,76.7,94.0,28.0,9.8,7.5,24.2,56.3,94.0,PM10,Satisfactory
2023-05-05,94.1875,202.75,18.425,37.0,34.67430556,35.409375,12.05868056,0.755555556,57.57604167,1.022916667,13.14166667,2.223958333,,,,27.115625,56.41875,,205.7875,0.0,0.0,208.3239583,974.7041667,,2023,5,May,5,Friday,0,Summer,0.46454993834771885,16.38854167,12.847250508237147,,7,True,True,214.8,168.8,46.2,8.9,15.1,37.8,58.4,214.8,PM2.5,Poor
2023-05-06,107.8854167,221.1666667,5.014583333,36.77569444,23.66875,30.30729167,17.03576389,0.610763889,39.18645833,0.870833333,17.396875,1.213541667,,,,27.17083333,50.46354167,,235.9145833,0.03125,0.03125,165.9583333,972.9322917,,2023,5,May,6,Saturday,1,Summer,0.4878014318782514,19.481250000000003,19.97727273491953,,7,True,True,260.0,181.0,46.0,7.6,21.3,30.5,39.2,260.0,PM2.5,Poor
2023-05-07,91.53125,192.5416667,3.7375,29.39375,18.67708333,24.81076389,16.31076389,0.501041667,51.7,0.970833333,7.14375,0.908333333,,,,28.66875,47.78020833,,139.6052083,0.0,0.0,209.6020833,972.053125,,2023,5,May,7,Sunday,1,Summer,0.4753841159099097,9.022916666,7.358369101238925,,7,True,True,206.1,162.1,36.7,6.2,20.4,25.1,52.7,206.1,PM2.5,Poor
2023-05-08,57.5,143.3333333,2.6,24.00625,14.89548611,24.58263889,11.13402778,0.355882353,51.37395833,0.803472222,5.304861111,0.700694444,,,,28.80104167,51.00416667,,107.2614583,0.005208333,0.005208333,216.2791667,971.4489583,,2023,5,May,8,Monday,0,Summer,0.4011627907909681,6.809027777,6.602420053546045,,7,True,True,95.9,129.6,30.0,6.1,13.9,17.8,52.3,129.6,PM10,Moderate
2023-05-09,93.55208333,235.6666667,6.379166667,28.62569444,20.41979167,26.05034722,16.60208333,0.576893939,73.22826087,1.276041667,10.125,0.734375,,,,29.30208333,44.82708333,,221.2572917,0.0,0.0,225.296875,973.5166667,,2023,5,May,9,Tuesday,0,Summer,0.3969678217118857,12.135416667,7.934693875478283,,7,True,True,212.7,190.5,35.8,6.5,20.8,28.8,73.8,212.7,PM2.5,Poor
2023-05-10,100.0978261,229.5,3.989583333,33.88368056,21.26354167,19.30763889,20.64618056,0.434375,74.45208333,1.878125,8.240625,0.59375,,,,29.05,34.45416667,,263.025,0.0,0.0,239.5447917,972.6,,2023,5,May,10,Wednesday,0,Summer,0.43615610501089325,10.7125,4.387687188019966,,7,True,True,234.3,186.5,42.4,4.8,25.8,21.7,75.0,234.3,PM2.5,Poor
2023-05-11,177.0543478,346.8695652,10.86630435,47.94130435,34.36847826,22.31521739,27.64057971,0.518115942,73.58913043,2.889130435,15.2076087,1.715217391,,,,29.30869565,39.53369565,,186.6630435,0.0,0.0,224.8880435,973.2163043,,2023,5,May,11,Thursday,0,Summer,0.5104349460521651,19.811956526,5.263732130529441,,7,True,True,344.4,296.9,60.7,5.6,34.6,25.9,74.1,344.4,PM2.5,Very Poor
2023-05-12,112.875,280.3333333,22.41631944,44.03958333,41.72395833,20.90625,15.628125,0.683333333,84.30138889,3.034375,10.83958333,2.580208333,,,,30.94895833,40.93541667,,128.0041667,0.0,0.0,214.5333333,971.9989583,,2023,5,May,12,Friday,0,Summer,0.4026456599765334,16.454166663000002,3.5722622714727086,,7,True,True,276.5,231.0,55.9,5.2,19.5,34.2,84.6,276.5,PM2.5,Poor
2023-05-13,132.2916667,295.0833333,4.433333333,44.63645833,27.40104167,23.19601449,22.95451389,0.592361111,70.61704545,2.345833333,9.516666667,2.266666667,,,,31.14895833,42.96458333,,79.078125,0.0,0.0,196.4447917,971.365625,,2023,5,May,13,Saturday,1,Summer,0.4483196838687738,14.129166667,4.056838366615537,,7,True,True,310.4,245.6,56.7,5.8,28.7,29.6,71.2,310.4,PM2.5,Very Poor
2023-05-14,98.28125,269.1666667,2.465625,33.29270833,19.73020833,24.53214286,17.06180556,0.525,67.81354167,1.60625,8.253125,1.597916667,,,,31.93020833,40.21041667,,125.9395833,0.0,0.0,194.7385417,968.6541667,,2023,5,May,14,Sunday,1,Summer,0.36513157890215087,11.457291667,5.138132295719845,,7,True,True,228.3,220.0,41.6,6.1,21.3,26.2,68.5,228.3,PM2.5,Poor
2023-05-15,40.3125,205.6666667,2.170238095,28.61190476,17.49375,23.23684211,12.37380952,0.509920635,70.95520833,1.10625,7.464583333,0.447916667,,,,33.37291667,35.08645833,,242.125,0.0,0.0,205.9802083,968.4,,2023,5,May,15,Monday,0,Summer,0.19600891406871815,9.018749999999999,6.747645950734464,,7,True,True,67.8,170.7,35.8,5.8,15.5,25.5,71.5,170.7,PM10,Moderate
2023-05-16,133.5104167,518.0555556,1.95,19.459375,11.965625,16.60104167,8.047916667,0.599652778,66.45144928,0.682291667,8.892708333,0.291666667,,,,33.03645833,35.71458333,,242.6833333,0.0,0.0,175.2947917,970.33125,,2023,5,May,16,Tuesday,0,Summer,0.25771447725402985,9.866666666999999,13.033587779403438,,7,True,True,311.3,452.3,24.3,4.2,10.1,30.0,67.1,452.3,PM10,Severe
2023-05-17,81.04545455,279.5454545,2.631818182,30.25189394,18.14848485,24.19962121,16.50568182,0.702083333,43.50530303,0.917424242,11.04431818,0.743560606,,,,32.15227273,39.62840909,,199.4045455,0.0,0.0,159.080303,971.0768939,,2023,5,May,17,Wednesday,0,Summer,0.28991869925039326,12.705303028,12.03839802175186,,7,True,True,170.5,230.2,37.8,6.0,20.6,35.1,43.5,230.2,PM10,Poor
2023-05-18,42.5,124.34375,2.219791667,19.21666667,12.03125,24.01666667,6.104861111,0.306111111,60.8625,0.351041667,6.95,0.445833333,,,,28.99375,49.090625,,214.8979167,0.015625,0.015625,214.2791667,975.8604167,,2023,5,May,18,Thursday,0,Summer,0.3417944207087208,7.746875,19.798219565770236,,7,True,True,71.4,117.1,24.0,6.0,7.6,15.3,61.6,117.1,PM10,Moderate
2023-05-19,60.17708333,166.59375,2.18125,23.10277778,14.06041667,38.77083333,10.01388889,0.638157895,76.82916667,0.435416667,6.676041667,0.247916667,,,,31.125,42.38229167,,266.1260417,0.0,0.0,227.2458333,972.9510417,,2023,5,May,19,Friday,0,Summer,0.3612205339636091,7.359375001,15.332535874195187,,7,True,True,101.6,145.0,28.9,9.7,12.5,31.9,77.3,145.0,PM10,Moderate
2023-05-20,69.28571429,239.4736842,29.79736842,45.59125,47.47833333,33.7296875,17.60625,1.15952381,73.56960784,1.204761905,15.08849206,1.069444444,,,,30.06125,41.83875,,263.9970833,0.0,0.0,257.2804167,970.8679167,,2023,5,May,20,Saturday,1,Summer,0.28932496078414616,17.362698409,12.524044790410267,,7,True,True,131.6,193.1,57.8,8.4,22.0,58.8,74.1,193.1,PM10,Moderate
2023-05-21,30.0,295.0833333,45.65520833,41.6125,59.34270833,25.36628788,22.165625,1.496180556,,1.460416667,17.34270833,3.405208333,,,,33.76354167,38.31145833,,193.8729167,0.0,0.0,223.525,970.621875,,2023,5,May,21,Sunday,1,Summer,0.10166619600131785,22.208333330000002,11.875178311697534,,6,True,True,50.0,245.6,53.0,6.3,27.7,75.3,,245.6,PM10,Poor
2023-05-22,48.08695652,296.125,6.142013889,34.91006944,23.58020833,24.39473684,14.72604167,1.442708333,47.08680556,1.16875,12.88125,1.119791667,,,,35.72604167,34.37916667,,219.5145833,0.0,0.0,224.434375,970.740625,,2023,5,May,22,Monday,0,Summer,0.16238735844660196,15.169791666999998,11.02139037433155,,7,True,True,80.5,246.7,43.6,6.1,18.4,72.7,47.1,246.7,PM10,Poor
2023-05-23,57.95833333,261.5217391,3.505208333,17.45,12.14583333,24.16076389,17.32152778,1.592361111,45.70069444,0.9875,8.142708333,0.522916667,,,,36.1,32.54375,,244.015625,0.0,0.0,212.5427083,970.921875,,2023,5,May,23,Tuesday,0,Summer,0.22161956221864235,9.653125000000001,8.245780590379747,,7,True,True,96.7,212.4,21.8,6.0,21.7,80.0,45.7,212.4,PM10,Poor
2023-05-24,24.58333333,108.8333333,2.457291667,15.89791667,10.45381944,23.40625,9.453125,2.438888889,37.38333333,0.272916667,2.469791667,0.180208333,,,,29.021875,47.778125,,171.0875,0.0,0.0,123.9958333,972.01875,,2023,5,May,24,Wednesday,0,Summer,0.22588055134023904,2.922916667,9.049618310779092,,7,True,True,41.0,106.8,19.9,5.9,11.8,106.4,37.4,106.8,PM10,Moderate
2023-05-25,21.33333333,99.375,2.0875,14.71458333,9.53125,28.71770833,8.347569444,3.211458333,74.071875,0.24375,4.397916667,0.104166667,,,,28.584375,47.215625,,179.7625,0.0,0.0,216.046875,971.6666667,,2023,5,May,25,Thursday,0,Summer,0.21467505237735848,4.745833334,18.042735044102564,,7,True,True,35.6,99.4,18.4,7.2,10.4,116.0,74.6,116.0,CO,Moderate
2023-05-26,22.0,81.0,2.177083333,19.775,12.21979167,28.003125,11.25138889,3.115972222,77.75833333,0.548958333,3.310416667,0.385416667,,,,28.871875,45.115625,,180.89375,0.0,0.0,218.8739583,972.5125,,2023,5,May,26,Friday,0,Summer,0.2716049382716049,4.244791667,6.030360535578208,,7,True,True,36.7,81.4,24.7,7.0,14.1,114.8,78.2,114.8,CO,Moderate
2023-05-27,45.64583333,88.125,2.660416667,26.75833333,16.39375,26.58402778,8.048611111,1.511458333,50.08680556,0.809375,5.296875,0.7,,,,26.659375,55.875,,92.53645833,0.177083333,0.177083333,194.453125,972.63125,,2023,5,May,27,Saturday,1,Summer,0.517966903035461,6.80625,6.544401544401545,,7,True,True,76.6,88.4,33.4,6.6,10.1,76.1,51.1,88.4,PM10,Satisfactory
2023-05-28,71.66666667,140.1666667,4.396875,28.27951389,18.63576389,31.94166667,9.122916667,1.073263889,69.79895833,0.65,3.070833333,0.2625,,,,29.27083333,55.24270833,,100.5302083,0.0,0.0,191.8177083,973.0864583,,2023,5,May,28,Sunday,1,Summer,0.5112960760020698,3.983333333,4.7243589738461536,,7,True,True,139.5,127.5,35.3,8.0,11.4,54.6,70.4,139.5,PM2.5,Moderate
2023-05-29,35.05208333,131.25,2.240625,18.29722222,11.571875,38.00520833,11.95590278,1.397569444,49.71770833,0.2625,9.0625,0.383333333,,,,27.115625,58.659375,,178.4489583,0.046875,0.046875,155.321875,975.2333333,,2023,5,May,29,Monday,0,Summer,0.26706349203809526,9.708333332999999,34.523809523809526,,7,True,True,59.3,121.6,22.9,9.5,14.9,70.5,49.7,121.6,PM10,Moderate
2023-05-30,39.91666667,89.16666667,2.284375,17.95833333,11.428125,40.67291667,9.502777778,1.129861111,75.47708333,0.355208333,7.315625,0.219791667,,,,27.609375,56.92083333,,157.01875,0.005208333,0.005208333,206.2604167,974.7052083,,2023,5,May,30,Tuesday,0,Summer,0.44766355142251724,7.890625,20.595307937215537,,7,True,True,67.2,89.4,22.4,10.2,11.9,57.4,76.0,89.4,PM10,Satisfactory
2023-05-31,38.82608696,58.82608696,2.217708333,18.40520833,11.60520833,32.55833333,6.867361111,1.217013889,41.73854167,0.232291667,6.6125,0.311458333,,,,24.78958333,66.54375,,170.9447917,0.083333333,0.083333333,188.2145833,974.0645833,,2023,5,May,31,Wednesday,0,Summer,0.6600147819861041,7.15625,28.466367672155883,,7,True,True,65.4,59.6,23.0,8.1,8.6,61.6,41.7,65.4,PM2.5,Satisfactory
2023-06-01,44.10526316,83.89473684,2.674122807,23.57061404,14.83026316,29.77850877,6.855263158,1.111842105,31.88684211,0.303947368,10.84824561,0.560087719,,,,24.25131579,67.9127193,,213.5109649,0.006578947,0.005208333,75.73947368,973.7530702,,2023,6,Jun,1,Thursday,0,Monsoon,0.525721455496254,11.712280696999999,35.691197727364425,,7,True,True,74.0,84.2,29.5,7.4,8.6,56.5,31.9,84.2,PM10,Satisfactory
2023-06-02,32.44791667,91.83333333,2.332291667,20.37916667,12.74895833,28.928125,8.720833333,1.047569444,57.90520833,0.348958333,6.858333333,0.272916667,,,,28.1125,51.35729167,,206.7135417,0.0,0.0,235.4739583,972.7552083,,2023,6,Jun,2,Friday,0,Monsoon,0.35333484578415003,7.480208332999999,19.65373136110207,,7,True,True,55.0,92.0,25.5,7.2,10.9,53.3,58.7,92.0,PM10,Satisfactory
2023-06-03,50.35416667,128.7083333,2.796875,23.57604167,14.85763889,25.95173611,10.55208333,1.230902778,60.36979167,0.492708333,14.15208333,1.020833333,,,,29.621875,49.68958333,,148.6447917,0.0,0.0,244.3947917,972.4927083,,2023,6,Jun,3,Saturday,1,Monsoon,0.39122693441015916,15.665624996,28.723044410129756,,7,True,True,84.2,119.9,29.5,6.5,13.2,62.3,61.2,119.9,PM10,Moderate
2023-06-04,79.75,169.4479167,3.655208333,25.121875,16.34861111,26.91631944,14.52083333,1.146875,64.659375,0.446875,8.552083333,0.701041667,,,,30.37916667,50.35833333,,184.5166667,0.0,0.0,151.8927083,971.8635417,,2023,6,Jun,4,Sunday,1,Monsoon,0.47064609322517564,9.700000000000001,19.13752913678322,,7,True,True,166.2,146.8,31.4,6.7,18.2,58.2,65.4,166.2,PM2.5,Moderate
2023-06-05,53.11111111,130.5555556,1.951388889,12.96805556,8.458333333,0.2,18.83055556,1.060714286,104.285,1.25,6.29,0.1025,,,,35.96388889,38.15277778,,245.725,0.0,0.0,419.4805556,970.1611111,,2023,6,Jun,5,Monday,0,Monsoon,0.4068085104912993,7.6425,5.032,,7,True,True,88.7,121.2,16.2,0.1,23.5,54.0,107.2,121.2,PM10,Moderate
2023-06-06,82.08333333,145.6666667,1.752777778,18.72916667,11.40763889,23.79318182,14.09285714,1.177380952,109.7196429,0.748214286,5.973214286,0.276785714,,,,35.21923077,36.68846154,,179.7576923,0.0,0.0,261.7269231,969.3942308,,2023,6,Jun,6,Tuesday,0,Monsoon,0.5635011440129288,6.998214286,7.983293553419268,,7,True,True,173.9,131.1,23.4,5.9,17.6,59.7,115.2,173.9,PM2.5,Moderate
2023-06-07,64.10416667,222.3333333,3.110416667,20.54583333,13.47604167,14.475,11.51111111,1.216666667,65.82291667,0.358333333,6.392708333,0.244791667,,,,32.121875,41.71979167,,244.7041667,0.0,0.0,237.2864583,970.0322917,,2023,6,Jun,7,Wednesday,0,Monsoon,0.2883245877643665,6.995833333,17.840116294734994,,7,True,True,114.5,181.7,25.7,3.6,14.4,61.6,66.5,181.7,PM10,Moderate
2023-06-08,51.13541667,161.4479167,2.838541667,27.65833333,17.13229167,19.2,14.42951389,3.021875,62.68680556,0.558333333,16.40520833,1.160416667,,,,33.08020833,39.03645833,,254.3302083,0.0,0.0,234.3489583,969.2677083,,2023,6,Jun,8,Thursday,0,Monsoon,0.31673011157535735,18.12395833,29.382462698138784,,7,True,True,85.5,141.6,34.6,4.8,18.0,113.6,63.4,141.6,PM10,Moderate
2023-06-09,43.97916667,174.1458333,4.435416667,21.021875,14.79895833,22.53958333,11.94930556,3.590606061,50.69094203,0.4,5.295833333,0.391666667,,,,34.32986111,39.26770833,,249.4197917,0.0,0.0,220.740625,966.609375,,2023,6,Jun,9,Friday,0,Monsoon,0.2525421701835228,6.0875,13.239583332499999,,7,True,True,73.8,149.9,26.3,5.6,14.9,120.7,51.7,149.9,PM10,Moderate
2023-06-10,40.03125,170.0729167,3.325,19.10972222,12.90138889,21.06840278,8.63125,3.814384058,39.31423611,0.327083333,6.889583333,0.207291667,,,,33.553125,42.02291667,,230.6041667,0.0,0.0,184.853125,965.06875,,2023,6,Jun,10,Saturday,1,Monsoon,0.2353769828656087,7.423958333,21.063694287963003,,7,True,True,67.4,147.2,23.9,5.3,10.8,123.5,39.3,147.2,PM10,Moderate
2023-06-11,36.125,139.1354167,2.315625,14.45416667,9.579166667,15.37916667,6.879513889,2.004924242,40.36041667,0.272916667,6.958333333,0.082291667,,,,32.36145833,46.25208333,,254.25,0.010416667,0.010416667,220.4927083,966.059375,,2023,6,Jun,11,Sunday,1,Monsoon,0.2596391404633641,7.313541666999999,25.49618317374512,,7,True,True,61.0,126.8,18.1,3.8,8.6,101.1,40.4,126.8,PM10,Moderate
2023-06-12,45.88541667,183.2083333,2.292708333,18.82083333,11.87916667,28.45833333,5.109722222,1.528125,49.29565217,0.366666667,5.760416667,0.070833333,,,,34.85625,42.62708333,,265.2177083,0.0,0.0,218.7677083,964.86875,,2023,6,Jun,12,Monday,0,Monsoon,0.25045485564711484,6.197916667,15.71022725935434,,7,True,True,76.9,155.9,23.5,7.1,6.4,76.9,49.3,155.9,PM10,Moderate
2023-06-13,50.73958333,274.2604167,2.594791667,20.07291667,12.809375,27.51851852,6.929513889,1.671491228,27.50326087,0.409375,15.35833333,0.289583333,,,,36.646875,39.87708333,,263.959375,0.0,0.0,226.5427083,964.8135417,,2023,6,Jun,13,Tuesday,0,Monsoon,0.1850051273913929,16.057291663,37.51653943206107,,7,True,True,84.9,225.0,25.1,6.9,8.7,83.9,27.5,225.0,PM10,Poor
2023-06-14,40.625,257.4583333,2.25625,14.0625,9.31875,24.37368421,6.957638889,1.839473684,31.525,0.239583333,8.744791667,0.098958333,,,,34.453125,41.7125,,249.5635417,0.09375,0.09375,204.3416667,965.8302083,,2023,6,Jun,14,Wednesday,0,Monsoon,0.15779252308241368,9.083333333,36.50000005217391,,7,True,True,68.4,208.4,17.6,6.1,8.7,92.1,31.5,208.4,PM10,Poor
2023-06-15,33.66666667,127.5,2.817708333,18.734375,12.26041667,18.89479167,4.78125,2.183680556,28.30543478,0.270833333,5.754166667,0.198958333,,,,32.14583333,45.86145833,,251.7864583,0.0,0.0,215.8541667,967.121875,,2023,6,Jun,15,Thursday,0,Monsoon,0.2640522876078431,6.223958333,21.246153873533725,,7,True,True,57.0,119.2,23.4,4.7,6.0,103.3,28.3,119.2,PM10,Moderate
2023-06-16,42.79166667,146.625,3.202083333,24.04791667,15.40416667,18.109375,6.529513889,1.667028986,19.14375,0.380208333,9.416666667,0.601041667,,,,32.33541667,46.59270833,,230.8739583,0.0,0.0,174.6145833,967.1197917,,2023,6,Jun,16,Friday,0,Monsoon,0.2918442739641944,10.397916667,24.767123310261585,,7,True,True,71.9,131.8,30.1,4.5,8.2,83.7,19.1,131.8,PM10,Moderate
2023-06-17,56.41666667,149.5,6.547916667,19.359375,15.640625,18.82951389,4.581597222,1.414473684,14.52608696,0.479166667,7.521875,0.798958333,,,,33.07604167,48.98854167,,186.3802083,0.010416667,0.010416667,171.7875,967.103125,,2023,6,Jun,17,Saturday,1,Monsoon,0.37736900782608696,8.799999999999999,15.697826076036295,,7,True,True,94.1,133.7,24.2,4.7,5.7,71.3,14.5,133.7,PM10,Moderate
2023-06-18,30.91666667,76.91666667,2.953125,12.94895833,9.279166667,12.55729167,5.484375,1.383928571,8.214492754,0.260416667,3.332291667,0.270833333,,,,31.95625,55.56770833,,100.55625,0.0,0.0,206.0645833,967.0875,,2023,6,Jun,18,Sunday,1,Monsoon,0.4019501625394605,3.863541667,12.795999984901119,,7,True,True,52.5,77.4,16.2,3.1,6.9,69.8,8.2,77.4,PM10,Satisfactory
2023-06-19,23.91666667,63.45833333,3.180555556,14.24444444,10.21076389,10.23977273,5.777536232,1.891666667,6.575,0.260416667,6.10625,0.364583333,,,,28.99583333,62.86666667,,147.571875,0.088541667,0.088541667,79.60520833,966.0291667,,2023,6,Jun,19,Monday,0,Monsoon,0.37688772167442613,6.73125,23.44799996998656,,7,True,True,39.9,64.2,17.8,2.6,7.2,94.7,6.6,94.7,CO,Satisfactory
2023-06-20,41.5,84.83333333,4.86875,25.96041667,17.81215278,14.94270833,6.326388889,1.73030303,12.4557971,0.508333333,5.164583333,0.5125,,,,32.1,55.18958333,,114.103125,0.0,0.0,226.128125,965.9177083,,2023,6,Jun,20,Tuesday,0,Monsoon,0.4891944990369035,6.185416666000001,10.15983607158022,,7,True,True,69.8,85.1,32.5,3.7,7.9,86.8,12.5,86.8,CO,Satisfactory
2023-06-21,37.5,117.1666667,4.795833333,31.72361111,20.77291667,16.684375,6.342013889,1.072222222,19.63586957,0.38125,6.033333333,0.757291667,,,,32.39375,54.67395833,,177.8625,0.0,0.0,185.921875,967.08125,,2023,6,Jun,21,Wednesday,0,Monsoon,0.3200568989132129,7.171874999999999,15.825136611147542,,7,True,True,63.2,112.3,39.7,4.2,7.9,54.5,19.6,112.3,PM10,Moderate
2023-06-22,39.75,105.9166667,4.9375,31.82604167,20.95625,17.28645833,6.758680556,0.787916667,14.13152174,0.308333333,5.427083333,0.504166667,,,,32.50520833,58.278125,,162.665625,0.088541667,0.088541667,184.1864583,967.3677083,,2023,6,Jun,22,Thursday,0,Monsoon,0.37529504315490325,6.239583333,17.601351369298758,,7,True,True,66.9,104.9,39.8,4.3,8.4,39.4,14.1,104.9,PM10,Moderate
2023-06-23,59.5,145.4583333,4.9375,30.34090909,20.13181818,25.99090909,7.508823529,0.776587302,7.776470588,0.411458333,4.661458333,0.667708333,,,,33.26041667,57.221875,,146.490625,0.005208333,0.005208333,144.5645833,967.3614583,,2023,6,Jun,23,Friday,0,Monsoon,0.40905184770187386,5.740624999,11.329113932418522,,7,True,True,99.2,131.0,37.9,6.5,9.4,38.8,7.8,131.0,PM10,Moderate
2023-06-24,73.66666667,150.7083333,4.489583333,22.1625,15.43229167,23.88159722,10.08715278,1.583333333,7.850724638,0.448958333,3.578125,0.410416667,,,,31.978125,59.790625,,113.6,0.0,0.0,122.0364583,966.728125,,2023,6,Jun,24,Saturday,1,Monsoon,0.4888028754412614,4.4375,7.969837592924241,,7,True,True,146.1,134.5,27.7,6.0,12.6,79.6,7.9,146.1,PM2.5,Moderate
2023-06-25,24.84210526,39.05263158,2.855208333,16.63333333,11.17395833,17.17395833,8.156597222,1.361458333,14.39456522,0.107291667,3.190625,0.2375,,,,25.97777778,74.80833333,,133.4385417,0.489583333,0.489583333,48.64270833,968.378125,,2023,6,Jun,25,Sunday,1,Monsoon,0.6361185982847407,3.535416667,29.737863985280423,,7,True,True,41.4,39.1,20.8,4.3,10.2,68.7,14.4,68.7,CO,Satisfactory
2023-06-26,41.08333333,53.875,2.686458333,12.62083333,8.919791667,26.94583333,9.365972222,1.352083333,19.7615942,0.177083333,1.530208333,0.135416667,,,,28.9,68.00520833,,66.18541667,0.0,0.0,156.5927083,968.1614583,,2023,6,Jun,26,Monday,0,Monsoon,0.7625676720185616,1.842708333,8.641176484971625,,7,True,True,69.1,54.8,15.8,6.7,11.7,68.3,19.8,69.1,PM2.5,Satisfactory
2023-06-27,33.95454545,51.86363636,2.739583333,14.37743056,9.8875,32.35833333,8.150347222,1.271875,20.79130435,0.13125,1.721875,0.058333333,,,,28.75104167,68.75,,109.6052083,0.0,0.0,129.1083333,967.2395833,,2023,6,Jun,27,Tuesday,0,Monsoon,0.6546888693710561,1.9114583330000001,13.119047619047619,,7,True,True,57.5,52.8,18.0,8.1,10.2,64.3,20.8,64.3,CO,Satisfactory
2023-06-28,31.33333333,73.79166667,3.277083333,19.16736111,12.8875,27.21041667,7.0625,1.557291667,15.65869565,0.201041667,9.039583333,0.5375,,,,29.87291667,64.903125,,128.4083333,0.0,0.0,170.08125,968.375,,2023,6,Jun,28,Wednesday,0,Monsoon,0.4246188593371149,9.778125,44.963730493738886,,7,True,True,53.2,74.3,24.0,6.8,8.8,78.3,15.7,78.3,CO,Satisfactory
2023-06-29,38.58333333,63.0,3.467708333,15.83125,11.25,22.90902778,6.945833333,1.613541667,18.775,0.183333333,6.290625,0.546875,,,,29.9875,65.64479167,,110.2645833,0.0,0.0,154.3072917,967.6302083,,2023,6,Jun,29,Thursday,0,Monsoon,0.6124338623809524,7.020833333000001,34.31250006238637,,7,True,True,65.0,63.7,19.8,5.7,8.7,81.1,18.8,81.1,CO,Satisfactory
2023-06-30,26.91304348,41.34375,2.39375,12.66458333,8.69375,26.49270833,5.375724638,1.164583333,27.60434783,0.120833333,2.130208333,0.051041667,,,,29.68333333,63.10104167,,84.153125,0.0,0.0,192.0791667,966.1177083,,2023,6,Jun,30,Friday,0,Monsoon,0.6509579677702192,2.302083333,17.629310390701548,,7,True,True,44.9,41.3,15.8,6.6,6.7,59.1,27.6,59.1,CO,Satisfactory
2023-07-01,19.07291667,29.98958333,2.325,10.565625,7.520833333,52.92326389,7.289930556,1.353125,29.78913043,0.05625,0.690625,0.0,,,,30.46770833,61.71875,,65.12708333,0.0,0.0,207.409375,966.8229167,,2023,7,Jul,1,Saturday,1,Monsoon,0.635984717097435,0.7468750000000001,12.277777777777779,,7,True,True,31.8,30.0,13.2,13.2,9.1,68.3,29.8,68.3,CO,Satisfactory
2023-07-02,34.60416667,52.9375,2.321875,11.52395833,8.029166667,41.340625,4.992361111,1.434375,33.66195652,0.067708333,0.695833333,0.002083333,,,,30.94375,61.66041667,,82.57291667,0.0,0.0,173.5229167,967.4197917,,2023,7,Jul,2,Sunday,1,Monsoon,0.6536796537426209,0.765624999,10.276923122594084,,7,True,True,58.5,53.9,14.4,10.3,6.2,72.3,33.7,72.3,CO,Satisfactory
2023-07-03,67.875,123.2916667,3.1625,19.52291667,12.96041667,34.13333333,7.891666667,1.244791667,58.31050725,0.167708333,4.077083333,0.057291667,,,,33.45208333,56.85729167,,140.0697917,0.0,0.0,189.2322917,966.58125,,2023,7,Jul,3,Monday,0,Monsoon,0.5505238254679219,4.302083333000001,24.31055905254273,,7,True,True,127.0,116.4,24.4,8.5,9.9,63.0,59.1,127.0,PM2.5,Moderate
2023-07-04,59.8125,122.7083333,3.022916667,24.896875,15.71666667,35.38784722,6.204513889,1.415625,30.90625,0.223958333,6.113541667,0.640625,,,,31.51354167,61.19166667,,114.1979167,0.0,0.0,123.140625,965.5489583,,2023,7,Jul,4,Tuesday,0,Monsoon,0.4874363328998129,6.9781249999999995,27.297674460722117,,7,True,True,99.7,116.0,31.1,8.8,7.8,71.4,30.9,116.0,PM10,Moderate
2023-07-05,41.30208333,70.78125,2.613541667,15.94548611,10.62118056,40.75416667,5.858680556,1.269791667,34.20434783,0.129166667,3.030208333,0.165625,,,,30.40520833,65.34479167,,83.18020833,0.010416667,0.010416667,159.2020833,965.6645833,,2023,7,Jul,5,Wednesday,0,Monsoon,0.5835172920794702,3.3249999999999997,23.45967735623309,,7,True,True,69.5,71.4,19.9,10.2,7.3,64.2,34.2,71.4,PM10,Satisfactory
2023-07-06,25.44791667,36.82608696,2.480208333,14.62534722,9.811805556,43.715625,6.100347222,1.186458333,33.52173913,0.084375,1.791666667,0.0375,,,,28.45104167,69.49479167,,71.35520833,0.010416667,0.010416667,131.4145833,967.5604167,,2023,7,Jul,6,Thursday,0,Monsoon,0.6910296143503161,1.9135416670000003,21.234567905185184,,7,True,True,42.4,36.8,18.3,10.9,7.6,60.1,33.5,60.1,CO,Satisfactory
2023-07-07,33.43478261,48.65217391,2.542708333,15.99479167,10.59618056,34.61875,5.702777778,1.007291667,42.06086957,0.098958333,1.708333333,0.009375,,,,30.346875,64.77291667,,79.096875,0.0,0.0,153.8979167,968.2666667,,2023,7,Jul,7,Friday,0,Monsoon,0.6872207328669396,1.8166666659999997,17.263157949518007,,7,True,True,56.6,48.7,20.0,8.7,7.1,51.4,42.1,56.6,PM2.5,Satisfactory
2023-07-08,18.171875,23.96875,2.726136364,13.95416667,9.6375,28.76818182,4.80530303,1.172727273,20.24761905,0.0625,1.45,0.025,,,,27.21818182,77.08181818,,69.74204545,0.778409091,0.697916667,39.4875,968.3488636,,2023,7,Jul,8,Saturday,1,Monsoon,0.758148631029987,1.5374999999999999,23.2,,7,True,True,30.3,24.0,17.4,7.2,6.0,59.5,20.2,59.5,CO,Satisfactory
2023-07-09,19.375,20.6875,2.3125,13.30416667,8.961458333,24.35381944,4.064236111,1.276041667,20.26304348,0.078125,2.73125,0.046875,,,,26.61979167,80.33020833,,89.803125,0.671875,0.671875,30.76875,967.0604167,,2023,7,Jul,9,Sunday,1,Monsoon,0.9365558912386707,2.85625,34.96,,7,True,True,32.3,20.7,16.6,6.1,5.1,64.5,20.3,64.5,CO,Satisfactory
2023-07-10,15.10714286,24.20588235,2.439583333,10.89270833,7.796180556,21.92013889,7.698958333,1.216666667,21.34782609,0.061458333,2.902083333,0.034375,,,,27.52291667,76.82291667,,119.2208333,0.104166667,0.104166667,94.290625,967.075,,2023,7,Jul,10,Monday,0,Monsoon,0.6241103976943027,2.997916666,47.22033923373744,,7,True,True,25.2,24.2,13.6,5.5,9.6,61.6,21.3,61.6,CO,Satisfactory
2023-07-11,26.03472222,45.09722222,2.790625,15.49375,10.52083333,20.55,8.693402778,1.040625,26.57934783,0.098958333,9.452083333,0.259375,,,,29.03854167,68.61875,,189.8385417,0.0,0.0,153.4114583,967.2322917,,2023,7,Jul,11,Tuesday,0,Monsoon,0.5773021250176681,9.810416666,95.51578979205318,,7,True,True,43.4,45.1,19.4,5.1,10.9,53.0,26.6,53.0,CO,Satisfactory
2023-07-12,18.4673913,,2.357291667,9.020833333,6.691666667,11.55,4.582291667,1.233333333,17.95217391,0.075,2.220833333,0.0125,,,,29.34895833,70.39375,,78.97291667,0.0,0.0,130.590625,966.8822917,,2023,7,Jul,12,Wednesday,0,Monsoon,,2.308333333,29.611111106666666,,6,True,True,30.8,,11.3,2.9,5.7,62.4,18.0,62.4,CO,Satisfactory
2023-07-13,31.40384615,,3.611538462,13.64423077,10.20705128,9.190384615,3.794871795,1.563461538,15.69791667,0.155769231,3.836538462,0.05,,,,28.89423077,73.55769231,,99.35,0.0,0.0,149.6538462,967.0903846,,2023,7,Jul,13,Thursday,0,Monsoon,,4.042307693,24.62962959610425,,6,True,True,53.3,,17.1,2.3,4.7,78.6,15.7,78.6,CO,Satisfactory
2023-07-14,,,,,,,,,,,,,,,,,,,,,0.0,,,,2023,7,Jul,14,Friday,0,Monsoon,,,,,0,False,False,,,,,,,,,None,Unknown
2023-07-15,,,,,,,,,,,,,,,,,,,,,0.0,,,,2023,7,Jul,15,Saturday,1,Monsoon,,,,,0,False,False,,,,,,,,,None,Unknown
2023-07-16,,,,,,,,,,,,,,,,,,,,,0.0,,,,2023,7,Jul,16,Sunday,1,Monsoon,,,,,0,False,False,,,,,,,,,None,Unknown
2023-07-17,,,,,,,,,,,,,,,,,,,,,0.0,,,,2023,7,Jul,17,Monday,0,Monsoon,,,,,0,False,False,,,,,,,,,None,Unknown
2023-07-18,,,,,,,,,,,,,,,,,,,,,0.0,,,,2023,7,Jul,18,Tuesday,0,Monsoon,,,,,0,False,False,,,,,,,,,None,Unknown
2023-07-19,,,,,,,,,,,,,,,,,,,,,0.0,,,,2023,7,Jul,19,Wednesday,0,Monsoon,,,,,0,False,False,,,,,,,,,None,Unknown
2023-07-20,33.84615385,63.96153846,2.273076923,11.975,8.226923077,26.62884615,4.425641026,1.219230769,55.85,0.044230769,0.888461538,0.003846154,,,,34.67692308,54.61153846,,64.59423077,0.0,0.0,270.7461538,965.7538462,,2023,7,Jul,20,Thursday,0,Monsoon,0.5291641612274002,0.936538461,20.08695661610586,,7,True,True,57.3,64.7,15.0,6.7,5.5,61.7,56.7,64.7,PM10,Satisfactory
2023-07-21,47.92708333,90.01041667,3.057291667,20.14166667,13.20104167,23.15,4.607638889,1.479166667,35.48333333,0.144791667,3.704166667,0.0625,,,,32.04479167,65.83541667,,108.8375,0.09375,0.09375,144.8645833,967.7958333,,2023,7,Jul,21,Friday,0,Monsoon,0.53246152060058,3.9114583339999998,25.582733756356294,,7,True,True,80.3,90.2,25.2,5.8,5.8,74.5,35.5,90.2,PM10,Satisfactory
2023-07-22,29.82291667,57.38541667,2.446491228,14.42894737,9.655701754,25.69166667,4.056521739,1.384375,21.99545455,0.247916667,2.172916667,0.020833333,,,,31.51022727,65.61856061,,69.31856061,0.0,0.0,129.3583333,970.3632576,,2023,7,Jul,22,Saturday,1,Monsoon,0.5196950445005805,2.4416666670000002,8.764705871913,,7,True,True,49.7,58.2,18.0,6.4,5.1,69.8,22.0,69.8,CO,Satisfactory
2023-07-23,19.76041667,43.70833333,2.034375,8.310416667,6.078125,21.13993056,5.067708333,1.315625,23.11847826,0.053125,0.663541667,0.0,,,,32.0,61.775,,67.45104167,0.114583333,0.114583333,199.0864583,970.2697917,,2023,7,Jul,23,Sunday,1,Monsoon,0.45209723557308656,0.7166666669999999,12.490196084705882,,7,True,True,32.9,43.7,10.4,5.3,6.3,66.5,23.1,66.5,CO,Satisfactory
2023-07-24,25.35416667,57.04166667,2.357291667,8.35,6.365625,14.34895833,4.226736111,1.288541667,22.12862319,0.069791667,1.317708333,0.020833333,,,,32.50416667,59.74791667,,72.91145833,0.0,0.0,223.4333333,968.034375,,2023,7,Jul,24,Monday,0,Monsoon,0.44448502559856923,1.4083333329999999,18.880596919973268,,7,True,True,42.3,57.9,10.4,3.6,5.3,65.1,22.1,65.1,CO,Satisfactory
2023-07-25,42.08333333,85.01041667,2.652083333,13.06041667,9.09375,9.854166667,5.778125,1.376041667,27.85362319,0.165625,2.989583333,0.095833333,,,,31.86458333,63.34166667,,84.25208333,0.0,0.0,179.9916667,968.1385417,,2023,7,Jul,25,Tuesday,0,Monsoon,0.49503737281235,3.251041666,18.050314463396226,,7,True,True,70.7,85.3,16.3,2.5,7.2,69.4,27.9,85.3,PM10,Satisfactory
2023-07-26,19.39473684,29.76315789,2.677083333,13.53923611,9.382291667,12.45381944,4.664930556,1.39375,26.63152174,0.105208333,2.734375,0.028125,,,,27.78020833,71.45625,,92.815625,0.421875,0.421875,101.1552083,970.203125,,2023,7,Jul,26,Wednesday,0,Monsoon,0.6516357206342126,2.8677083330000004,25.99009909224586,,7,True,True,32.3,29.8,16.9,3.1,5.8,70.3,26.6,70.3,CO,Satisfactory
2023-07-27,34.55952381,54.50396825,3.447368421,19.79605263,13.34473684,4.947727273,6.681666667,1.360714286,26.375,0.248809524,9.446428571,0.725,,,,29.06875,69.64625,,108.365,0.0,0.0,142.98875,969.37375,,2023,7,Jul,27,Thursday,0,Monsoon,0.6340735348201,10.420238095,37.96650714624574,,7,True,True,58.4,55.4,24.7,1.2,8.4,68.7,26.4,68.7,CO,Satisfactory
2023-07-28,36.47619048,55.81818182,3.081884058,12.31811594,9.06884058,1.239583333,4.151893939,1.69375,17.10492424,0.213541667,6.632291667,0.30625,,,,29.146875,70.08125,,140.9822917,0.3125,0.3125,132.8791667,966.953125,,2023,7,Jul,28,Friday,0,Monsoon,0.6534822398484208,7.152083334,31.05853653844521,,7,True,True,61.6,56.7,15.4,0.3,5.2,85.0,17.1,85.0,CO,Satisfactory
2023-07-29,14.890625,29.765625,2.966319444,12.23819444,8.937152778,18.2452381,4.282638889,3.126195652,14.1076087,0.113541667,5.589583333,0.178125,,,,28.7125,72.1125,,144.0010417,0.005208333,0.005208333,133.2114583,966.271875,,2023,7,Jul,29,Saturday,1,Monsoon,0.5002624671916011,5.88125,49.2293576507028,,7,True,True,24.8,29.8,15.3,4.6,5.4,114.9,14.1,114.9,CO,Moderate
2023-07-30,22.72916667,43.20833333,2.630208333,9.924305556,7.430208333,11.75590278,5.102430556,2.796180556,14.39130435,0.067708333,3.471875,0.032291667,,,,30.13541667,66.103125,,224.0395833,0.0,0.0,189.7,965.528125,,2023,7,Jul,30,Sunday,1,Monsoon,0.5260366442835901,3.571875,51.27692332936331,,7,True,True,37.9,43.2,12.4,2.9,6.4,110.9,14.4,110.9,CO,Moderate
2023-07-31,49.02083333,94.34027778,2.65625,11.825,8.455208333,10.05729167,4.410416667,1.538977273,16.90543478,0.103125,3.727083333,0.033333333,,,,31.47083333,63.37916667,,254.5322917,0.0,0.0,184.4614583,964.971875,,2023,7,Jul,31,Monday,0,Monsoon,0.5196172248328099,3.8635416659999997,36.14141413818182,,7,True,True,82.1,94.5,14.8,2.5,5.5,77.4,16.9,94.5,PM10,Satisfactory
2023-08-01,27.875,75.80208333,2.619791667,10.321875,7.632291667,14.61979167,4.513541667,1.725724638,9.12826087,0.084375,5.545833333,0.159375,,,,31.88854167,60.790625,,242.8802083,0.0,0.0,221.05625,964.13125,,2023,8,Aug,1,Tuesday,0,Monsoon,0.36773395631684413,5.7895833329999995,65.72839505777777,,7,True,True,46.5,76.3,12.9,3.7,5.6,86.6,9.1,86.6,CO,Satisfactory
2023-08-02,26.16666667,77.32291667,2.770833333,11.840625,8.563541667,23.21041667,5.5125,1.186666667,8.732608696,0.055208333,4.802083333,0.10625,,,,31.18229167,63.16145833,,234.4041667,0.03125,0.03125,175.19375,964.7645833,,2023,8,Aug,2,Wednesday,0,Monsoon,0.3384076519212865,4.963541666,86.98113259460307,,7,True,True,43.6,77.8,14.8,5.8,6.9,60.1,8.7,77.8,PM10,Satisfactory
2023-08-03,26.5,71.57291667,2.5625,10.93020833,7.905208333,27.984375,3.534722222,0.811507937,13.19130435,0.04375,3.4875,0.133333333,,,,30.89270833,63.61770833,,247.39375,0.0,0.0,183.9041667,964.94375,,2023,8,Aug,3,Thursday,0,Monsoon,0.370251782838236,3.664583333,79.71428571428571,,7,True,True,44.2,72.1,13.7,7.0,4.4,40.6,13.2,72.1,PM10,Satisfactory
2023-08-04,29.69791667,66.38194444,2.34375,9.588541667,7.01875,29.403125,4.452777778,1.146875,16.88369565,0.069791667,2.235416667,0.044791667,,,,30.51770833,64.09166667,,135.465625,0.151041667,0.151041667,132.2708333,967.125,,2023,8,Aug,4,Friday,0,Monsoon,0.44737943307525085,2.350000001,32.02985059806638,,7,True,True,49.5,67.1,12.0,7.4,5.6,58.2,16.9,67.1,PM10,Satisfactory
2023-08-05,32.40217391,60.72826087,4.552083333,13.39583333,10.84479167,30.20243056,4.475347222,1.375,11.86304348,0.116666667,6.075,0.216666667,,,,29.82395833,68.93333333,,200.0979167,0.046875,0.046875,129.85625,968.4583333,,2023,8,Aug,5,Saturday,1,Monsoon,0.5335600500624051,6.408333334,52.071428422653064,,7,True,True,54.9,61.5,16.7,7.6,5.6,69.4,11.9,69.4,CO,Satisfactory
2023-08-06,32.57291667,97.58333333,4.921875,10.36875,9.538888889,38.26041667,5.086111111,1.170833333,12.5557971,0.088541667,4.430208333,0.279166667,,,,31.65833333,60.54791667,,233.153125,0.0,0.0,199.975,965.7916667,,2023,8,Aug,6,Sunday,1,Monsoon,0.33379590098492895,4.797916667000001,50.03529392551419,,7,True,True,55.2,97.6,13.0,9.6,6.4,59.4,12.6,97.6,PM10,Satisfactory
2023-08-07,27.66666667,105.1666667,2.936458333,12.190625,8.889583333,32.9,3.645486111,1.272916667,11.68586957,0.035416667,2.835416667,0.067708333,,,,30.48333333,58.47708333,,241.103125,0.0,0.0,156.890625,963.5854167,,2023,8,Aug,7,Monday,0,Monsoon,0.2630744848928449,2.938541667,80.05882278532873,,7,True,True,46.1,104.4,15.2,8.2,4.6,64.4,11.7,104.4,PM10,Moderate
2023-08-08,27.95833333,130.0833333,2.855208333,10.93958333,8.155208333,24.77256944,4.648611111,1.246875,12.92391304,0.041666667,2.767708333,0.065625,,,,29.15277778,58.971875,,238.49375,0.0,0.0,177.4125,964.7541667,,2023,8,Aug,8,Tuesday,0,Monsoon,0.21492632930555447,2.8749999999999996,66.4249994606,,7,True,True,46.6,120.9,13.7,6.2,5.8,63.1,12.9,120.9,PM10,Moderate
2023-08-09,32.83333333,137.5,2.853623188,12.39094203,8.925724638,30.37028986,3.959057971,1.257608696,14.84782609,0.052083333,2.954166667,0.086458333,,,,30.98229167,58.23333333,,224.9302083,0.0,0.0,168.5770833,968.6114583,,2023,8,Aug,9,Wednesday,0,Monsoon,0.23878787876363639,3.092708333,56.720000369408,,7,True,True,55.6,125.8,15.5,7.6,4.9,63.6,14.8,125.8,PM10,Moderate
2023-08-10,33.40625,138.9166667,2.705208333,12.96666667,9.105208333,18.11304348,4.339583333,1.234375,17.12826087,0.073958333,5.5125,0.180208333,,,,31.371875,57.78229167,,235.2802083,0.0,0.0,182.1020833,970.1052083,,2023,8,Aug,10,Thursday,0,Monsoon,0.24047690456137324,5.766666666000001,74.53521160353898,,7,True,True,56.6,126.7,16.2,4.5,5.4,62.5,17.1,126.7,PM10,Moderate
2023-08-11,36.875,140.625,2.683333333,13.66354167,9.463541667,12.15666667,3.335416667,1.230208333,18.90434783,0.077083333,6.183333333,0.095833333,,,,31.859375,56.459375,,246.8677083,0.0,0.0,208.2854167,970.1479167,,2023,8,Aug,11,Friday,0,Monsoon,0.26222222222222225,6.356249999,80.21621655877283,,7,True,True,62.2,127.8,17.1,3.0,4.2,62.3,18.9,127.8,PM10,Moderate
2023-08-12,29.79166667,125.25,2.38125,9.59375,7.045833333,34.31041667,3.446527778,1.204166667,23.52391304,0.03125,1.851041667,0.023958333,,,,32.02916667,51.80104167,,242.9333333,0.0,0.0,197.9020833,968.0208333,,2023,8,Aug,12,Saturday,1,Monsoon,0.2378576181237525,1.90625,59.233333344,,7,True,True,49.7,117.7,12.0,8.6,4.3,61.0,23.5,117.7,PM10,Moderate
2023-08-13,26.875,100.2083333,2.298958333,11.11875,7.791666667,28.93888889,5.088194444,1.138541667,24.88695652,0.070833333,2.20625,0.083333333,,,,31.3125,54.38125,,224.8541667,0.0,0.0,157.2322917,966.2625,,2023,8,Aug,13,Sunday,1,Monsoon,0.2681912682804794,2.360416666,31.147058970103807,,7,True,True,44.8,101.1,13.9,7.2,6.4,57.8,24.9,101.1,PM10,Moderate
2023-08-14,29.66666667,105.8333333,2.8625,13.78645833,9.678125,21.55243056,4.861458333,1.18125,32.16630435,0.114583333,2.028125,0.101041667,,,,30.7,56.62291667,,144.4770833,0.0,0.0,128.253125,970.009375,,2023,8,Aug,14,Monday,0,Monsoon,0.2803149607497055,2.2437500000000004,17.70000005149091,,7,True,True,49.4,104.8,17.2,5.4,6.1,59.9,32.2,104.8,PM10,Moderate
2023-08-15,45.70833333,87.66666667,2.653125,11.43958333,8.257291667,17.19583333,4.258680556,1.323958333,14.60869565,0.175,3.472916667,0.055208333,,,,29.7,66.58958333,,110.9291667,0.005208333,0.005208333,101.4260417,970.6239583,,2023,8,Aug,15,Tuesday,0,Monsoon,0.5213878326417724,3.7031249999999996,19.845238097142857,,7,True,True,76.7,87.9,14.3,4.3,5.3,66.9,14.6,87.9,PM10,Satisfactory
2023-08-16,48.83333333,122.0,7.533333333,17.06944444,15.20729167,16.903125,4.482638889,1.319791667,12.04673913,0.208333333,5.191666667,0.614583333,,,,31.75104167,61.684375,,216.95,0.0,0.0,185.3625,969.8072917,,2023,8,Aug,16,Wednesday,0,Monsoon,0.4002732240163935,6.014583332999999,24.920000041471997,,7,True,True,81.8,115.5,21.3,4.2,5.6,66.7,12.0,115.5,PM10,Moderate
2023-08-17,42.66666667,154.9166667,4.339705882,17.02058824,12.60882353,18.62149123,3.224652778,1.301041667,12.7326087,0.225,9.942708333,0.184375,,,,31.996875,57.70208333,,246.0614583,0.005208333,0.005208333,207.8427083,969.3989583,,2023,8,Aug,17,Thursday,0,Monsoon,0.2754168907637618,10.352083333,44.189814813333335,,7,True,True,71.7,137.2,21.3,4.7,4.0,65.8,12.7,137.2,PM10,Moderate
2023-08-18,42.33333333,158.5416667,3.490972222,13.28194444,9.9125,32.375,4.309126984,1.189583333,24.63152174,0.30625,5.971875,0.24375,,,,32.56770833,56.40625,,241.3833333,0.0,0.0,204.51875,969.5354167,,2023,8,Aug,18,Friday,0,Monsoon,0.26701708270864294,6.5218750000000005,19.499999999999996,,7,True,True,71.1,139.6,16.6,8.1,5.4,60.3,24.6,139.6,PM10,Moderate
2023-08-19,38.55,56.85714286,2.22254902,13.00539216,8.731862745,31.11666667,3.622826087,1.360763889,31.340625,0.760416667,2.320833333,0.111458333,,,,29.92282609,67.81195652,,95.51521739,0.130434783,0.125,125.1521739,969.9804348,,2023,8,Aug,19,Saturday,1,Monsoon,0.6780150753428132,3.1927083329999997,3.052054792744305,,7,True,True,65.0,57.7,16.3,7.8,4.5,68.7,31.3,68.7,CO,Satisfactory
2023-08-20,58.0,77.0,,,,,,1.6,5.1,4.3,3.8,0.0,,,,,,,,,0.0,,,,2023,8,Aug,20,Sunday,1,Monsoon,0.7532467532467533,8.1,0.8837209302325582,,4,True,True,96.7,77.5,,,,80.4,5.1,96.7,PM2.5,Satisfactory
2023-08-21,36.41071429,76.68452381,2.245,22.5,13.83,,2.466666667,1.213461538,51.14807692,0.988461538,5.884615385,0.332692308,,,,32.03809524,57.63333333,,153.8404762,0.0,0.0,254.6714286,969.1011905,,2023,8,Aug,21,Monday,0,Monsoon,0.4748117674984099,7.2057692310000006,5.953307396164968,,6,True,True,61.5,77.2,28.1,,3.1,61.5,52.1,77.2,PM10,Satisfactory
2023-08-22,34.63541667,82.47222222,3.084375,17.653125,11.90625,,3.291269841,1.347222222,25.98333333,0.989583333,6.4,0.578125,,,,31.27916667,66.71458333,,164.9729167,0.026041667,0.026041667,102.66875,966.8958333,,2023,8,Aug,22,Tuesday,0,Monsoon,0.4199646346088235,7.967708333,6.467368423231114,,6,True,True,58.6,82.8,22.1,,4.1,68.0,26.0,82.8,PM10,Satisfactory
2023-08-23,20.1875,44.94791667,8.080902778,18.38819444,16.31284722,17.77875,4.719791667,1.363194444,8.348263889,0.980208333,7.160416667,1.276041667,,,,27.29270833,76.14166667,,161.9364583,0.166666667,0.166666667,29.034375,966.3104167,,2023,8,Aug,23,Wednesday,0,Monsoon,0.4491309385530193,9.416666667,7.304994689327947,,7,True,True,33.6,44.9,23.0,4.4,5.9,68.8,8.3,68.8,CO,Satisfactory
2023-08-24,28.26041667,95.34722222,7.451190476,15.86785714,14.45,16.71217949,3.391269841,1.266287879,14.86195652,0.619791667,6.033333333,0.884375,,,,28.78181818,66.83636364,,199.8602273,0.0,0.0,145.1556818,965.7227273,,2023,8,Aug,24,Thursday,0,Monsoon,0.2963947560506079,7.5375000000000005,9.734453775739453,,7,True,True,47.1,95.4,19.8,4.2,4.2,64.0,14.9,95.4,PM10,Satisfactory
2023-08-25,33.57291667,128.1076389,2.902083333,14.44965278,10.05520833,12.33949275,4.277430556,1.184375,18.38977273,0.102083333,4.432291667,0.247916667,,,,30.47291667,58.28541667,,231.3697917,0.0,0.0,186.33125,965.6677083,,2023,8,Aug,25,Friday,0,Monsoon,0.26206803090178565,4.782291667000001,43.418367491978344,,7,True,True,56.8,119.6,18.1,3.1,5.3,60.0,18.4,119.6,PM10,Moderate
2023-08-26,43.96527778,186.2256944,2.538541667,14.103125,9.579166667,12.44756944,4.503472222,1.226041667,23.88695652,0.097916667,5.302083333,0.169791667,,,,30.73958333,56.60729167,,247.153125,0.0,0.0,191.9145833,967.5541667,,2023,8,Aug,26,Saturday,1,Monsoon,0.23608599190166316,5.569791667,54.148935982471706,,7,True,True,73.8,157.9,17.6,3.1,5.6,62.1,23.9,157.9,PM10,Moderate
2023-08-27,50.6875,206.9375,2.34375,11.30104167,7.923958333,13.19791667,4.553125,1.169791667,28.64375,0.080208333,4.104166667,0.060416667,,,,31.16354167,52.65104167,,249.1614583,0.0,0.0,197.3166667,967.3416667,,2023,8,Aug,27,Sunday,1,Monsoon,0.2449411054062217,4.244791667,51.1688313856367,,7,True,True,84.8,171.6,14.1,3.3,5.7,59.3,28.6,171.6,PM10,Moderate
2023-08-28,46.90277778,178.1770833,2.319565217,11.67463768,8.09673913,14.99565217,4.679513889,1.222222222,27.05104167,0.09375,6.128125,0.076041667,,,,30.32395833,57.36041667,,247.2729167,0.0,0.0,189.6041667,967.4864583,,2023,8,Aug,28,Monday,0,Monsoon,0.2632368703725436,6.297916667,65.36666666666666,,7,True,True,78.6,152.6,14.6,3.7,5.8,61.9,27.1,152.6,PM10,Moderate
2023-08-29,42.47916667,156.4270833,2.822826087,13.83369565,9.584782609,13.81992754,4.929166667,1.263541667,26.48291667,0.2,6.077083333,0.16875,,,,31.003125,57.384375,,248.10625,0.0,0.0,199.065625,969.6739583,,2023,8,Aug,29,Tuesday,0,Monsoon,0.2715588999926076,6.445833333,30.385416664999997,,7,True,True,71.4,138.2,17.3,3.5,6.2,63.9,26.5,138.2,PM10,Moderate
2023-08-30,50.69097222,159.6631944,3.480208333,15.16354167,10.91666667,12.85520833,6.170138889,1.275,39.95515873,0.164583333,6.346875,0.2875,,,,31.01875,58.490625,,258.925,0.0,0.0,189.9760417,971.48125,,2023,8,Aug,30,Wednesday,0,Monsoon,0.31748689740608116,6.798958333,38.56329121734338,,7,True,True,84.8,140.4,19.0,3.2,7.7,64.5,40.0,140.4,PM10,Moderate
2023-08-31,48.19791667,162.1319444,3.1125,18.41979167,12.34583333,27.9297619,5.590277778,1.298958333,32.19855072,0.825,27.646875,5.638541667,,,,30.63854167,59.13645833,,245.7270833,0.0,0.0,167.259375,972.425,,2023,8,Aug,31,Thursday,0,Monsoon,0.2972758813715923,34.110416667,33.51136363636364,,7,True,True,80.7,142.0,23.0,7.0,7.0,65.6,32.2,142.0,PM10,Moderate
2023-09-01,43.39583333,153.0416667,3.229166667,18.77083333,12.62395833,47.10520833,4.358333333,1.269791667,30.01590909,0.084375,27.6,5.485416667,,,,31.9375,56.62083333,,255.328125,0.0,0.0,194.9614583,972.4572917,,2023,9,Sep,1,Friday,0,Monsoon,0.2835556764751308,33.169791667000005,327.1111111111111,,7,True,True,72.9,136.0,23.5,11.8,5.4,64.2,30.0,136.0,PM10,Moderate
2023-09-02,40.79166667,155.5833333,2.848958333,17.20208333,11.47395833,28.41979167,5.789583333,1.24375,31.15289855,0.094791667,18.47395833,2.967708333,,,,31.90625,54.55833333,,258.053125,0.0,0.0,199.540625,971.5572917,,2023,9,Sep,2,Saturday,1,Monsoon,0.2621853241268742,21.53645833,194.8901091696172,,7,True,True,68.6,137.7,21.5,7.1,7.2,62.9,31.2,137.7,PM10,Moderate
2023-09-03,42.25,155.5416667,2.753125,16.05833333,10.790625,23.77083333,6.349652778,1.236458333,34.08977273,0.116666667,12.24479167,1.977083333,,,,31.06145833,56.71666667,,247.3239583,0.0,0.0,193.5885417,970.5427083,,2023,9,Sep,3,Sunday,1,Monsoon,0.27163139560211486,14.33854167,104.95535687155612,,7,True,True,71.0,137.7,20.1,5.9,7.9,62.6,34.1,137.7,PM10,Moderate
2023-09-04,38.625,145.7916667,2.721875,17.37881944,11.46354167,21.90902778,6.953125,1.247222222,36.31893939,0.122916667,11.73125,1.664583333,,,,31.25729167,56.04375,,242.696875,0.0,0.0,194.9739583,970.1166667,,2023,9,Sep,4,Monday,0,Monsoon,0.26493283789312766,13.518749999999999,95.44067770727952,,7,True,True,65.1,131.2,21.7,5.5,8.7,63.1,36.3,131.2,PM10,Moderate
2023-09-05,36.05208333,82.25,2.209375,13.43125,8.948958333,24.50381944,5.843402778,1.320833333,57.63695652,0.1375,4.925,0.972916667,,,,31.62708333,57.553125,,113.5604167,0.0,0.0,189.60625,971.2708333,,2023,9,Sep,5,Tuesday,0,Monsoon,0.43832320158054716,6.035416667,35.81818181818181,,7,True,True,60.9,82.6,16.8,6.1,7.3,66.7,58.5,82.6,PM10,Satisfactory
2023-09-06,43.69097222,114.6458333,4.175,22.91875,15.57708333,26.87708333,5.519444444,1.392708333,54.57536232,0.261458333,5.989583333,1.144791667,,,,31.90416667,56.79791667,,164.88125,0.0,0.0,161.10625,971.8791667,,2023,9,Sep,6,Wednesday,0,Monsoon,0.38109516030706014,7.395833333,22.90836656179553,,7,True,True,73.4,110.7,28.6,6.7,6.9,70.2,55.5,110.7,PM10,Moderate
2023-09-07,39.70833333,104.6458333,3.172916667,20.68854167,13.59895833,25.49409722,5.951388889,1.3125,60.165625,0.189583333,7.654166667,0.873958333,,,,31.17083333,57.33229167,,187.9447917,0.0,0.0,137.8770833,971.1239583,,2023,9,Sep,7,Thursday,0,Monsoon,0.3794545093464319,8.717708333000001,40.37362644637121,,7,True,True,66.9,104.1,25.9,6.4,7.4,66.3,61.0,104.1,PM10,Moderate
2023-09-08,24.10416667,76.51388889,2.255208333,14.25104167,9.413541667,22.54097222,5.156944444,1.280555556,47.8826087,0.142708333,3.054166667,0.472916667,,,,31.29375,56.07708333,,92.759375,0.0,0.0,185.978125,971.153125,,2023,9,Sep,8,Friday,0,Monsoon,0.3150299510282806,3.669791667,21.401459906339177,,7,True,True,40.2,77.0,17.8,5.6,6.4,64.7,47.9,77.0,PM10,Satisfactory
2023-09-09,9.6375,17.35,2.267857143,9.807936508,7.063095238,20.82936508,4.573412698,1.185714286,33.18916667,0.06547619,1.606349206,0.21547619,,,,27.27261905,68.60952381,,69.36309524,0.821428571,0.71875,66.23452381,970.7623016,,2023,9,Sep,9,Saturday,1,Monsoon,0.5554755043227665,1.887301586,24.533333506424242,,7,True,True,16.1,17.4,12.3,5.2,5.7,60.1,33.2,60.1,CO,Satisfactory
2023-09-10,5.175,11.3452381,1.971875,6.908333333,5.2875,19.0625,4.151388889,1.213541667,36.78958333,0.0125,0.733333333,0.061458333,,,,26.23333333,76.66458333,,67.11041667,0.78125,0.78125,107.0489583,968.40625,,2023,9,Sep,10,Sunday,1,Monsoon,0.4561385097770667,0.807291666,58.66666664,,7,True,True,8.6,11.3,8.6,4.8,5.2,61.5,36.8,61.5,CO,Satisfactory
2023-09-11,14.95833333,30.21875,2.3375,10.35104167,7.409722222,18.19583333,4.928125,1.251388889,34.19791667,0.071875,1.640625,0.079166667,,,,27.53333333,67.709375,,72.01354167,0.005208333,0.005208333,147.35,968.553125,,2023,9,Sep,11,Monday,0,Monsoon,0.49500172343329885,1.7916666669999999,22.826086956521742,,7,True,True,24.9,30.2,12.9,4.5,6.2,63.3,34.2,63.3,CO,Satisfactory
2023-09-12,28.11458333,62.92708333,3.822916667,19.49375,13.484375,17.18645833,4.742013889,1.369444444,32.43825758,0.184375,3.5875,0.452083333,,,,29.75520833,65.09479167,,104.3270833,0.0,0.0,177.55,968.7552083,,2023,9,Sep,12,Tuesday,0,Monsoon,0.44678033435242004,4.223958333,19.457627118644066,,7,True,True,46.9,63.7,24.4,4.3,5.9,69.1,32.4,69.1,CO,Satisfactory
2023-09-13,40.3125,82.64583333,4.815625,21.76388889,15.503125,19.428125,5.171875,1.360763889,41.67878788,0.219791667,3.101041667,0.721875,,,,30.33819444,64.44895833,,90.11041667,0.0,0.0,168.50625,968.8947917,,2023,9,Sep,13,Wednesday,0,Monsoon,0.48777413664684743,4.042708334,14.10900471945554,,7,True,True,67.8,83.0,27.2,4.9,6.5,68.7,41.7,83.0,PM10,Satisfactory
2023-09-14,56.30208333,113.4166667,5.022916667,23.43229167,16.55,23.22326389,4.725694444,1.498263889,51.69047619,0.24375,3.555208333,0.598958333,,,,31.85625,63.95625,,92.75,0.0,0.0,157.053125,969.9166667,,2023,9,Sep,14,Thursday,0,Monsoon,0.4964180747696053,4.3979166659999995,14.585470084102564,,7,True,True,94.0,109.9,29.3,5.8,5.9,75.4,52.7,109.9,PM10,Moderate
2023-09-15,24.9673913,60.125,2.864583333,16.546875,11.13819444,19.53645833,4.46875,1.309722222,34.98333333,0.161458333,1.989583333,0.210416667,,,,28.90104167,68.70208333,,99.578125,0.010416667,0.010416667,140.1885417,971.221875,,2023,9,Sep,15,Friday,0,Monsoon,0.41525806735966736,2.361458333,12.32258066853694,,7,True,True,41.6,60.9,20.7,4.9,5.6,66.2,35.0,66.2,CO,Satisfactory
2023-09-16,16.72916667,52.96875,2.194791667,10.54548611,7.4,21.54513889,5.222916667,1.234375,23.91521739,0.096875,1.027083333,0.054166667,,,,27.78333333,72.61145833,,54.153125,0.104166667,0.104166667,82.29375,970.6125,,2023,9,Sep,16,Saturday,1,Monsoon,0.31583087518584074,1.178125,10.602150534193548,,7,True,True,27.9,53.9,13.2,5.4,6.5,62.5,23.9,62.5,CO,Satisfactory
2023-09-17,14.04166667,51.25,2.254166667,8.921875,6.591666667,19.79166667,4.285069444,1.221875,34.41992754,0.060416667,0.653125,0.008333333,,,,28.48229167,69.06041667,,73.86875,0.0,0.0,123.1166667,968.8958333,,2023,9,Sep,17,Sunday,1,Monsoon,0.273983739902439,0.721875,10.810344767942924,,7,True,True,23.4,52.2,11.2,4.9,5.4,61.9,34.4,61.9,CO,Satisfactory
2023-09-18,20.69565217,73.33333333,2.696875,14.01041667,9.655208333,15.92916667,7.487847222,1.241666667,34.903125,0.108333333,3.272916667,0.18125,,,,29.15833333,63.74895833,,89.89375,0.0,0.0,159.8864583,969.759375,,2023,9,Sep,18,Monday,0,Monsoon,0.28221343869464605,3.5625,30.211538557573963,,7,True,True,34.5,73.9,17.5,4.0,9.4,62.8,34.9,73.9,PM10,Satisfactory
2023-09-19,27.70833333,95.16666667,3.2375,19.89305556,13.228125,15.20104167,5.082986111,1.309375,36.28586957,0.192708333,4.090625,0.192708333,,,,30.81875,60.25729167,,94.00208333,0.0,0.0,177.13125,971.86875,,2023,9,Sep,19,Tuesday,0,Monsoon,0.29115586685495076,4.4760416659999995,21.227027063744046,,7,True,True,46.2,95.3,24.9,3.8,6.4,66.2,36.3,95.3,PM10,Satisfactory
2023-09-20,34.6875,110.75,6.836458333,20.67083333,16.57708333,16.15520833,5.467361111,1.367708333,51.45,0.2375,6.2125,0.50625,,,,30.4125,62.66979167,,187.815625,0.0,0.0,151.9979167,972.209375,,2023,9,Sep,20,Wednesday,0,Monsoon,0.3132054176072235,6.95625,26.15789473684211,,7,True,True,58.7,108.1,25.8,4.0,6.8,69.0,52.4,108.1,PM10,Moderate
2023-09-21,43.02651515,123.6590909,3.365833333,23.575,15.29625,24.53214286,6.35625,1.343253968,36.91626984,0.326515152,5.248106061,0.553409091,,,,30.52261905,63.48571429,,208.1130952,0.0,0.0,129.2928571,971.6464286,,2023,9,Sep,21,Thursday,0,Monsoon,0.34794461803697446,6.128030303999999,16.07308582420702,,7,True,True,72.3,116.6,29.5,6.1,7.9,67.8,36.9,116.6,PM10,Moderate
2023-09-22,40.73263889,113.3020833,5.8625,14.86875,12.690625,17.25416667,5.083680556,1.35625,25.41515152,0.225,7.479166667,0.370833333,,,,30.34270833,62.98854167,,134.5375,0.0,0.0,165.7708333,971.715625,,2023,9,Sep,22,Friday,0,Monsoon,0.3595047655227006,8.075,33.24074074222222,,7,True,True,68.5,109.8,18.6,4.3,6.4,68.5,25.4,109.8,PM10,Moderate
2023-09-23,36.94097222,92.94791667,5.441666667,19.19791667,14.64479167,18.47708333,4.238888889,1.390972222,20.37427536,0.317708333,4.2875,0.688541667,,,,28.58958333,68.41875,,124.434375,0.052083333,0.052083333,113.8395833,972.5520833,,2023,9,Sep,23,Saturday,1,Monsoon,0.3974373341917315,5.293749999999999,13.495081981371888,,7,True,True,62.3,93.1,24.0,4.6,5.3,70.2,20.4,93.1,PM10,Satisfactory
2023-09-24,41.79861111,107.9270833,5.300694444,19.63125,14.75208333,25.86319444,4.6125,1.395486111,31.42065217,0.397916667,8.758333333,0.986458333,,,,27.65416667,68.29791667,,205.6510417,0.0,0.0,141.3645833,972.278125,,2023,9,Sep,24,Sunday,1,Monsoon,0.38728565464716863,10.142708333,22.010471184912692,,7,True,True,70.3,106.2,24.5,6.5,5.8,70.4,31.4,106.2,PM10,Moderate
2023-09-25,42.20138889,106.5625,3.7375,12.78368056,9.851041667,30.33333333,5.167013889,1.374652778,51.5797619,0.251041667,3.757291667,0.29375,,,,28.24791667,65.85104167,,122.184375,0.0,0.0,152.9375,972.5979167,,2023,9,Sep,25,Monday,0,Monsoon,0.3960247637771261,4.302083334000001,14.966804960707975,,7,True,True,70.9,105.3,16.0,7.6,6.5,69.4,52.5,105.3,PM10,Moderate
2023-09-26,56.21875,141.0520833,2.725,14.23854167,9.794791667,29.43854167,4.574652778,1.333680556,38.51702899,0.276041667,4.865625,0.359375,,,,27.52708333,64.71979167,,246.81875,0.0,0.0,155.675,973.6166667,,2023,9,Sep,26,Tuesday,0,Monsoon,0.39856731417734403,5.501041667,17.626415073054893,,7,True,True,93.8,128.1,17.8,7.4,5.7,67.4,38.5,128.1,PM10,Moderate
2023-09-27,40.10763889,137.8333333,3.383333333,18.07083333,12.37395833,20.51458333,4.478819444,1.319444444,35.72727273,0.194791667,4.009375,0.329166667,,,,28.528125,62.51770833,,272.2927083,0.0,0.0,180.7385417,973.5645833,,2023,9,Sep,27,Wednesday,0,Monsoon,0.2909864974585215,4.533333334,20.582887665312708,,7,True,True,67.5,126.0,22.6,5.1,5.6,66.7,35.7,126.0,PM10,Moderate
2023-09-28,43.70833333,147.625,2.664583333,20.55416667,13.10520833,17.965625,6.124652778,1.331944444,43.82173913,0.196875,4.604166667,0.152083333,,,,27.69479167,61.79583333,,269.6135417,0.0,0.0,183.1697917,973.2010417,,2023,9,Sep,28,Thursday,0,Monsoon,0.2960767710753599,4.953125000000001,23.38624338793651,,7,True,True,73.4,132.4,25.7,4.5,7.7,67.3,43.8,132.4,PM10,Moderate
2023-09-29,50.95833333,169.0,4.135416667,26.06354167,17.23541667,19.18958333,7.748611111,1.376041667,56.06413043,0.234375,4.670833333,0.180208333,,,,27.39895833,61.40729167,,250.70625,0.0,0.0,175.39375,972.1458333,,2023,9,Sep,29,Friday,0,Monsoon,0.3015285995857988,5.085416666,19.928888887466666,,7,True,True,85.2,146.5,32.6,4.8,9.7,69.4,56.9,146.5,PM10,Moderate
2023-09-30,59.0,183.1666667,2.959375,22.75520833,14.525,19.57395833,5.799305556,1.389583333,48.44202899,0.367708333,7.361458333,0.5375,,,,32.47222222,59.271875,,277.3322917,0.0,0.0,175.953125,974.2,,2023,9,Sep,30,Saturday,1,Monsoon,0.32211100995048025,8.266666666,20.019830045570384,,7,True,True,98.4,155.9,28.4,4.9,7.2,70.1,48.4,155.9,PM10,Moderate
2023-10-01,50.125,169.1666667,3.25625,19.57083333,13.065625,20.09548611,4.937152778,1.355555556,48.13194444,0.265625,3.951041667,0.310416667,,,,38.40833333,58.99479167,,265.3802083,0.0,0.0,173.0208333,975.13125,,2023,10,Oct,1,Sunday,1,Post-Monsoon,0.2963054186608265,4.527083334,14.874509805176471,,7,True,True,83.9,146.7,24.5,5.0,6.2,68.4,48.1,146.7,PM10,Moderate
2023-10-02,51.16666667,165.1666667,2.870833333,26.26770833,16.31770833,19.20381944,6.705208333,1.356597222,46.23229167,0.319791667,4.904166667,0.2375,,,,38.425,55.97083333,,282.8625,0.0,0.0,175.103125,975.1791667,,2023,10,Oct,2,Monday,0,Post-Monsoon,0.309788092793181,5.461458334,15.33550487105094,,7,True,True,85.6,144.0,32.8,4.8,8.4,68.5,46.2,144.0,PM10,Moderate
2023-10-03,55.91666667,189.75,3.036458333,24.82604167,15.68020833,18.96527778,7.834375,1.338194444,55.46818182,0.310416667,4.429166667,0.2125,,,,38.42916667,53.4125,,272.471875,0.0,0.0,176.26875,975.1864583,,2023,10,Oct,3,Tuesday,0,Post-Monsoon,0.29468599035573123,4.952083334,14.26845636159092,,7,True,True,93.3,160.2,31.0,4.7,9.8,67.6,56.4,160.2,PM10,Moderate
2023-10-04,58.75,208.625,3.530208333,27.04895833,17.33958333,23.10451389,6.689236111,1.399305556,57.04456522,0.315625,7.341666667,0.491666667,,,,38.43645833,56.78958333,,267.3979167,0.0,0.0,170.7520833,975.271875,,2023,10,Oct,4,Wednesday,0,Post-Monsoon,0.28160575194727383,8.148958334,23.260726073663367,,7,True,True,98.0,172.7,33.8,5.8,8.4,70.6,57.9,172.7,PM10,Moderate
2023-10-05,69.36805556,220.7083333,9.282291667,32.159375,24.66979167,25.04166667,6.970138889,1.501041667,60.53134921,0.35625,9.634375,0.745833333,,,,38.42708333,57.20416667,,245.71875,0.0,0.0,166.8166667,975.21875,,2023,10,Oct,5,Thursday,0,Post-Monsoon,0.31429740111222165,10.736458333,27.04385964912281,,7,True,True,131.9,180.7,40.2,6.3,8.7,75.6,61.3,180.7,PM10,Moderate
2023-10-06,89.15909091,147.8,8.151041667,34.38263889,25.146875,26.58645833,10.96284722,1.579861111,51.0807971,0.5,13.35833333,1.1,,,,38.39479167,55.37083333,,240.2520833,0.0,0.0,165.390625,975.0177083,,2023,10,Oct,6,Friday,0,Post-Monsoon,0.6032414811231394,14.95833333,26.71666666,,7,True,True,197.2,132.5,43.0,6.6,13.7,79.4,52.1,197.2,PM2.5,Moderate
2023-10-07,103.6979167,278.8229167,40.95,31.04166667,49.90520833,26.89583333,7.943402778,1.674305556,23.64242424,0.613541667,15.26354167,2.216666667,,,,38.390625,58.84895833,,267.746875,0.0,0.0,160.7395833,975.0385417,,2023,10,Oct,7,Saturday,1,Post-Monsoon,0.37191317674785657,18.093750004,24.87775890532957,,7,True,True,246.2,229.5,38.8,6.7,9.9,84.0,23.6,246.2,PM2.5,Poor
2023-10-08,72.16666667,192.7604167,17.61979167,25.915625,28.15,32.68958333,7.067361111,1.476388889,22.92840909,0.346875,9.148958333,1.527083333,,,,38.4,57.96354167,,208.5791667,0.0,0.0,157.2104167,975.025,,2023,10,Oct,8,Sunday,1,Post-Monsoon,0.3743853012224786,11.022916666,26.375375374414414,,7,True,True,141.2,162.2,32.4,8.2,8.8,74.3,22.9,162.2,PM10,Moderate
2023-10-09,87.47916667,223.7604167,18.74895833,25.04479167,28.59895833,32.32951389,7.555902778,1.576041667,22.75036232,0.409375,9.148958333,0.90625,,,,38.4,56.51875,,157.1020833,0.0,0.0,154.4583333,974.971875,,2023,10,Oct,9,Monday,0,Post-Monsoon,0.39095014194259853,10.464583333,22.348600508091604,,7,True,True,191.7,182.7,31.3,8.1,9.4,79.2,22.8,191.7,PM2.5,Moderate
2023-10-10,75.26041667,233.1979167,9.8625,35.325,26.8375,35.0875,7.15,1.547222222,34.58181818,0.45,10.93645833,1.009375,,,,38.41875,56.59791667,,226.2135417,0.0,0.0,147.553125,975.128125,,2023,10,Oct,10,Tuesday,0,Post-Monsoon,0.32273194261344784,12.39583333,24.303240733333332,,7,True,True,151.4,188.9,44.2,8.8,8.9,77.8,34.6,188.9,PM10,Moderate
2023-10-11,78.75,178.2916667,3.276086957,31.43152174,19.45434783,22.26775362,6.419202899,1.460416667,32.26818182,0.395833333,11.52291667,0.990625,,,,38.37395833,56.4125,,278.8666667,0.0,0.0,162.1114583,974.9989583,,2023,10,Oct,11,Wednesday,0,Post-Monsoon,0.44169198402585796,12.909375003000001,29.110526348724655,,7,True,True,162.9,152.7,39.3,5.6,8.0,73.6,32.3,162.9,PM2.5,Moderate
2023-10-12,125.5416667,249.5,12.18020833,31.20277778,26.55416667,27.64166667,7.978472222,1.653819444,42.94204545,0.497916667,15.54583333,1.430208333,,,,38.38854167,56.86666667,,199.9625,0.0,0.0,150.7333333,975.0072917,,2023,10,Oct,12,Thursday,0,Post-Monsoon,0.5031730128256513,17.47395833,31.22175729457958,,7,True,True,305.2,199.7,39.0,6.9,10.0,83.0,42.9,305.2,PM2.5,Very Poor
2023-10-13,144.7083333,333.375,30.98541667,38.37083333,45.68125,30.75833333,9.491666667,1.730208333,47.61363636,0.628125,15.54479167,2.495833333,,,,38.40520833,57.115625,,195.8864583,0.0,0.0,138.4635417,975.0708333,,2023,10,Oct,13,Friday,0,Post-Monsoon,0.4340707410573678,18.668750003,24.74792703681592,,7,True,True,319.8,283.5,48.0,7.7,11.9,86.8,47.6,319.8,PM2.5,Very Poor
2023-10-14,109.875,250.3958333,10.4625,35.34270833,27.334375,29.67881944,8.337847222,1.611458333,32.92934783,0.761458333,8.554166667,0.820833333,,,,35.22291667,55.71354167,,174.9458333,0.0,0.0,133.3322917,974.93125,,2023,10,Oct,14,Saturday,1,Post-Monsoon,0.43880522511873604,10.136458333,11.233926133946452,,7,True,True,266.6,201.4,44.2,7.4,10.4,81.0,32.9,266.6,PM2.5,Poor
2023-10-15,72.76041667,202.0729167,35.365625,27.74166667,43.61041667,26.02083333,6.359375,1.577430556,27.10833333,0.530208333,7.626041667,1.160416667,,,,25.89583333,55.446875,,134.1802083,0.0,0.0,131.1229167,974.7135417,,2023,10,Oct,15,Sunday,1,Post-Monsoon,0.3600701066636309,9.316666667,14.383104135407844,,7,True,True,143.1,168.4,34.7,6.5,7.9,79.3,27.1,168.4,PM10,Moderate
2023-10-16,53.58333333,155.5833333,3.147826087,21.20217391,13.84130435,25.39528986,6.244565217,1.315217391,28.38863636,0.461458333,2.951041667,0.246875,,,,24.34166667,56.90833333,,101.3791667,0.0625,0.0625,102.2864583,974.634375,,2023,10,Oct,16,Monday,0,Post-Monsoon,0.34440278526928825,3.6593750000000003,6.3950338653869325,,7,True,True,89.5,137.7,26.5,6.3,7.8,66.4,28.4,137.7,PM10,Moderate
2023-10-17,25.61956522,58.34782609,9.605208333,23.6875,20.44513889,21.65833333,5.390625,1.285069444,27.26701389,0.480208333,6.089583333,0.64375,,,,22.72708333,67.0375,,103.2760417,0.0,0.0,92.45625,974.6958333,,2023,10,Oct,17,Tuesday,0,Post-Monsoon,0.43908345754788686,7.213541666,12.681127990754797,,7,True,True,42.7,59.2,29.6,5.4,6.7,65.0,27.3,65.0,CO,Satisfactory
2023-10-18,39.21875,104.9166667,8.088541667,27.19479167,21.06041667,20.32673611,5.909375,1.267361111,31.80719697,0.548958333,10.465625,0.81875,,,,24.00729167,60.184375,,276.4447917,0.0,0.0,159.7791667,974.6010417,,2023,10,Oct,18,Wednesday,0,Post-Monsoon,0.37380857811793217,11.833333332999999,19.064516140608436,,7,True,True,66.1,104.2,34.0,5.1,7.4,64.1,31.8,104.2,PM10,Moderate
2023-10-19,46.05208333,114.25,2.969791667,30.29375,18.51145833,18.73576389,6.824305556,1.342013889,41.7,0.715625,13.87604167,0.401041667,,,,23.659375,58.0875,,271.9541667,0.0,0.0,155.484375,974.7552083,,2023,10,Oct,19,Thursday,0,Post-Monsoon,0.40308169216630196,14.992708336999998,19.390101896943232,,7,True,True,77.2,110.4,37.9,4.7,8.5,67.8,41.7,110.4,PM10,Moderate
2023-10-20,91.0625,181.375,19.540625,35.48958333,34.784375,24.49097222,8.835763889,1.555208333,47.17840909,1.084375,13.81145833,1.294791667,,,,23.58541667,59.496875,,265.2635417,0.0,0.0,151.3395833,974.6885417,,2023,10,Oct,20,Friday,0,Post-Monsoon,0.5020675396278429,16.190624997,12.73679154351585,,7,True,True,204.5,154.7,44.4,6.1,11.0,78.2,47.2,204.5,PM2.5,Poor
2023-10-21,122.8958333,219.9756944,19.6625,36.0125,35.196875,29.84166667,10.95902778,1.64673913,60.90909091,1.508333333,17.43958333,2.507291667,,,,23.61145833,59.65104167,,169.9583333,0.0,0.0,139.1322917,974.5885417,,2023,10,Oct,21,Saturday,1,Post-Monsoon,0.5586791469630655,21.45520833,11.562154696477826,,7,True,True,303.2,180.2,45.0,7.5,13.7,82.7,61.7,303.2,PM2.5,Very Poor
2023-10-22,134.84375,254.75,20.62083333,40.775,38.496875,33.584375,10.63888889,1.765972222,53.3797619,1.461458333,15.45416667,2.204166667,,,,23.68229167,60.928125,,210.2010417,0.0,0.0,113.5635417,974.5510417,,2023,10,Oct,22,Sunday,1,Post-Monsoon,0.5293179587831207,19.119791669999998,10.574483254870874,,7,True,True,312.3,205.7,51.9,8.4,13.3,88.5,54.3,312.3,PM2.5,Very Poor
2023-10-23,112.4166667,227.1354167,13.84375,36.1625,30.509375,31.89027778,6.390277778,1.649652778,35.17045455,0.852083333,11.09375,1.147916667,,,,24.09166667,59.99479167,,262.125,0.0,0.0,139.1958333,974.5885417,,2023,10,Oct,23,Monday,0,Post-Monsoon,0.494932355038579,13.09375,13.019559907293715,,7,True,True,275.0,184.9,45.2,8.0,8.0,82.8,35.2,275.0,PM2.5,Poor
2023-10-24,90.16666667,184.6666667,6.455208333,33.67083333,23.215625,26.71770833,10.57777778,1.512962963,39.1,0.359375,10.92916667,0.521875,,,,24.103125,56.14895833,,257.8020833,0.0,0.0,139.1833333,974.63125,,2023,10,Oct,24,Tuesday,0,Post-Monsoon,0.4882671479443561,11.81041667,30.411594212173917,,7,True,True,201.6,156.9,42.1,6.7,13.2,76.1,39.1,201.6,PM2.5,Poor
2023-10-25,111.90625,228.4375,6.469791667,40.22916667,26.67395833,29.52569444,9.085069444,1.5625,39.759375,0.375,13.01458333,0.607291667,,,,24.00104167,56.93333333,,261.959375,0.0,0.0,135.9208333,974.4979167,,2023,10,Oct,25,Wednesday,0,Post-Monsoon,0.48987688098495213,13.996874997,34.705555546666666,,7,True,True,273.3,185.8,51.3,7.4,11.4,78.6,39.8,273.3,PM2.5,Poor
2023-10-26,90.45138889,205.7916667,9.026041667,37.61666667,27.36458333,26.02395833,9.039583333,1.541203704,51.07395833,0.684375,18.140625,0.722916667,,,,24.17708333,53.04895833,,259.2802083,0.0,0.0,136.9208333,974.59375,,2023,10,Oct,26,Thursday,0,Post-Monsoon,0.4395289194185821,19.547916667,26.506849315068497,,7,True,True,202.5,170.8,47.0,6.5,11.3,77.5,52.1,202.5,PM2.5,Poor
2023-10-27,121.0,261.375,32.54659091,54.05398551,56.15340909,26.79270833,10.63194444,1.752314815,46.48125,1.41875,20.203125,1.757291667,,,,23.69791667,53.61875,,281.6239583,0.0,0.0,132.9291667,974.5135417,,2023,10,Oct,27,Friday,0,Post-Monsoon,0.46293639406982307,23.379166667,14.240088105726873,,7,True,True,301.8,212.3,68.2,6.7,13.3,87.9,46.5,301.8,PM2.5,Very Poor
2023-10-28,157.5625,319.125,64.65486111,54.59861111,81.94791667,32.39895833,10.77708333,2.150793651,52.62291667,2.232291667,21.90208333,3.783333333,,,,23.6875,56.66770833,,202.153125,0.0,0.0,118.8739583,974.6520833,,2023,10,Oct,28,Saturday,1,Post-Monsoon,0.4937328632980807,27.917708330000004,9.811479231759368,,7,True,True,329.6,269.4,68.9,8.1,13.5,102.9,53.6,329.6,PM2.5,Very Poor
2023-10-29,175.2916667,324.3229167,6.301041667,48.20104167,30.76875,42.61458333,12.89166667,2.313888889,50.04126984,2.048958333,12.45208333,1.890625,,,,23.94895833,60.13645833,,43.76458333,0.0,0.0,104.190625,974.7208333,,2023,10,Oct,29,Sunday,1,Post-Monsoon,0.5404849847910855,16.391666663000002,6.077275037490966,,7,True,True,343.1,274.6,61.0,10.7,16.1,104.9,51.0,343.1,PM2.5,Very Poor
2023-10-30,135.7604167,258.0208333,2.955208333,33.86458333,20.43125,42.85729167,8.522222222,1.200462963,54.04166667,1.308333333,5.40625,0.565625,,,,24.11145833,62.08020833,,61.903125,0.0,0.0,110.5291667,974.7083333,,2023,10,Oct,30,Monday,0,Post-Monsoon,0.5261606784369687,7.280208333,4.132165606148322,,7,True,True,313.0,208.9,42.3,10.7,10.7,60.8,55.0,313.0,PM2.5,Very Poor
2023-10-31,176.5978261,301.9456522,7.345833333,39.31666667,26.89375,50.81041667,8.549305556,1.464814815,46.86145833,1.1625,5.810416667,0.908333333,,,,23.95208333,65.96458333,,62.00104167,0.0,0.0,90.12604167,974.5666667,,2023,10,Oct,31,Tuesday,0,Post-Monsoon,0.584866265876969,7.88125,4.998207885591397,,7,True,True,344.1,252.4,49.1,12.7,10.7,73.8,46.9,344.1,PM2.5,Very Poor
2023-11-01,155.8020833,279.5381944,6.035416667,39.44722222,25.90208333,47.99375,7.885763889,1.35787037,48.71458333,2.03125,9.427083333,1.670833333,,,,23.81354167,65.1125,,56.74791667,0.0,0.0,109.2791667,974.6125,,2023,11,Nov,1,Wednesday,0,Post-Monsoon,0.557355261002573,13.129166666,4.641025640861539,,7,True,True,328.3,230.2,49.3,12.0,9.9,68.5,48.7,328.3,PM2.5,Very Poor
2023-11-02,270.6458333,470.6458333,27.32604167,51.25833333,49.540625,65.94479167,12.4625,1.764814815,34.21145833,2.634375,13.27604167,2.43125,,,,23.34479167,68.76458333,,93.83645833,0.0,0.0,70.86354167,974.6864583,,2023,11,Nov,2,Thursday,0,Post-Monsoon,0.5750520118330346,18.34166667,5.039541321945433,,7,True,True,409.2,424.7,64.8,16.5,15.6,88.5,34.2,424.7,PM10,Severe
2023-11-03,237.96875,457.3229167,30.80625,56.43090278,55.103125,54.65729167,8.382638889,1.578703704,39.315625,2.629166667,19.45625,3.423958333,,,,23.75208333,66.27291667,,202.571875,0.0,0.0,89.28645833,974.5354167,,2023,11,Nov,3,Friday,0,Post-Monsoon,0.5203516843572165,25.509375,7.400158477667175,,7,True,True,390.8,416.9,71.1,13.7,10.5,79.4,39.3,416.9,PM10,Severe
2023-11-04,239.2916667,497.3125,46.77083333,61.77430556,70.88784722,50.5125,9.404861111,1.830701754,39.68020833,2.3875,18.86145833,2.842708333,,,,23.53020833,65.690625,,108.2427083,0.0,0.0,75.19375,974.9135417,,2023,11,Nov,4,Saturday,1,Post-Monsoon,0.48116962010808095,24.091666663,7.900087258638743,,7,True,True,391.8,440.2,77.7,12.6,11.8,91.7,39.7,440.2,PM10,Severe
2023-11-05,247.8229167,477.6145833,18.671875,55.23020833,44.59722222,46.21979167,10.04618056,1.805092593,34.51875,2.260416667,16.96979167,2.134375,,,,23.27708333,65.540625,,255.9333333,0.0,0.0,82.14583333,975.078125,,2023,11,Nov,5,Sunday,1,Post-Monsoon,0.5188763604907288,21.364583337,7.507373272256977,,7,True,True,398.3,428.7,69.7,11.6,12.6,90.4,34.5,428.7,PM10,Severe
2023-11-06,180.4394928,393.7333333,29.8326087,44.37173913,47.85942029,34.38550725,6.973188406,1.475490196,49.28402778,2.869791667,10.04791667,1.553125,,,,22.77604167,63.70416667,,172.2052083,0.0,0.0,99.96770833,974.8875,,2023,11,Nov,6,Monday,0,Post-Monsoon,0.45827842740080243,14.470833336999998,3.501270418177711,,7,True,True,347.0,355.1,56.4,8.6,8.7,74.3,49.3,355.1,PM10,Very Poor
2023-11-07,152.9204861,,19.87395833,50.76666667,43.08472222,40.51770833,11.16319444,1.601851852,44.2031746,1.942708333,8.620833333,1.264583333,,,,22.90416667,62.171875,,86.37916667,0.0,0.0,83.67916667,974.871875,,2023,11,Nov,7,Tuesday,0,Post-Monsoon,,11.828124999,4.437533512654162,,6,True,True,326.1,,64.2,10.1,14.0,80.5,44.2,326.1,PM2.5,Very Poor
2023-11-08,202.1847222,372.3333333,52.509375,62.75729167,76.15208333,43.72083333,13.92013889,1.735648148,43.50104167,0.696875,12.70833333,0.771875,,,,23.19270833,63.43854167,,160.1979167,0.0,0.0,86.53854167,975.0916667,,2023,11,Nov,8,Wednesday,0,Post-Monsoon,0.5430207400665193,14.17708333,18.236173388340806,,7,True,True,363.6,328.6,78.9,10.9,17.4,87.0,43.5,363.6,PM2.5,Very Poor
2023-11-09,380.6145833,486.1006944,22.3625,60.78784722,50.55729167,58.375,10.01180556,1.812254902,26.82673611,0.886458333,10.18541667,0.709375,,,,23.22326389,65.95486111,,245.3329861,0.0,0.0,68.84305556,975.0989583,,2023,11,Nov,9,Thursday,0,Post-Monsoon,0.7829953499033717,11.781250003,11.490011758962167,,7,True,True,452.7,433.7,76.5,14.6,12.5,90.8,26.8,452.7,PM2.5,Severe
2023-11-10,113.15625,165.3125,5.673958333,31.578125,21.57465278,45.078125,4.817013889,1.001041667,20.45104167,0.708680556,8.159375,0.793055556,,,,22.12291667,72.503125,,149.5114583,0.078125,0.078125,41.14166667,974.8614583,,2023,11,Nov,10,Friday,0,Post-Monsoon,0.6844990548204158,9.661111112000002,11.513473780138538,,7,True,True,277.4,144.1,39.5,11.3,6.0,51.1,20.5,277.4,PM2.5,Poor
2023-11-11,72.55208333,117.6041667,7.2125,26.88333333,20.17708333,33.50208333,5.817361111,1.007291667,29.75104167,0.683333333,7.258333333,0.465625,,,,21.72395833,71.13541667,,216.2979167,0.0,0.0,113.1916667,974.421875,,2023,11,Nov,11,Saturday,1,Post-Monsoon,0.6169176260146912,8.407291666,10.62195122420583,,7,True,True,142.4,112.6,33.6,8.4,7.3,51.4,29.8,142.4,PM2.5,Moderate
2023-11-12,107.8472222,149.5243056,2.01875,23.565625,14.18229167,30.15381944,8.112152778,0.99375,44.64270833,0.732291667,3.796875,0.140625,,,,21.95416667,65.63541667,,248.759375,0.0,0.0,123.1291667,974.2239583,,2023,11,Nov,12,Sunday,1,Post-Monsoon,0.721268838315207,4.669791667,5.184921761508997,,7,True,True,259.9,133.7,29.5,7.5,10.1,49.7,44.6,259.9,PM2.5,Poor
2023-11-13,282.1006944,327.5520833,8.165625,35.4625,25.6,43.5375,21.35,1.422569444,41.91875,1.798958333,6.736458333,0.811458333,,,,21.50416667,68.70833333,,249.3229167,0.0,0.0,91.73333333,974.328125,,2023,11,Nov,13,Monday,0,Post-Monsoon,0.8612392006727927,9.346874999,3.7446438916492677,,7,True,True,413.7,277.8,44.3,10.9,26.7,71.7,41.9,413.7,PM2.5,Severe
2023-11-14,229.78125,278.0520833,7.144791667,44.74791667,29.59618056,40.55,10.01875,1.326736111,37.4625,1.901041667,11.41666667,1.145833333,,,,21.50208333,66.36458333,,279.1239583,0.0,0.0,85.23125,974.3395833,,2023,11,Nov,14,Tuesday,0,Post-Monsoon,0.8263964336209669,14.46354167,6.005479452755203,,7,True,True,384.6,228.8,56.8,10.1,12.5,67.0,37.5,384.6,PM2.5,Very Poor
2023-11-15,282.2159091,325.7272727,3.65,44.67916667,26.753125,48.4,9.596180556,1.365972222,42.95729167,1.727083333,10.51354167,0.7,,,,21.63125,64.7875,,243.6666667,0.0,0.0,101.1447917,974.3697917,,2023,11,Nov,15,Wednesday,0,Post-Monsoon,0.866417806408017,12.940625003,6.087454767881777,,7,True,True,413.8,276.0,56.7,12.1,12.0,68.9,43.0,413.8,PM2.5,Severe
2023-11-16,328.9375,397.2604167,22.33854167,57.24756944,48.66354167,53.334375,9.374305556,1.624652778,43.17395833,2.017708333,9.471875,1.177083333,,,,21.71770833,68.18958333,,188.0625,0.0,0.0,91.959375,974.3520833,,2023,11,Nov,16,Thursday,0,Post-Monsoon,0.8280147887183142,12.666666666000001,4.694372742128136,,7,True,True,432.3,359.5,72.1,13.3,11.7,81.6,43.2,432.3,PM2.5,Severe
2023-11-17,211.6180556,313.2326389,74.26195652,48.96666667,90.07083333,39.55,7.882638889,1.732638889,40.51770833,2.560416667,23.07708333,3.240625,,,,22.09375,68.603125,,151.5677083,0.0,0.0,97.39375,974.4375,,2023,11,Nov,17,Friday,0,Post-Monsoon,0.6755938855642671,28.878124997,9.013018711926701,,7,True,True,370.8,263.6,62.0,9.9,9.9,86.9,40.5,370.8,PM2.5,Very Poor
2023-11-18,200.71875,281.875,27.59305556,49.65208333,48.86041667,40.96875,7.704513889,1.468402778,59.96969697,2.282291667,17.31770833,2.534375,,,,18.26354167,67.68645833,,121.2645833,0.0,0.0,89.65416667,974.4822917,,2023,11,Nov,18,Saturday,1,Post-Monsoon,0.7120842572062084,22.134374997,7.587859422351385,,7,True,True,362.5,232.6,62.8,10.2,9.6,74.0,60.8,362.5,PM2.5,Very Poor
2023-11-19,210.75,290.7083333,30.5375,47.24375,50.01145833,40.18645833,8.647569444,1.669097222,63.24479167,3.067708333,12.71666667,2.9,,,,15.40625,68.81979167,,76.378125,0.0,0.0,84.62916667,974.4072917,,2023,11,Nov,19,Sunday,1,Post-Monsoon,0.7249534184577846,18.684375003,4.145331071146521,,7,True,True,370.1,241.3,59.9,10.0,10.8,83.8,64.0,370.1,PM2.5,Very Poor
2023-11-20,210.21875,289.0,13.39791667,49.49166667,37.25416667,40.58645833,6.64375,1.38125,47.9,2.301041667,10.51145833,1.4125,,,,15.465625,67.29791667,,160.075,0.0,0.0,82.91458333,974.3916667,,2023,11,Nov,20,Monday,0,Post-Monsoon,0.7274005190311419,14.224999997,4.56813037362526,,7,True,True,369.7,239.6,62.6,10.1,8.3,69.7,47.9,369.7,PM2.5,Very Poor
2023-11-21,270.9791667,322.75,4.823958333,38.66041667,24.50104167,45.90416667,10.646875,1.300347222,,1.658333333,15.159375,1.127083333,,,,15.90729167,61.82708333,,246.5770833,0.0,0.0,82.46875,974.415625,,2023,11,Nov,21,Tuesday,0,Post-Monsoon,0.8395946295894655,17.944791666000004,9.14133166012891,,6,True,True,409.3,273.0,48.3,11.5,13.3,65.7,,409.3,PM2.5,Severe
2023-11-22,277.3090278,342.4166667,8.297916667,47.125,31.825,39.834375,9.602083333,1.429513889,18.67222222,2.251041667,16.515625,0.978125,,,,15.25833333,57.80208333,,250.2791667,0.0,0.0,93.75416667,974.2083333,,2023,11,Nov,22,Wednesday,0,Post-Monsoon,0.8098584408070229,19.744791666999998,7.3368810724906055,,7,True,True,411.8,292.5,59.7,10.0,12.0,72.0,18.7,411.8,PM2.5,Severe
2023-11-23,301.7604167,370.9583333,35.81979167,59.79097222,60.97291667,45.74479167,7.78125,1.737152778,53.890625,2.978125,14.62291667,2.472916667,,,,15.190625,67.628125,,143.3614583,0.0,0.0,82.97916667,974.5260417,,2023,11,Nov,23,Thursday,0,Post-Monsoon,0.8134617546277401,20.073958337,4.910108430640085,,7,True,True,421.5,326.9,75.2,11.4,9.7,87.1,54.8,421.5,PM2.5,Severe
2023-11-24,329.5652174,426.6086957,27.78645833,56.45625,52.68472222,48.47291667,9.037152778,1.796527778,54.99479167,2.459375,12.54895833,1.35,,,,15.11979167,68.67916667,,178.928125,0.0,0.0,74.671875,974.821875,,2023,11,Nov,24,Friday,0,Post-Monsoon,0.7725234406186531,16.35833333,5.102498939771283,,7,True,True,432.5,395.8,71.2,12.1,11.3,90.0,55.9,432.5,PM2.5,Severe
2023-11-25,310.3541667,410.5833333,34.67638889,49.35798611,54.55763889,43.41666667,9.328819444,1.592361111,46.15208333,1.558333333,12.15208333,1.047916667,,,,15.21875,67.38541667,,275.7052083,0.0,0.0,73.87916667,975.01875,,2023,11,Nov,25,Saturday,1,Post-Monsoon,0.7558859347883813,14.75833333,7.7981283417750005,,7,True,True,424.9,376.0,62.5,10.9,11.7,80.0,46.2,424.9,PM2.5,Severe
2023-11-26,262.9479167,321.9166667,6.816666667,38.590625,26.07916667,42.5625,8.829166667,1.434027778,52.18888889,1.670833333,5.702083333,0.570833333,,,,15.49791667,67.00625,,200.4510417,0.0,0.0,70.85208333,975.0270833,,2023,11,Nov,26,Sunday,1,Post-Monsoon,0.816819829167298,7.9437499990000005,3.412718204970118,,7,True,True,406.1,272.2,48.2,10.6,11.0,72.3,53.1,406.1,PM2.5,Severe
2023-11-27,243.9791667,290.375,13.75416667,31.83506944,28.17083333,48.64479167,6.759375,1.537152778,23.675,2.053125,5.752083333,0.614583333,,,,14.73125,70.04375,,118.28125,0.005208333,0.005208333,35.15,974.9135417,,2023,11,Nov,27,Monday,0,Post-Monsoon,0.8402209787343952,8.419791666,2.8016235411872144,,7,True,True,395.4,241.0,39.8,12.2,8.4,77.3,23.7,395.4,PM2.5,Very Poor
2023-11-28,133.9166667,157.25,10.38229167,22.73958333,20.565625,45.90625,4.596875,1.197916667,20.59479167,0.4875,3.266666667,0.029166667,,,,14.65625,77.075,,202.0875,0.005208333,0.005208333,38.23020833,974.7895833,,2023,11,Nov,28,Tuesday,0,Post-Monsoon,0.8516163224165342,3.783333334,6.700854701538462,,7,True,True,311.6,138.8,28.4,11.5,5.7,60.7,20.6,311.6,PM2.5,Very Poor
2023-11-29,179.7765152,237.0227273,11.7625,28.50729167,24.7625,42.58333333,6.725347222,1.360416667,37.84583333,0.503125,3.066666667,0.023958333,,,,15.175,74.0625,,121.8927083,0.0,0.0,68.41770833,974.3729167,,2023,11,Nov,29,Wednesday,0,Post-Monsoon,0.7584779622101665,3.5937499999999996,6.09523809590062,,7,True,True,346.5,191.4,35.6,10.6,8.4,68.7,37.8,346.5,PM2.5,Very Poor
2023-11-30,228.8645833,264.71875,9.24375,23.62708333,20.10034722,49.76666667,6.243402778,1.373263889,42.11770833,0.616666667,2.359375,0.0375,,,,15.41666667,73.515625,,99.26666667,0.0,0.0,58.65520833,974.0354167,,2023,11,Nov,30,Thursday,0,Post-Monsoon,0.8645575098099397,3.013541667,3.8260135114453986,,7,True,True,383.9,215.6,29.5,12.4,7.8,69.3,42.1,383.9,PM2.5,Very Poor
2023-12-01,189.9444444,229.625,7.919791667,25.47395833,20.06458333,43.86458333,7.810763889,1.302083333,36.39479167,1.134375,5.985416667,0.3375,,,,15.28854167,75.27083333,,157.625,0.0,0.0,69.32395833,974.015625,,2023,12,Dec,1,Friday,0,Winter,0.8271940964616222,7.457291667,5.276400367603306,,7,True,True,354.3,186.6,31.8,11.0,9.8,65.8,36.4,354.3,PM2.5,Very Poor
2023-12-02,146.4479167,219.9895833,29.22048611,32.03645833,41.00347222,34.77708333,9.106597222,1.223263889,34.078125,1.647916667,12.50208333,1.451041667,,,,15.0125,72.09895833,,251.2375,0.0,0.0,83.64583333,973.9260417,,2023,12,Dec,2,Saturday,1,Winter,0.6657038688067737,15.601041664,7.586599237909158,,7,True,True,321.1,180.2,40.0,8.7,11.4,61.9,34.1,321.1,PM2.5,Very Poor
2023-12-03,167.8863636,228.2159091,27.42916667,30.66770833,38.68958333,32.43958333,4.2,1.332291667,37.79895833,2.135416667,12.809375,1.428125,,,,15.53125,66.98125,,164.35625,0.0,0.0,89.86979167,973.9114583,,2023,12,Dec,3,Sunday,1,Winter,0.7356470644929285,16.372916667,5.998536584429496,,7,True,True,337.5,185.6,38.3,8.1,5.2,67.3,37.8,337.5,PM2.5,Very Poor
2023-12-04,160.7083333,210.6770833,13.428125,27.03645833,25.33645833,34.62152778,14.65,1.161805556,44.35104167,1.835416667,12.20520833,1.322916667,,,,15.35208333,65.684375,,209.0927083,0.0,0.0,81.07708333,973.8822917,,2023,12,Dec,4,Monday,0,Winter,0.7628182941528315,15.363541664,6.649829735909225,,7,True,True,332.0,174.0,33.8,8.7,18.3,58.9,44.4,332.0,PM2.5,Very Poor
2023-12-05,140.0625,188.0555556,9.603125,30.325,23.99479167,31.33993056,8.980555556,1.105208333,36.08229167,1.56875,7.015625,0.690625,,,,15.00208333,65.696875,,212.8979167,0.0,0.0,92.45729167,973.8354167,,2023,12,Dec,5,Tuesday,0,Winter,0.7447932051415556,9.275,4.472111553784861,,7,True,True,316.3,159.1,37.9,7.8,11.2,56.2,36.1,316.3,PM2.5,Very Poor
2023-12-06,157.6145833,250.1354167,18.084375,39.92083333,36.00416667,32.34375,7.421875,1.215625,35.53333333,1.644791667,11.28854167,1.0375,,,,15.07291667,65.271875,,215.6104167,0.0,0.0,96.07083333,974.0885417,,2023,12,Dec,6,Wednesday,0,Winter,0.6301170197302971,13.970833337,6.863204560483708,,7,True,True,329.6,201.1,49.9,8.1,9.3,61.6,35.5,329.6,PM2.5,Very Poor
2023-12-07,219.0833333,310.702381,61.296875,47.446875,75.21041667,42.015625,9.891666667,1.671875,36.959375,2.352083333,21.22604167,2.301041667,,,,14.9625,70.225,,172.98125,0.0,0.0,83.509375,974.2145833,,2023,12,Dec,7,Thursday,0,Winter,0.7051228014245569,25.87916667,9.024357841491495,,7,True,True,376.5,261.1,60.1,10.5,12.4,83.9,37.0,376.5,PM2.5,Very Poor
2023-12-08,209.1319444,300.4583333,41.625,54.240625,62.81354167,38.88125,7.972222222,1.400694444,38.65833333,2.730208333,20.81770833,2.236458333,,,,14.9125,67.46770833,,244.6697917,0.0,0.0,90.27708333,974.23125,,2023,12,Dec,8,Friday,0,Winter,0.696043082257223,25.784374995999997,7.62495230798931,,7,True,True,368.9,251.0,68.4,9.7,10.0,70.6,38.7,368.9,PM2.5,Very Poor
2023-12-09,184.0625,257.5625,20.60729167,51.71076389,44.33680556,38.21770833,9.330555556,1.175347222,39.34895833,1.884375,11.80833333,0.976041667,,,,14.803125,67.50208333,,244.1947917,0.0,0.0,91.659375,974.2135417,,2023,12,Dec,9,Saturday,1,Winter,0.7146323707837904,14.668749997,6.266445548258707,,7,True,True,349.8,208.5,65.3,9.6,11.7,59.6,39.3,349.8,PM2.5,Very Poor
2023-12-10,160.7118056,212.3645833,9.24375,43.74270833,30.76944444,35.05416667,9.767708333,1.165625,41.66041667,1.211458333,7.932291667,0.364583333,,,,14.534375,64.821875,,239.1260417,0.0,0.0,91.725,974.2625,,2023,12,Dec,10,Sunday,1,Winter,0.7567731073734082,9.508333333000001,6.547721412222933,,7,True,True,332.0,175.2,55.6,8.8,12.2,59.1,41.7,332.0,PM2.5,Very Poor
2023-12-11,184.5034722,240.4270833,20.53229167,43.77395833,40.00416667,34.58055556,8.638541667,1.327777778,42.73541667,0.919791667,4.33125,0.236458333,,,,14.68958333,65.75833333,,229.8010417,0.0,0.0,89.26145833,974.315625,,2023,12,Dec,11,Monday,0,Winter,0.7673988706579298,5.4875,4.708946770660404,,7,True,True,350.1,193.7,55.6,8.6,10.8,67.1,42.7,350.1,PM2.5,Very Poor
2023-12-12,247.15625,303.0833333,7.448611111,54.68472222,34.98796296,39.45555556,9.318518519,1.444791667,48.13541667,0.664583333,1.7875,0.026041667,,,,14.528125,71.69479167,,60.3625,0.0,0.0,72.15625,974.490625,,2023,12,Dec,12,Tuesday,0,Winter,0.8154729173291695,2.478125,2.6896551737628362,,7,True,True,397.8,253.6,69.0,9.9,11.6,72.8,48.1,397.8,PM2.5,Very Poor
2023-12-13,253.4791667,323.1597222,37.95520833,52.26979167,58.73125,36.003125,8.706597222,1.560069444,43.96875,0.79375,3.046875,0.036458333,,,,14.659375,68.221875,,164.1770833,0.0,0.0,79.890625,974.6083333,,2023,12,Dec,13,Wednesday,0,Winter,0.7843773505385196,3.8770833330000003,3.8385826771653546,,7,True,True,402.4,273.4,66.0,9.0,10.9,78.4,44.0,402.4,PM2.5,Severe
2023-12-14,186.4375,275.78125,32.34479167,47.79895833,51.79166667,29.77916667,11.51180556,1.299652778,33.66215278,0.383333333,2.33125,0.007291667,,,,14.63854167,64.23020833,,254.5572917,0.0,0.0,90.78125,974.6822917,,2023,12,Dec,14,Thursday,0,Winter,0.6760339943342776,2.721875,6.081521744418714,,7,True,True,351.6,226.5,60.6,7.4,14.4,65.7,33.7,351.6,PM2.5,Very Poor
2023-12-15,212.2291667,304.5520833,51.82604167,50.63854167,69.16875,33.828125,9.664583333,1.510069444,36.06006944,0.0,0.0,0.0,,,,14.75416667,64.9875,,167.9395833,0.0,0.0,89.98333333,974.4677083,,2023,12,Dec,15,Friday,0,Winter,0.6968567228316839,0.0,,,7,True,True,371.2,255.0,64.0,8.5,12.1,76.0,36.1,371.2,PM2.5,Very Poor
2023-12-16,253.96875,381.3958333,69.73229167,55.77395833,86.42743056,33.21458333,15.15208333,1.668055556,33.24375,0.0,0.0,0.0,,,,14.59791667,65.784375,,200.7302083,0.0,0.0,83.05416667,974.5,,2023,12,Dec,16,Saturday,1,Winter,0.6658928279382438,0.0,,,7,True,True,402.6,339.9,70.3,8.3,18.9,83.7,33.2,402.6,PM2.5,Severe
2023-12-17,224.0625,299.4583333,53.953125,48.33854167,69.64444444,36.78645833,9.895138889,1.545486111,40.603125,0.0,0.0,0.0,,,,14.63645833,69.08020833,,166.9854167,0.0,0.0,80.16354167,974.5760417,,2023,12,Dec,17,Sunday,1,Winter,0.7482259636285767,0.0,,,7,True,True,380.2,250.0,61.2,9.2,12.4,77.7,40.6,380.2,PM2.5,Very Poor
2023-12-18,141.6527778,194.0,4.233333333,37.15694444,23.20416667,39.57395833,7.505902778,1.043055556,36.35555556,0.0,0.0,0.0,,,,14.30416667,67.15208333,,251.2854167,0.0,0.0,85.840625,974.5177083,,2023,12,Dec,18,Monday,0,Winter,0.7301689577319588,0.0,,,7,True,True,317.5,163.0,46.4,9.9,9.4,53.1,36.4,317.5,PM2.5,Very Poor
2023-12-19,139.9583333,202.625,7.444791667,40.81631944,27.7375,36.57708333,7.757291667,1.106597222,38.10416667,0.0,0.0,0.0,,,,14.46458333,60.97708333,,244.9864583,0.0,0.0,90.865625,974.5239583,,2023,12,Dec,19,Tuesday,0,Winter,0.6907258892041949,0.0,,,7,True,True,316.2,168.7,52.0,9.1,9.7,56.2,38.1,316.2,PM2.5,Very Poor
2023-12-20,174.7708333,260.3333333,14.75555556,47.38541667,37.21458333,38.58854167,9.211805556,1.23125,32.20902778,2.275,27.01111111,2.108333333,,,,14.25104167,65.309375,,244.8229167,0.0,0.0,76.371875,974.5020833,,2023,12,Dec,20,Wednesday,0,Winter,0.6713348271026037,31.394444443,11.873015872527473,,7,True,True,342.7,211.2,60.0,9.6,11.5,62.3,32.2,342.7,PM2.5,Very Poor
2023-12-21,258.6840278,350.3854167,46.79375,49.48333333,64.94270833,44.02083333,10.70208333,1.532291667,30.00729167,3.304166667,20.07604167,2.151041667,,,,14.31875,71.70729167,,195.828125,0.0,0.0,75.61666667,974.5322917,,2023,12,Dec,21,Thursday,0,Winter,0.7382842306518861,25.531250004,6.075977301783003,,7,True,True,404.4,301.5,62.6,11.0,13.4,77.1,30.0,404.4,PM2.5,Severe
2023-12-22,318.1875,392.25,36.28958333,44.93958333,53.47395833,50.60208333,8.230555556,1.429861111,36.05416667,4.155208333,19.70833333,2.432291667,,,,14.19583333,73.44791667,,126.51875,0.0,0.0,68.78541667,974.515625,,2023,12,Dec,22,Friday,0,Winter,0.8111854684512428,26.29583333,4.743043368843764,,7,True,True,428.0,353.3,57.1,12.7,10.3,72.1,36.1,428.0,PM2.5,Severe
2023-12-23,300.9791667,376.3854167,12.515625,41.171875,32.1125,57.76041667,8.975,1.443055556,36.11458333,4.203125,12.77395833,1.967708333,,,,11.02291667,73.12395833,,83.61354167,0.0,0.0,60.82604167,974.43125,,2023,12,Dec,23,Saturday,1,Winter,0.7996568234201726,18.944791663,3.0391573721933085,,7,True,True,421.2,333.7,52.4,14.4,11.2,72.7,36.1,421.2,PM2.5,Severe
2023-12-24,250.25,298.7222222,32.15625,44.89027778,50.11145833,46.75416667,7.897222222,1.454166667,34.21770833,4.05,14.00625,1.602083333,,,,9.507291667,72.68125,,142.959375,0.0,0.0,71.58854167,974.4135417,,2023,12,Dec,24,Sunday,1,Winter,0.8377347964171646,19.658333332999998,3.4583333333333335,,7,True,True,401.1,249.2,57.0,11.7,9.9,73.3,34.2,401.1,PM2.5,Severe
2023-12-25,197.6354167,246.9409722,12.88541667,42.00520833,32.89166667,42.459375,7.397569444,1.282638889,29.39891304,2.705208333,21.71770833,1.228125,,,,9.179166667,74.73541667,,253.240625,0.0,0.0,76.23854167,974.3697917,,2023,12,Dec,25,Monday,0,Winter,0.8003346505817313,25.651041663,8.028109356707354,,7,True,True,360.1,198.0,53.5,10.6,9.2,64.8,29.4,360.1,PM2.5,Very Poor
2023-12-26,216.40625,267.2222222,31.24895833,41.77326389,47.7375,44.10729167,7.801041667,1.46875,18.34791667,3.395833333,24.21041667,1.998958333,,,,8.726041667,79.38125,,215.0395833,0.0,0.0,56.80729167,974.3791667,,2023,12,Dec,26,Tuesday,0,Winter,0.8098362786536247,29.605208336,7.129447854442154,,7,True,True,374.4,218.0,53.2,11.0,9.8,74.0,18.3,374.4,PM2.5,Very Poor
2023-12-27,197.8715278,223.125,6.1,38.840625,25.628125,51.015625,5.308680556,1.615625,9.964583333,3.995833333,20.853125,1.114583333,,,,8.271875,84.8625,,194.0479167,0.0,0.0,35.68541667,974.3614583,,2023,12,Dec,27,Wednesday,0,Winter,0.8868191722128851,25.963541665999998,5.218717414408235,,7,True,True,360.3,182.3,48.6,12.8,6.6,81.2,10.0,360.3,PM2.5,Very Poor
2023-12-28,133.78125,170.4895833,2.846875,24.08958333,15.13333333,47.453125,5.130555556,1.235763889,17.50416667,2.397916667,13.09270833,0.634375,,,,8.273958333,81.50729167,,193.5614583,0.0,0.0,44.15625,974.1802083,,2023,12,Dec,28,Thursday,0,Winter,0.7846887030311606,16.124999997,5.460034750240134,,7,True,True,311.5,147.5,30.1,11.9,6.4,62.6,17.5,311.5,PM2.5,Very Poor
2023-12-29,207.1666667,271.75,4.458333333,41.803125,25.87291667,46.45,7.014930556,1.639930556,18.278125,4.14375,13.61354167,1.440625,,,,8.215625,85.27395833,,93.72708333,0.0,0.0,32.03333333,973.9864583,,2023,12,Dec,29,Friday,0,Winter,0.7623428397424103,19.19791667,3.2853192567119156,,7,True,True,367.4,222.5,53.2,11.6,8.8,82.4,18.3,367.4,PM2.5,Very Poor
2023-12-30,180.7916667,240.9583333,2.661458333,32.28125,19.34270833,38.88645833,6.905902778,1.446527778,24.79895833,3.9125,13.73645833,1.261458333,,,,8.261458333,81.33541667,,107.29375,0.0,0.0,29.584375,973.8677083,,2023,12,Dec,30,Saturday,1,Winter,0.7503026113436352,18.910416663,3.5109158670926517,,7,True,True,347.3,194.0,40.4,9.7,8.6,72.9,24.8,347.3,PM2.5,Very Poor
2023-12-31,149.3993056,200.0625,2.550694444,27.54375,16.740625,31.83819444,6.118402778,1.245486111,24.32604167,3.197222222,6.533333333,0.594791667,,,,8.2,78.74826389,,75.87083333,0.0,0.0,21.41597222,973.8,,2023,12,Dec,31,Sunday,1,Winter,0.7467631645110903,10.325347222000001,2.0434404865712206,,7,True,True,323.4,167.0,34.4,8.0,7.6,63.0,24.3,323.4,PM2.5,Very Poor
